Country Name,Country ISO3,Year,Indicator Name,Indicator Code,Value
#country+name,#country+code,#date+year,#indicator+name,#indicator+code,#indicator+value+num
Comoros,COM,2012,Proportion of women subjected to physical and/or sexual violence in the last 12 months (% of ever-partnered women ages 15-49),SG.VAW.1549.ZS,4.9
Comoros,COM,2012,Women who believe a husband is justified in beating his wife when she argues with him (%),SG.VAW.ARGU.ZS,15.7
Comoros,COM,2012,Women who believe a husband is justified in beating his wife when she burns the food (%),SG.VAW.BURN.ZS,12.7
Comoros,COM,2012,Women who believe a husband is justified in beating his wife when she goes out without telling him (%),SG.VAW.GOES.ZS,28.4
Comoros,COM,2012,Women who believe a husband is justified in beating his wife when she neglects the children (%),SG.VAW.NEGL.ZS,29.7
Comoros,COM,2012,Women who believe a husband is justified in beating his wife (any of five reasons) (%),SG.VAW.REAS.ZS,39
Comoros,COM,2012,Women who believe a husband is justified in beating his wife when she refuses sex with him (%),SG.VAW.REFU.ZS,20
Comoros,COM,2020,"Total alcohol consumption per capita, female (liters of pure alcohol, projected estimates, female 15+ years of age)",SH.ALC.PCAP.FE.LI,0.05
Comoros,COM,2019,"Total alcohol consumption per capita, female (liters of pure alcohol, projected estimates, female 15+ years of age)",SH.ALC.PCAP.FE.LI,0.057
Comoros,COM,2018,"Total alcohol consumption per capita, female (liters of pure alcohol, projected estimates, female 15+ years of age)",SH.ALC.PCAP.FE.LI,0.057
Comoros,COM,2017,"Total alcohol consumption per capita, female (liters of pure alcohol, projected estimates, female 15+ years of age)",SH.ALC.PCAP.FE.LI,0.056
Comoros,COM,2016,"Total alcohol consumption per capita, female (liters of pure alcohol, projected estimates, female 15+ years of age)",SH.ALC.PCAP.FE.LI,0.052
Comoros,COM,2015,"Total alcohol consumption per capita, female (liters of pure alcohol, projected estimates, female 15+ years of age)",SH.ALC.PCAP.FE.LI,0.046
Comoros,COM,2014,"Total alcohol consumption per capita, female (liters of pure alcohol, projected estimates, female 15+ years of age)",SH.ALC.PCAP.FE.LI,0.049
Comoros,COM,2013,"Total alcohol consumption per capita, female (liters of pure alcohol, projected estimates, female 15+ years of age)",SH.ALC.PCAP.FE.LI,0.05
Comoros,COM,2012,"Total alcohol consumption per capita, female (liters of pure alcohol, projected estimates, female 15+ years of age)",SH.ALC.PCAP.FE.LI,0.048
Comoros,COM,2011,"Total alcohol consumption per capita, female (liters of pure alcohol, projected estimates, female 15+ years of age)",SH.ALC.PCAP.FE.LI,0.042
Comoros,COM,2010,"Total alcohol consumption per capita, female (liters of pure alcohol, projected estimates, female 15+ years of age)",SH.ALC.PCAP.FE.LI,0.045
Comoros,COM,2009,"Total alcohol consumption per capita, female (liters of pure alcohol, projected estimates, female 15+ years of age)",SH.ALC.PCAP.FE.LI,0.047
Comoros,COM,2008,"Total alcohol consumption per capita, female (liters of pure alcohol, projected estimates, female 15+ years of age)",SH.ALC.PCAP.FE.LI,0.05
Comoros,COM,2007,"Total alcohol consumption per capita, female (liters of pure alcohol, projected estimates, female 15+ years of age)",SH.ALC.PCAP.FE.LI,0.059
Comoros,COM,2006,"Total alcohol consumption per capita, female (liters of pure alcohol, projected estimates, female 15+ years of age)",SH.ALC.PCAP.FE.LI,0.079
Comoros,COM,2005,"Total alcohol consumption per capita, female (liters of pure alcohol, projected estimates, female 15+ years of age)",SH.ALC.PCAP.FE.LI,0.1
Comoros,COM,2004,"Total alcohol consumption per capita, female (liters of pure alcohol, projected estimates, female 15+ years of age)",SH.ALC.PCAP.FE.LI,0.11
Comoros,COM,2003,"Total alcohol consumption per capita, female (liters of pure alcohol, projected estimates, female 15+ years of age)",SH.ALC.PCAP.FE.LI,0.089
Comoros,COM,2002,"Total alcohol consumption per capita, female (liters of pure alcohol, projected estimates, female 15+ years of age)",SH.ALC.PCAP.FE.LI,0.063
Comoros,COM,2001,"Total alcohol consumption per capita, female (liters of pure alcohol, projected estimates, female 15+ years of age)",SH.ALC.PCAP.FE.LI,0.037
Comoros,COM,2000,"Total alcohol consumption per capita, female (liters of pure alcohol, projected estimates, female 15+ years of age)",SH.ALC.PCAP.FE.LI,0.037
Comoros,COM,2020,"Total alcohol consumption per capita (liters of pure alcohol, projected estimates, 15+ years of age)",SH.ALC.PCAP.LI,0.23
Comoros,COM,2019,"Total alcohol consumption per capita (liters of pure alcohol, projected estimates, 15+ years of age)",SH.ALC.PCAP.LI,0.25
Comoros,COM,2018,"Total alcohol consumption per capita (liters of pure alcohol, projected estimates, 15+ years of age)",SH.ALC.PCAP.LI,0.25
Comoros,COM,2017,"Total alcohol consumption per capita (liters of pure alcohol, projected estimates, 15+ years of age)",SH.ALC.PCAP.LI,0.25
Comoros,COM,2016,"Total alcohol consumption per capita (liters of pure alcohol, projected estimates, 15+ years of age)",SH.ALC.PCAP.LI,0.23
Comoros,COM,2015,"Total alcohol consumption per capita (liters of pure alcohol, projected estimates, 15+ years of age)",SH.ALC.PCAP.LI,0.2
Comoros,COM,2014,"Total alcohol consumption per capita (liters of pure alcohol, projected estimates, 15+ years of age)",SH.ALC.PCAP.LI,0.22
Comoros,COM,2013,"Total alcohol consumption per capita (liters of pure alcohol, projected estimates, 15+ years of age)",SH.ALC.PCAP.LI,0.22
Comoros,COM,2012,"Total alcohol consumption per capita (liters of pure alcohol, projected estimates, 15+ years of age)",SH.ALC.PCAP.LI,0.21
Comoros,COM,2011,"Total alcohol consumption per capita (liters of pure alcohol, projected estimates, 15+ years of age)",SH.ALC.PCAP.LI,0.18
Comoros,COM,2010,"Total alcohol consumption per capita (liters of pure alcohol, projected estimates, 15+ years of age)",SH.ALC.PCAP.LI,0.2
Comoros,COM,2009,"Total alcohol consumption per capita (liters of pure alcohol, projected estimates, 15+ years of age)",SH.ALC.PCAP.LI,0.2
Comoros,COM,2008,"Total alcohol consumption per capita (liters of pure alcohol, projected estimates, 15+ years of age)",SH.ALC.PCAP.LI,0.21
Comoros,COM,2007,"Total alcohol consumption per capita (liters of pure alcohol, projected estimates, 15+ years of age)",SH.ALC.PCAP.LI,0.25
Comoros,COM,2006,"Total alcohol consumption per capita (liters of pure alcohol, projected estimates, 15+ years of age)",SH.ALC.PCAP.LI,0.34
Comoros,COM,2005,"Total alcohol consumption per capita (liters of pure alcohol, projected estimates, 15+ years of age)",SH.ALC.PCAP.LI,0.43
Comoros,COM,2004,"Total alcohol consumption per capita (liters of pure alcohol, projected estimates, 15+ years of age)",SH.ALC.PCAP.LI,0.47
Comoros,COM,2003,"Total alcohol consumption per capita (liters of pure alcohol, projected estimates, 15+ years of age)",SH.ALC.PCAP.LI,0.38
Comoros,COM,2002,"Total alcohol consumption per capita (liters of pure alcohol, projected estimates, 15+ years of age)",SH.ALC.PCAP.LI,0.27
Comoros,COM,2001,"Total alcohol consumption per capita (liters of pure alcohol, projected estimates, 15+ years of age)",SH.ALC.PCAP.LI,0.16
Comoros,COM,2000,"Total alcohol consumption per capita (liters of pure alcohol, projected estimates, 15+ years of age)",SH.ALC.PCAP.LI,0.16
Comoros,COM,2020,"Total alcohol consumption per capita, male (liters of pure alcohol, projected estimates, male 15+ years of age)",SH.ALC.PCAP.MA.LI,0.4
Comoros,COM,2019,"Total alcohol consumption per capita, male (liters of pure alcohol, projected estimates, male 15+ years of age)",SH.ALC.PCAP.MA.LI,0.45
Comoros,COM,2018,"Total alcohol consumption per capita, male (liters of pure alcohol, projected estimates, male 15+ years of age)",SH.ALC.PCAP.MA.LI,0.45
Comoros,COM,2017,"Total alcohol consumption per capita, male (liters of pure alcohol, projected estimates, male 15+ years of age)",SH.ALC.PCAP.MA.LI,0.45
Comoros,COM,2016,"Total alcohol consumption per capita, male (liters of pure alcohol, projected estimates, male 15+ years of age)",SH.ALC.PCAP.MA.LI,0.41
Comoros,COM,2015,"Total alcohol consumption per capita, male (liters of pure alcohol, projected estimates, male 15+ years of age)",SH.ALC.PCAP.MA.LI,0.36
Comoros,COM,2014,"Total alcohol consumption per capita, male (liters of pure alcohol, projected estimates, male 15+ years of age)",SH.ALC.PCAP.MA.LI,0.39
Comoros,COM,2013,"Total alcohol consumption per capita, male (liters of pure alcohol, projected estimates, male 15+ years of age)",SH.ALC.PCAP.MA.LI,0.39
Comoros,COM,2012,"Total alcohol consumption per capita, male (liters of pure alcohol, projected estimates, male 15+ years of age)",SH.ALC.PCAP.MA.LI,0.38
Comoros,COM,2011,"Total alcohol consumption per capita, male (liters of pure alcohol, projected estimates, male 15+ years of age)",SH.ALC.PCAP.MA.LI,0.32
Comoros,COM,2010,"Total alcohol consumption per capita, male (liters of pure alcohol, projected estimates, male 15+ years of age)",SH.ALC.PCAP.MA.LI,0.35
Comoros,COM,2009,"Total alcohol consumption per capita, male (liters of pure alcohol, projected estimates, male 15+ years of age)",SH.ALC.PCAP.MA.LI,0.37
Comoros,COM,2008,"Total alcohol consumption per capita, male (liters of pure alcohol, projected estimates, male 15+ years of age)",SH.ALC.PCAP.MA.LI,0.39
Comoros,COM,2007,"Total alcohol consumption per capita, male (liters of pure alcohol, projected estimates, male 15+ years of age)",SH.ALC.PCAP.MA.LI,0.46
Comoros,COM,2006,"Total alcohol consumption per capita, male (liters of pure alcohol, projected estimates, male 15+ years of age)",SH.ALC.PCAP.MA.LI,0.61
Comoros,COM,2005,"Total alcohol consumption per capita, male (liters of pure alcohol, projected estimates, male 15+ years of age)",SH.ALC.PCAP.MA.LI,0.78
Comoros,COM,2004,"Total alcohol consumption per capita, male (liters of pure alcohol, projected estimates, male 15+ years of age)",SH.ALC.PCAP.MA.LI,0.86
Comoros,COM,2003,"Total alcohol consumption per capita, male (liters of pure alcohol, projected estimates, male 15+ years of age)",SH.ALC.PCAP.MA.LI,0.69
Comoros,COM,2002,"Total alcohol consumption per capita, male (liters of pure alcohol, projected estimates, male 15+ years of age)",SH.ALC.PCAP.MA.LI,0.49
Comoros,COM,2001,"Total alcohol consumption per capita, male (liters of pure alcohol, projected estimates, male 15+ years of age)",SH.ALC.PCAP.MA.LI,0.28
Comoros,COM,2000,"Total alcohol consumption per capita, male (liters of pure alcohol, projected estimates, male 15+ years of age)",SH.ALC.PCAP.MA.LI,0.28
Comoros,COM,2023,Prevalence of anemia among women of reproductive age (% of women ages 15-49),SH.ANM.ALLW.ZS,29.9
Comoros,COM,2022,Prevalence of anemia among women of reproductive age (% of women ages 15-49),SH.ANM.ALLW.ZS,29.3
Comoros,COM,2021,Prevalence of anemia among women of reproductive age (% of women ages 15-49),SH.ANM.ALLW.ZS,28.6
Comoros,COM,2020,Prevalence of anemia among women of reproductive age (% of women ages 15-49),SH.ANM.ALLW.ZS,28.1
Comoros,COM,2019,Prevalence of anemia among women of reproductive age (% of women ages 15-49),SH.ANM.ALLW.ZS,27.8
Comoros,COM,2018,Prevalence of anemia among women of reproductive age (% of women ages 15-49),SH.ANM.ALLW.ZS,27.5
Comoros,COM,2017,Prevalence of anemia among women of reproductive age (% of women ages 15-49),SH.ANM.ALLW.ZS,27.2
Comoros,COM,2016,Prevalence of anemia among women of reproductive age (% of women ages 15-49),SH.ANM.ALLW.ZS,27
Comoros,COM,2015,Prevalence of anemia among women of reproductive age (% of women ages 15-49),SH.ANM.ALLW.ZS,26.6
Comoros,COM,2014,Prevalence of anemia among women of reproductive age (% of women ages 15-49),SH.ANM.ALLW.ZS,26.4
Comoros,COM,2013,Prevalence of anemia among women of reproductive age (% of women ages 15-49),SH.ANM.ALLW.ZS,26.3
Comoros,COM,2012,Prevalence of anemia among women of reproductive age (% of women ages 15-49),SH.ANM.ALLW.ZS,26.3
Comoros,COM,2011,Prevalence of anemia among women of reproductive age (% of women ages 15-49),SH.ANM.ALLW.ZS,26.3
Comoros,COM,2010,Prevalence of anemia among women of reproductive age (% of women ages 15-49),SH.ANM.ALLW.ZS,26.6
Comoros,COM,2009,Prevalence of anemia among women of reproductive age (% of women ages 15-49),SH.ANM.ALLW.ZS,26.9
Comoros,COM,2008,Prevalence of anemia among women of reproductive age (% of women ages 15-49),SH.ANM.ALLW.ZS,27.3
Comoros,COM,2007,Prevalence of anemia among women of reproductive age (% of women ages 15-49),SH.ANM.ALLW.ZS,27.8
Comoros,COM,2006,Prevalence of anemia among women of reproductive age (% of women ages 15-49),SH.ANM.ALLW.ZS,28.3
Comoros,COM,2005,Prevalence of anemia among women of reproductive age (% of women ages 15-49),SH.ANM.ALLW.ZS,28.9
Comoros,COM,2004,Prevalence of anemia among women of reproductive age (% of women ages 15-49),SH.ANM.ALLW.ZS,29.6
Comoros,COM,2003,Prevalence of anemia among women of reproductive age (% of women ages 15-49),SH.ANM.ALLW.ZS,30.2
Comoros,COM,2002,Prevalence of anemia among women of reproductive age (% of women ages 15-49),SH.ANM.ALLW.ZS,30.9
Comoros,COM,2001,Prevalence of anemia among women of reproductive age (% of women ages 15-49),SH.ANM.ALLW.ZS,31.7
Comoros,COM,2000,Prevalence of anemia among women of reproductive age (% of women ages 15-49),SH.ANM.ALLW.ZS,32.5
Comoros,COM,2019,Prevalence of anemia among children (% of children ages 6-59 months),SH.ANM.CHLD.ZS,53.9
Comoros,COM,2018,Prevalence of anemia among children (% of children ages 6-59 months),SH.ANM.CHLD.ZS,53.9
Comoros,COM,2017,Prevalence of anemia among children (% of children ages 6-59 months),SH.ANM.CHLD.ZS,53.9
Comoros,COM,2016,Prevalence of anemia among children (% of children ages 6-59 months),SH.ANM.CHLD.ZS,53.9
Comoros,COM,2015,Prevalence of anemia among children (% of children ages 6-59 months),SH.ANM.CHLD.ZS,53.8
Comoros,COM,2014,Prevalence of anemia among children (% of children ages 6-59 months),SH.ANM.CHLD.ZS,53.8
Comoros,COM,2013,Prevalence of anemia among children (% of children ages 6-59 months),SH.ANM.CHLD.ZS,53.9
Comoros,COM,2012,Prevalence of anemia among children (% of children ages 6-59 months),SH.ANM.CHLD.ZS,54.1
Comoros,COM,2011,Prevalence of anemia among children (% of children ages 6-59 months),SH.ANM.CHLD.ZS,54.4
Comoros,COM,2010,Prevalence of anemia among children (% of children ages 6-59 months),SH.ANM.CHLD.ZS,55
Comoros,COM,2009,Prevalence of anemia among children (% of children ages 6-59 months),SH.ANM.CHLD.ZS,55.5
Comoros,COM,2008,Prevalence of anemia among children (% of children ages 6-59 months),SH.ANM.CHLD.ZS,56.2
Comoros,COM,2007,Prevalence of anemia among children (% of children ages 6-59 months),SH.ANM.CHLD.ZS,56.8
Comoros,COM,2006,Prevalence of anemia among children (% of children ages 6-59 months),SH.ANM.CHLD.ZS,57.5
Comoros,COM,2005,Prevalence of anemia among children (% of children ages 6-59 months),SH.ANM.CHLD.ZS,58.2
Comoros,COM,2004,Prevalence of anemia among children (% of children ages 6-59 months),SH.ANM.CHLD.ZS,58.8
Comoros,COM,2003,Prevalence of anemia among children (% of children ages 6-59 months),SH.ANM.CHLD.ZS,59.4
Comoros,COM,2002,Prevalence of anemia among children (% of children ages 6-59 months),SH.ANM.CHLD.ZS,59.9
Comoros,COM,2001,Prevalence of anemia among children (% of children ages 6-59 months),SH.ANM.CHLD.ZS,60.5
Comoros,COM,2000,Prevalence of anemia among children (% of children ages 6-59 months),SH.ANM.CHLD.ZS,61.3
Comoros,COM,2023,Prevalence of anemia among non-pregnant women (% of women ages 15-49),SH.ANM.NPRG.ZS,29.4
Comoros,COM,2022,Prevalence of anemia among non-pregnant women (% of women ages 15-49),SH.ANM.NPRG.ZS,28.8
Comoros,COM,2021,Prevalence of anemia among non-pregnant women (% of women ages 15-49),SH.ANM.NPRG.ZS,28.1
Comoros,COM,2020,Prevalence of anemia among non-pregnant women (% of women ages 15-49),SH.ANM.NPRG.ZS,27.6
Comoros,COM,2019,Prevalence of anemia among non-pregnant women (% of women ages 15-49),SH.ANM.NPRG.ZS,27.1
Comoros,COM,2018,Prevalence of anemia among non-pregnant women (% of women ages 15-49),SH.ANM.NPRG.ZS,26.8
Comoros,COM,2017,Prevalence of anemia among non-pregnant women (% of women ages 15-49),SH.ANM.NPRG.ZS,26.5
Comoros,COM,2016,Prevalence of anemia among non-pregnant women (% of women ages 15-49),SH.ANM.NPRG.ZS,26.3
Comoros,COM,2015,Prevalence of anemia among non-pregnant women (% of women ages 15-49),SH.ANM.NPRG.ZS,25.9
Comoros,COM,2014,Prevalence of anemia among non-pregnant women (% of women ages 15-49),SH.ANM.NPRG.ZS,25.6
Comoros,COM,2013,Prevalence of anemia among non-pregnant women (% of women ages 15-49),SH.ANM.NPRG.ZS,25.5
Comoros,COM,2012,Prevalence of anemia among non-pregnant women (% of women ages 15-49),SH.ANM.NPRG.ZS,25.4
Comoros,COM,2011,Prevalence of anemia among non-pregnant women (% of women ages 15-49),SH.ANM.NPRG.ZS,25.5
Comoros,COM,2010,Prevalence of anemia among non-pregnant women (% of women ages 15-49),SH.ANM.NPRG.ZS,25.7
Comoros,COM,2009,Prevalence of anemia among non-pregnant women (% of women ages 15-49),SH.ANM.NPRG.ZS,26
Comoros,COM,2008,Prevalence of anemia among non-pregnant women (% of women ages 15-49),SH.ANM.NPRG.ZS,26.4
Comoros,COM,2007,Prevalence of anemia among non-pregnant women (% of women ages 15-49),SH.ANM.NPRG.ZS,26.9
Comoros,COM,2006,Prevalence of anemia among non-pregnant women (% of women ages 15-49),SH.ANM.NPRG.ZS,27.4
Comoros,COM,2005,Prevalence of anemia among non-pregnant women (% of women ages 15-49),SH.ANM.NPRG.ZS,28
Comoros,COM,2004,Prevalence of anemia among non-pregnant women (% of women ages 15-49),SH.ANM.NPRG.ZS,28.6
Comoros,COM,2003,Prevalence of anemia among non-pregnant women (% of women ages 15-49),SH.ANM.NPRG.ZS,29.3
Comoros,COM,2002,Prevalence of anemia among non-pregnant women (% of women ages 15-49),SH.ANM.NPRG.ZS,30
Comoros,COM,2001,Prevalence of anemia among non-pregnant women (% of women ages 15-49),SH.ANM.NPRG.ZS,30.7
Comoros,COM,2000,Prevalence of anemia among non-pregnant women (% of women ages 15-49),SH.ANM.NPRG.ZS,31.6
Comoros,COM,2012,"Condom use, population ages 15-24, female (% of females ages 15-24)",SH.CON.1524.FE.ZS,11.3
Comoros,COM,2012,"Condom use, population ages 15-24, male (% of males ages 15-24)",SH.CON.1524.MA.ZS,54
Comoros,COM,2019,"Cause of death, by communicable diseases and maternal, prenatal and nutrition conditions (% of total)",SH.DTH.COMM.ZS,44.0713381221766
Comoros,COM,2015,"Cause of death, by communicable diseases and maternal, prenatal and nutrition conditions (% of total)",SH.DTH.COMM.ZS,46.7576842317674
Comoros,COM,2010,"Cause of death, by communicable diseases and maternal, prenatal and nutrition conditions (% of total)",SH.DTH.COMM.ZS,51.642027749975
Comoros,COM,2000,"Cause of death, by communicable diseases and maternal, prenatal and nutrition conditions (% of total)",SH.DTH.COMM.ZS,55.6235733396001
Comoros,COM,2023,Number of infant deaths,SH.DTH.IMRT,861
Comoros,COM,2022,Number of infant deaths,SH.DTH.IMRT,884
Comoros,COM,2021,Number of infant deaths,SH.DTH.IMRT,905
Comoros,COM,2020,Number of infant deaths,SH.DTH.IMRT,923
Comoros,COM,2019,Number of infant deaths,SH.DTH.IMRT,938
Comoros,COM,2018,Number of infant deaths,SH.DTH.IMRT,951
Comoros,COM,2017,Number of infant deaths,SH.DTH.IMRT,967
Comoros,COM,2016,Number of infant deaths,SH.DTH.IMRT,986
Comoros,COM,2015,Number of infant deaths,SH.DTH.IMRT,1002
Comoros,COM,2014,Number of infant deaths,SH.DTH.IMRT,1013
Comoros,COM,2013,Number of infant deaths,SH.DTH.IMRT,1024
Comoros,COM,2012,Number of infant deaths,SH.DTH.IMRT,1034
Comoros,COM,2011,Number of infant deaths,SH.DTH.IMRT,1039
Comoros,COM,2010,Number of infant deaths,SH.DTH.IMRT,1040
Comoros,COM,2009,Number of infant deaths,SH.DTH.IMRT,1042
Comoros,COM,2008,Number of infant deaths,SH.DTH.IMRT,1048
Comoros,COM,2007,Number of infant deaths,SH.DTH.IMRT,1061
Comoros,COM,2006,Number of infant deaths,SH.DTH.IMRT,1079
Comoros,COM,2005,Number of infant deaths,SH.DTH.IMRT,1092
Comoros,COM,2004,Number of infant deaths,SH.DTH.IMRT,1107
Comoros,COM,2003,Number of infant deaths,SH.DTH.IMRT,1131
Comoros,COM,2002,Number of infant deaths,SH.DTH.IMRT,1157
Comoros,COM,2001,Number of infant deaths,SH.DTH.IMRT,1183
Comoros,COM,2000,Number of infant deaths,SH.DTH.IMRT,1210
Comoros,COM,1999,Number of infant deaths,SH.DTH.IMRT,1247
Comoros,COM,1998,Number of infant deaths,SH.DTH.IMRT,1298
Comoros,COM,1997,Number of infant deaths,SH.DTH.IMRT,1353
Comoros,COM,1996,Number of infant deaths,SH.DTH.IMRT,1406
Comoros,COM,1995,Number of infant deaths,SH.DTH.IMRT,1464
Comoros,COM,1994,Number of infant deaths,SH.DTH.IMRT,1533
Comoros,COM,1993,Number of infant deaths,SH.DTH.IMRT,1612
Comoros,COM,1992,Number of infant deaths,SH.DTH.IMRT,1681
Comoros,COM,1991,Number of infant deaths,SH.DTH.IMRT,1733
Comoros,COM,1990,Number of infant deaths,SH.DTH.IMRT,1779
Comoros,COM,1989,Number of infant deaths,SH.DTH.IMRT,1816
Comoros,COM,1988,Number of infant deaths,SH.DTH.IMRT,1848
Comoros,COM,1987,Number of infant deaths,SH.DTH.IMRT,1877
Comoros,COM,1986,Number of infant deaths,SH.DTH.IMRT,1897
Comoros,COM,1985,Number of infant deaths,SH.DTH.IMRT,1913
Comoros,COM,1984,Number of infant deaths,SH.DTH.IMRT,1925
Comoros,COM,1983,Number of infant deaths,SH.DTH.IMRT,1933
Comoros,COM,1982,Number of infant deaths,SH.DTH.IMRT,1939
Comoros,COM,1981,Number of infant deaths,SH.DTH.IMRT,1938
Comoros,COM,1980,Number of infant deaths,SH.DTH.IMRT,1930
Comoros,COM,1979,Number of infant deaths,SH.DTH.IMRT,1916
Comoros,COM,1978,Number of infant deaths,SH.DTH.IMRT,1896
Comoros,COM,1977,Number of infant deaths,SH.DTH.IMRT,1874
Comoros,COM,1976,Number of infant deaths,SH.DTH.IMRT,1853
Comoros,COM,1975,Number of infant deaths,SH.DTH.IMRT,1831
Comoros,COM,1974,Number of infant deaths,SH.DTH.IMRT,1809
Comoros,COM,2019,"Cause of death, by injury (% of total)",SH.DTH.INJR.ZS,11.2467830416715
Comoros,COM,2015,"Cause of death, by injury (% of total)",SH.DTH.INJR.ZS,10.7729774645326
Comoros,COM,2010,"Cause of death, by injury (% of total)",SH.DTH.INJR.ZS,10.2213891847716
Comoros,COM,2000,"Cause of death, by injury (% of total)",SH.DTH.INJR.ZS,9.04588890150833
Comoros,COM,2023,Number of under-five deaths,SH.DTH.MORT,961
Comoros,COM,2022,Number of under-five deaths,SH.DTH.MORT,988
Comoros,COM,2021,Number of under-five deaths,SH.DTH.MORT,1014
Comoros,COM,2020,Number of under-five deaths,SH.DTH.MORT,1037
Comoros,COM,2019,Number of under-five deaths,SH.DTH.MORT,1058
Comoros,COM,2018,Number of under-five deaths,SH.DTH.MORT,1078
Comoros,COM,2017,Number of under-five deaths,SH.DTH.MORT,1101
Comoros,COM,2016,Number of under-five deaths,SH.DTH.MORT,1125
Comoros,COM,2015,Number of under-five deaths,SH.DTH.MORT,1147
Comoros,COM,2014,Number of under-five deaths,SH.DTH.MORT,1163
Comoros,COM,2013,Number of under-five deaths,SH.DTH.MORT,1178
Comoros,COM,2012,Number of under-five deaths,SH.DTH.MORT,1193
Comoros,COM,2011,Number of under-five deaths,SH.DTH.MORT,1203
Comoros,COM,2010,Number of under-five deaths,SH.DTH.MORT,1209
Comoros,COM,2009,Number of under-five deaths,SH.DTH.MORT,1218
Comoros,COM,2008,Number of under-five deaths,SH.DTH.MORT,1232
Comoros,COM,2007,Number of under-five deaths,SH.DTH.MORT,1253
Comoros,COM,2006,Number of under-five deaths,SH.DTH.MORT,1279
Comoros,COM,2005,Number of under-five deaths,SH.DTH.MORT,1302
Comoros,COM,2004,Number of under-five deaths,SH.DTH.MORT,1327
Comoros,COM,2003,Number of under-five deaths,SH.DTH.MORT,1362
Comoros,COM,2002,Number of under-five deaths,SH.DTH.MORT,1402
Comoros,COM,2001,Number of under-five deaths,SH.DTH.MORT,1443
Comoros,COM,2000,Number of under-five deaths,SH.DTH.MORT,1487
Comoros,COM,1999,Number of under-five deaths,SH.DTH.MORT,1543
Comoros,COM,1998,Number of under-five deaths,SH.DTH.MORT,1614
Comoros,COM,1997,Number of under-five deaths,SH.DTH.MORT,1692
Comoros,COM,1996,Number of under-five deaths,SH.DTH.MORT,1770
Comoros,COM,1995,Number of under-five deaths,SH.DTH.MORT,1853
Comoros,COM,1994,Number of under-five deaths,SH.DTH.MORT,1948
Comoros,COM,1993,Number of under-five deaths,SH.DTH.MORT,2053
Comoros,COM,1992,Number of under-five deaths,SH.DTH.MORT,2146
Comoros,COM,1991,Number of under-five deaths,SH.DTH.MORT,2220
Comoros,COM,1990,Number of under-five deaths,SH.DTH.MORT,2287
Comoros,COM,1989,Number of under-five deaths,SH.DTH.MORT,2344
Comoros,COM,1988,Number of under-five deaths,SH.DTH.MORT,2394
Comoros,COM,1987,Number of under-five deaths,SH.DTH.MORT,2441
Comoros,COM,1986,Number of under-five deaths,SH.DTH.MORT,2479
Comoros,COM,1985,Number of under-five deaths,SH.DTH.MORT,2511
Comoros,COM,1984,Number of under-five deaths,SH.DTH.MORT,2539
Comoros,COM,1983,Number of under-five deaths,SH.DTH.MORT,2562
Comoros,COM,1982,Number of under-five deaths,SH.DTH.MORT,2582
Comoros,COM,1981,Number of under-five deaths,SH.DTH.MORT,2595
Comoros,COM,1980,Number of under-five deaths,SH.DTH.MORT,2599
Comoros,COM,1979,Number of under-five deaths,SH.DTH.MORT,2596
Comoros,COM,1978,Number of under-five deaths,SH.DTH.MORT,2588
Comoros,COM,2019,"Cause of death, by non-communicable diseases (% of total)",SH.DTH.NCOM.ZS,44.6818800906545
Comoros,COM,2015,"Cause of death, by non-communicable diseases (% of total)",SH.DTH.NCOM.ZS,42.4693391511457
Comoros,COM,2010,"Cause of death, by non-communicable diseases (% of total)",SH.DTH.NCOM.ZS,38.1365822132766
Comoros,COM,2000,"Cause of death, by non-communicable diseases (% of total)",SH.DTH.NCOM.ZS,35.3305380357828
Comoros,COM,2023,Number of neonatal deaths,SH.DTH.NMRT,549
Comoros,COM,2022,Number of neonatal deaths,SH.DTH.NMRT,558
Comoros,COM,2021,Number of neonatal deaths,SH.DTH.NMRT,567
Comoros,COM,2020,Number of neonatal deaths,SH.DTH.NMRT,576
Comoros,COM,2019,Number of neonatal deaths,SH.DTH.NMRT,584
Comoros,COM,2018,Number of neonatal deaths,SH.DTH.NMRT,592
Comoros,COM,2017,Number of neonatal deaths,SH.DTH.NMRT,599
Comoros,COM,2016,Number of neonatal deaths,SH.DTH.NMRT,612
Comoros,COM,2015,Number of neonatal deaths,SH.DTH.NMRT,623
Comoros,COM,2014,Number of neonatal deaths,SH.DTH.NMRT,630
Comoros,COM,2013,Number of neonatal deaths,SH.DTH.NMRT,638
Comoros,COM,2012,Number of neonatal deaths,SH.DTH.NMRT,645
Comoros,COM,2011,Number of neonatal deaths,SH.DTH.NMRT,649
Comoros,COM,2010,Number of neonatal deaths,SH.DTH.NMRT,648
Comoros,COM,2009,Number of neonatal deaths,SH.DTH.NMRT,644
Comoros,COM,2008,Number of neonatal deaths,SH.DTH.NMRT,639
Comoros,COM,2007,Number of neonatal deaths,SH.DTH.NMRT,639
Comoros,COM,2006,Number of neonatal deaths,SH.DTH.NMRT,641
Comoros,COM,2005,Number of neonatal deaths,SH.DTH.NMRT,642
Comoros,COM,2004,Number of neonatal deaths,SH.DTH.NMRT,639
Comoros,COM,2003,Number of neonatal deaths,SH.DTH.NMRT,641
Comoros,COM,2002,Number of neonatal deaths,SH.DTH.NMRT,645
Comoros,COM,2001,Number of neonatal deaths,SH.DTH.NMRT,651
Comoros,COM,2000,Number of neonatal deaths,SH.DTH.NMRT,657
Comoros,COM,1999,Number of neonatal deaths,SH.DTH.NMRT,664
Comoros,COM,1998,Number of neonatal deaths,SH.DTH.NMRT,682
Comoros,COM,1997,Number of neonatal deaths,SH.DTH.NMRT,704
Comoros,COM,1996,Number of neonatal deaths,SH.DTH.NMRT,731
Comoros,COM,1995,Number of neonatal deaths,SH.DTH.NMRT,757
Comoros,COM,1994,Number of neonatal deaths,SH.DTH.NMRT,787
Comoros,COM,1993,Number of neonatal deaths,SH.DTH.NMRT,830
Comoros,COM,1992,Number of neonatal deaths,SH.DTH.NMRT,876
Comoros,COM,1991,Number of neonatal deaths,SH.DTH.NMRT,914
Comoros,COM,1990,Number of neonatal deaths,SH.DTH.NMRT,949
Comoros,COM,1989,Number of neonatal deaths,SH.DTH.NMRT,983
Comoros,COM,1988,Number of neonatal deaths,SH.DTH.NMRT,1014
Comoros,COM,1987,Number of neonatal deaths,SH.DTH.NMRT,1045
Comoros,COM,1986,Number of neonatal deaths,SH.DTH.NMRT,1073
Comoros,COM,1985,Number of neonatal deaths,SH.DTH.NMRT,1098
Comoros,COM,1984,Number of neonatal deaths,SH.DTH.NMRT,1119
Comoros,COM,1983,Number of neonatal deaths,SH.DTH.NMRT,1135
Comoros,COM,1982,Number of neonatal deaths,SH.DTH.NMRT,1150
Comoros,COM,1981,Number of neonatal deaths,SH.DTH.NMRT,1156
Comoros,COM,1980,Number of neonatal deaths,SH.DTH.NMRT,1156
Comoros,COM,1979,Number of neonatal deaths,SH.DTH.NMRT,1151
Comoros,COM,1978,Number of neonatal deaths,SH.DTH.NMRT,1137
Comoros,COM,1977,Number of neonatal deaths,SH.DTH.NMRT,1115
Comoros,COM,1976,Number of neonatal deaths,SH.DTH.NMRT,1091
Comoros,COM,1975,Number of neonatal deaths,SH.DTH.NMRT,1058
Comoros,COM,1974,Number of neonatal deaths,SH.DTH.NMRT,1030
Comoros,COM,2022,Women's share of population ages 15+ living with HIV (%),SH.DYN.AIDS.FE.ZS,56.7567567567568
Comoros,COM,2021,Women's share of population ages 15+ living with HIV (%),SH.DYN.AIDS.FE.ZS,55.8558558558559
Comoros,COM,2020,Women's share of population ages 15+ living with HIV (%),SH.DYN.AIDS.FE.ZS,56.3636363636364
Comoros,COM,2019,Women's share of population ages 15+ living with HIV (%),SH.DYN.AIDS.FE.ZS,56.8807339449541
Comoros,COM,2018,Women's share of population ages 15+ living with HIV (%),SH.DYN.AIDS.FE.ZS,57.4074074074074
Comoros,COM,2017,Women's share of population ages 15+ living with HIV (%),SH.DYN.AIDS.FE.ZS,56.4814814814815
Comoros,COM,2016,Women's share of population ages 15+ living with HIV (%),SH.DYN.AIDS.FE.ZS,56.6037735849057
Comoros,COM,2015,Women's share of population ages 15+ living with HIV (%),SH.DYN.AIDS.FE.ZS,57.1428571428572
Comoros,COM,2014,Women's share of population ages 15+ living with HIV (%),SH.DYN.AIDS.FE.ZS,57.2815533980583
Comoros,COM,2013,Women's share of population ages 15+ living with HIV (%),SH.DYN.AIDS.FE.ZS,57.4257425742574
Comoros,COM,2012,Women's share of population ages 15+ living with HIV (%),SH.DYN.AIDS.FE.ZS,57.5757575757576
Comoros,COM,2011,Women's share of population ages 15+ living with HIV (%),SH.DYN.AIDS.FE.ZS,57.2916666666667
Comoros,COM,2010,Women's share of population ages 15+ living with HIV (%),SH.DYN.AIDS.FE.ZS,56.989247311828
Comoros,COM,2009,Women's share of population ages 15+ living with HIV (%),SH.DYN.AIDS.FE.ZS,57.7777777777778
Comoros,COM,2008,Women's share of population ages 15+ living with HIV (%),SH.DYN.AIDS.FE.ZS,58.4269662921348
Comoros,COM,2007,Women's share of population ages 15+ living with HIV (%),SH.DYN.AIDS.FE.ZS,59.3023255813954
Comoros,COM,2006,Women's share of population ages 15+ living with HIV (%),SH.DYN.AIDS.FE.ZS,61.4457831325301
Comoros,COM,2005,Women's share of population ages 15+ living with HIV (%),SH.DYN.AIDS.FE.ZS,61.25
Comoros,COM,2004,Women's share of population ages 15+ living with HIV (%),SH.DYN.AIDS.FE.ZS,62.3376623376623
Comoros,COM,2003,Women's share of population ages 15+ living with HIV (%),SH.DYN.AIDS.FE.ZS,63.013698630137
Comoros,COM,2002,Women's share of population ages 15+ living with HIV (%),SH.DYN.AIDS.FE.ZS,65.2173913043478
Comoros,COM,2001,Women's share of population ages 15+ living with HIV (%),SH.DYN.AIDS.FE.ZS,65.1515151515152
Comoros,COM,2000,Women's share of population ages 15+ living with HIV (%),SH.DYN.AIDS.FE.ZS,66.6666666666667
Comoros,COM,1999,Women's share of population ages 15+ living with HIV (%),SH.DYN.AIDS.FE.ZS,65
Comoros,COM,1998,Women's share of population ages 15+ living with HIV (%),SH.DYN.AIDS.FE.ZS,66.0714285714286
Comoros,COM,1997,Women's share of population ages 15+ living with HIV (%),SH.DYN.AIDS.FE.ZS,66.6666666666667
Comoros,COM,1996,Women's share of population ages 15+ living with HIV (%),SH.DYN.AIDS.FE.ZS,65.9574468085106
Comoros,COM,1995,Women's share of population ages 15+ living with HIV (%),SH.DYN.AIDS.FE.ZS,65.1162790697674
Comoros,COM,1994,Women's share of population ages 15+ living with HIV (%),SH.DYN.AIDS.FE.ZS,66.6666666666667
Comoros,COM,1993,Women's share of population ages 15+ living with HIV (%),SH.DYN.AIDS.FE.ZS,65.7142857142857
Comoros,COM,1992,Women's share of population ages 15+ living with HIV (%),SH.DYN.AIDS.FE.ZS,65.625
Comoros,COM,1991,Women's share of population ages 15+ living with HIV (%),SH.DYN.AIDS.FE.ZS,67.8571428571429
Comoros,COM,1990,Women's share of population ages 15+ living with HIV (%),SH.DYN.AIDS.FE.ZS,64
Comoros,COM,2022,"Prevalence of HIV, total (% of population ages 15-49)",SH.DYN.AIDS.ZS,0.1
Comoros,COM,2021,"Prevalence of HIV, total (% of population ages 15-49)",SH.DYN.AIDS.ZS,0.1
Comoros,COM,2020,"Prevalence of HIV, total (% of population ages 15-49)",SH.DYN.AIDS.ZS,0.1
Comoros,COM,2019,"Prevalence of HIV, total (% of population ages 15-49)",SH.DYN.AIDS.ZS,0.1
Comoros,COM,2018,"Prevalence of HIV, total (% of population ages 15-49)",SH.DYN.AIDS.ZS,0.1
Comoros,COM,2017,"Prevalence of HIV, total (% of population ages 15-49)",SH.DYN.AIDS.ZS,0.1
Comoros,COM,2016,"Prevalence of HIV, total (% of population ages 15-49)",SH.DYN.AIDS.ZS,0.1
Comoros,COM,2015,"Prevalence of HIV, total (% of population ages 15-49)",SH.DYN.AIDS.ZS,0.1
Comoros,COM,2014,"Prevalence of HIV, total (% of population ages 15-49)",SH.DYN.AIDS.ZS,0.1
Comoros,COM,2013,"Prevalence of HIV, total (% of population ages 15-49)",SH.DYN.AIDS.ZS,0.1
Comoros,COM,2012,"Prevalence of HIV, total (% of population ages 15-49)",SH.DYN.AIDS.ZS,0.1
Comoros,COM,2011,"Prevalence of HIV, total (% of population ages 15-49)",SH.DYN.AIDS.ZS,0.1
Comoros,COM,2010,"Prevalence of HIV, total (% of population ages 15-49)",SH.DYN.AIDS.ZS,0.1
Comoros,COM,2009,"Prevalence of HIV, total (% of population ages 15-49)",SH.DYN.AIDS.ZS,0.1
Comoros,COM,2008,"Prevalence of HIV, total (% of population ages 15-49)",SH.DYN.AIDS.ZS,0.1
Comoros,COM,2007,"Prevalence of HIV, total (% of population ages 15-49)",SH.DYN.AIDS.ZS,0.1
Comoros,COM,2006,"Prevalence of HIV, total (% of population ages 15-49)",SH.DYN.AIDS.ZS,0.1
Comoros,COM,2005,"Prevalence of HIV, total (% of population ages 15-49)",SH.DYN.AIDS.ZS,0.1
Comoros,COM,2004,"Prevalence of HIV, total (% of population ages 15-49)",SH.DYN.AIDS.ZS,0.1
Comoros,COM,2003,"Prevalence of HIV, total (% of population ages 15-49)",SH.DYN.AIDS.ZS,0.1
Comoros,COM,2002,"Prevalence of HIV, total (% of population ages 15-49)",SH.DYN.AIDS.ZS,0.1
Comoros,COM,2001,"Prevalence of HIV, total (% of population ages 15-49)",SH.DYN.AIDS.ZS,0.1
Comoros,COM,2000,"Prevalence of HIV, total (% of population ages 15-49)",SH.DYN.AIDS.ZS,0.1
Comoros,COM,1999,"Prevalence of HIV, total (% of population ages 15-49)",SH.DYN.AIDS.ZS,0.1
Comoros,COM,1998,"Prevalence of HIV, total (% of population ages 15-49)",SH.DYN.AIDS.ZS,0.1
Comoros,COM,1997,"Prevalence of HIV, total (% of population ages 15-49)",SH.DYN.AIDS.ZS,0.1
Comoros,COM,1996,"Prevalence of HIV, total (% of population ages 15-49)",SH.DYN.AIDS.ZS,0.1
Comoros,COM,1995,"Prevalence of HIV, total (% of population ages 15-49)",SH.DYN.AIDS.ZS,0.1
Comoros,COM,1994,"Prevalence of HIV, total (% of population ages 15-49)",SH.DYN.AIDS.ZS,0.1
Comoros,COM,1993,"Prevalence of HIV, total (% of population ages 15-49)",SH.DYN.AIDS.ZS,0.1
Comoros,COM,1992,"Prevalence of HIV, total (% of population ages 15-49)",SH.DYN.AIDS.ZS,0.1
Comoros,COM,1991,"Prevalence of HIV, total (% of population ages 15-49)",SH.DYN.AIDS.ZS,0.1
Comoros,COM,1990,"Prevalence of HIV, total (% of population ages 15-49)",SH.DYN.AIDS.ZS,0.1
Comoros,COM,2023,"Mortality rate, under-5 (per 1,000 live births)",SH.DYN.MORT,39.8
Comoros,COM,2022,"Mortality rate, under-5 (per 1,000 live births)",SH.DYN.MORT,41.1
Comoros,COM,2021,"Mortality rate, under-5 (per 1,000 live births)",SH.DYN.MORT,42.4
Comoros,COM,2020,"Mortality rate, under-5 (per 1,000 live births)",SH.DYN.MORT,43.5
Comoros,COM,2019,"Mortality rate, under-5 (per 1,000 live births)",SH.DYN.MORT,44.6
Comoros,COM,2018,"Mortality rate, under-5 (per 1,000 live births)",SH.DYN.MORT,45.6
Comoros,COM,2017,"Mortality rate, under-5 (per 1,000 live births)",SH.DYN.MORT,46.6
Comoros,COM,2016,"Mortality rate, under-5 (per 1,000 live births)",SH.DYN.MORT,47.6
Comoros,COM,2015,"Mortality rate, under-5 (per 1,000 live births)",SH.DYN.MORT,48.7
Comoros,COM,2014,"Mortality rate, under-5 (per 1,000 live births)",SH.DYN.MORT,49.7
Comoros,COM,2013,"Mortality rate, under-5 (per 1,000 live births)",SH.DYN.MORT,50.8
Comoros,COM,2012,"Mortality rate, under-5 (per 1,000 live births)",SH.DYN.MORT,52.1
Comoros,COM,2011,"Mortality rate, under-5 (per 1,000 live births)",SH.DYN.MORT,53.6
Comoros,COM,2010,"Mortality rate, under-5 (per 1,000 live births)",SH.DYN.MORT,55.1
Comoros,COM,2009,"Mortality rate, under-5 (per 1,000 live births)",SH.DYN.MORT,56.9
Comoros,COM,2008,"Mortality rate, under-5 (per 1,000 live births)",SH.DYN.MORT,58.8
Comoros,COM,2007,"Mortality rate, under-5 (per 1,000 live births)",SH.DYN.MORT,60.8
Comoros,COM,2006,"Mortality rate, under-5 (per 1,000 live births)",SH.DYN.MORT,63.1
Comoros,COM,2005,"Mortality rate, under-5 (per 1,000 live births)",SH.DYN.MORT,65.5
Comoros,COM,2004,"Mortality rate, under-5 (per 1,000 live births)",SH.DYN.MORT,68
Comoros,COM,2003,"Mortality rate, under-5 (per 1,000 live births)",SH.DYN.MORT,70.7
Comoros,COM,2002,"Mortality rate, under-5 (per 1,000 live births)",SH.DYN.MORT,73.6
Comoros,COM,2001,"Mortality rate, under-5 (per 1,000 live births)",SH.DYN.MORT,76.5
Comoros,COM,2000,"Mortality rate, under-5 (per 1,000 live births)",SH.DYN.MORT,79.6
Comoros,COM,1999,"Mortality rate, under-5 (per 1,000 live births)",SH.DYN.MORT,82.8
Comoros,COM,1998,"Mortality rate, under-5 (per 1,000 live births)",SH.DYN.MORT,86.3
Comoros,COM,1997,"Mortality rate, under-5 (per 1,000 live births)",SH.DYN.MORT,90
Comoros,COM,1996,"Mortality rate, under-5 (per 1,000 live births)",SH.DYN.MORT,93.7
Comoros,COM,1995,"Mortality rate, under-5 (per 1,000 live births)",SH.DYN.MORT,97.8
Comoros,COM,1994,"Mortality rate, under-5 (per 1,000 live births)",SH.DYN.MORT,102.1
Comoros,COM,1993,"Mortality rate, under-5 (per 1,000 live births)",SH.DYN.MORT,106.6
Comoros,COM,1992,"Mortality rate, under-5 (per 1,000 live births)",SH.DYN.MORT,111.3
Comoros,COM,1991,"Mortality rate, under-5 (per 1,000 live births)",SH.DYN.MORT,116.1
Comoros,COM,1990,"Mortality rate, under-5 (per 1,000 live births)",SH.DYN.MORT,120.9
Comoros,COM,1989,"Mortality rate, under-5 (per 1,000 live births)",SH.DYN.MORT,125.7
Comoros,COM,1988,"Mortality rate, under-5 (per 1,000 live births)",SH.DYN.MORT,130.4
Comoros,COM,1987,"Mortality rate, under-5 (per 1,000 live births)",SH.DYN.MORT,135.3
Comoros,COM,1986,"Mortality rate, under-5 (per 1,000 live births)",SH.DYN.MORT,140.4
Comoros,COM,1985,"Mortality rate, under-5 (per 1,000 live births)",SH.DYN.MORT,145.5
Comoros,COM,1984,"Mortality rate, under-5 (per 1,000 live births)",SH.DYN.MORT,150.9
Comoros,COM,1983,"Mortality rate, under-5 (per 1,000 live births)",SH.DYN.MORT,156.5
Comoros,COM,1982,"Mortality rate, under-5 (per 1,000 live births)",SH.DYN.MORT,162.2
Comoros,COM,1981,"Mortality rate, under-5 (per 1,000 live births)",SH.DYN.MORT,168
Comoros,COM,1980,"Mortality rate, under-5 (per 1,000 live births)",SH.DYN.MORT,173.9
Comoros,COM,1979,"Mortality rate, under-5 (per 1,000 live births)",SH.DYN.MORT,179.7
Comoros,COM,1978,"Mortality rate, under-5 (per 1,000 live births)",SH.DYN.MORT,185.5
Comoros,COM,1977,"Mortality rate, under-5 (per 1,000 live births)",SH.DYN.MORT,191.2
Comoros,COM,1976,"Mortality rate, under-5 (per 1,000 live births)",SH.DYN.MORT,196.9
Comoros,COM,1975,"Mortality rate, under-5 (per 1,000 live births)",SH.DYN.MORT,202.6
Comoros,COM,1974,"Mortality rate, under-5 (per 1,000 live births)",SH.DYN.MORT,208.3
Comoros,COM,1973,"Mortality rate, under-5 (per 1,000 live births)",SH.DYN.MORT,213.8
Comoros,COM,1972,"Mortality rate, under-5 (per 1,000 live births)",SH.DYN.MORT,219.5
Comoros,COM,1971,"Mortality rate, under-5 (per 1,000 live births)",SH.DYN.MORT,225.4
Comoros,COM,1970,"Mortality rate, under-5 (per 1,000 live births)",SH.DYN.MORT,231.6
Comoros,COM,2023,"Mortality rate, under-5, female (per 1,000 live births)",SH.DYN.MORT.FE,37.2
Comoros,COM,2022,"Mortality rate, under-5, female (per 1,000 live births)",SH.DYN.MORT.FE,38.4
Comoros,COM,2021,"Mortality rate, under-5, female (per 1,000 live births)",SH.DYN.MORT.FE,39.6
Comoros,COM,2020,"Mortality rate, under-5, female (per 1,000 live births)",SH.DYN.MORT.FE,40.7
Comoros,COM,2019,"Mortality rate, under-5, female (per 1,000 live births)",SH.DYN.MORT.FE,41.7
Comoros,COM,2018,"Mortality rate, under-5, female (per 1,000 live births)",SH.DYN.MORT.FE,42.8
Comoros,COM,2017,"Mortality rate, under-5, female (per 1,000 live births)",SH.DYN.MORT.FE,43.8
Comoros,COM,2016,"Mortality rate, under-5, female (per 1,000 live births)",SH.DYN.MORT.FE,44.7
Comoros,COM,2015,"Mortality rate, under-5, female (per 1,000 live births)",SH.DYN.MORT.FE,45.6
Comoros,COM,2014,"Mortality rate, under-5, female (per 1,000 live births)",SH.DYN.MORT.FE,46.7
Comoros,COM,2013,"Mortality rate, under-5, female (per 1,000 live births)",SH.DYN.MORT.FE,47.7
Comoros,COM,2012,"Mortality rate, under-5, female (per 1,000 live births)",SH.DYN.MORT.FE,49
Comoros,COM,2011,"Mortality rate, under-5, female (per 1,000 live births)",SH.DYN.MORT.FE,50.3
Comoros,COM,2010,"Mortality rate, under-5, female (per 1,000 live births)",SH.DYN.MORT.FE,51.7
Comoros,COM,2009,"Mortality rate, under-5, female (per 1,000 live births)",SH.DYN.MORT.FE,53.3
Comoros,COM,2008,"Mortality rate, under-5, female (per 1,000 live births)",SH.DYN.MORT.FE,55.1
Comoros,COM,2007,"Mortality rate, under-5, female (per 1,000 live births)",SH.DYN.MORT.FE,57
Comoros,COM,2006,"Mortality rate, under-5, female (per 1,000 live births)",SH.DYN.MORT.FE,59.1
Comoros,COM,2005,"Mortality rate, under-5, female (per 1,000 live births)",SH.DYN.MORT.FE,61.4
Comoros,COM,2004,"Mortality rate, under-5, female (per 1,000 live births)",SH.DYN.MORT.FE,63.7
Comoros,COM,2003,"Mortality rate, under-5, female (per 1,000 live births)",SH.DYN.MORT.FE,66.3
Comoros,COM,2002,"Mortality rate, under-5, female (per 1,000 live births)",SH.DYN.MORT.FE,69.1
Comoros,COM,2001,"Mortality rate, under-5, female (per 1,000 live births)",SH.DYN.MORT.FE,72
Comoros,COM,2000,"Mortality rate, under-5, female (per 1,000 live births)",SH.DYN.MORT.FE,74.9
Comoros,COM,1999,"Mortality rate, under-5, female (per 1,000 live births)",SH.DYN.MORT.FE,78.1
Comoros,COM,1998,"Mortality rate, under-5, female (per 1,000 live births)",SH.DYN.MORT.FE,81.4
Comoros,COM,1997,"Mortality rate, under-5, female (per 1,000 live births)",SH.DYN.MORT.FE,84.8
Comoros,COM,1996,"Mortality rate, under-5, female (per 1,000 live births)",SH.DYN.MORT.FE,88.6
Comoros,COM,1995,"Mortality rate, under-5, female (per 1,000 live births)",SH.DYN.MORT.FE,92.4
Comoros,COM,1994,"Mortality rate, under-5, female (per 1,000 live births)",SH.DYN.MORT.FE,96.6
Comoros,COM,1993,"Mortality rate, under-5, female (per 1,000 live births)",SH.DYN.MORT.FE,101
Comoros,COM,1992,"Mortality rate, under-5, female (per 1,000 live births)",SH.DYN.MORT.FE,105.6
Comoros,COM,1991,"Mortality rate, under-5, female (per 1,000 live births)",SH.DYN.MORT.FE,110.3
Comoros,COM,1990,"Mortality rate, under-5, female (per 1,000 live births)",SH.DYN.MORT.FE,115
Comoros,COM,1989,"Mortality rate, under-5, female (per 1,000 live births)",SH.DYN.MORT.FE,119.6
Comoros,COM,1988,"Mortality rate, under-5, female (per 1,000 live births)",SH.DYN.MORT.FE,124.3
Comoros,COM,1987,"Mortality rate, under-5, female (per 1,000 live births)",SH.DYN.MORT.FE,129.1
Comoros,COM,1986,"Mortality rate, under-5, female (per 1,000 live births)",SH.DYN.MORT.FE,134.1
Comoros,COM,1985,"Mortality rate, under-5, female (per 1,000 live births)",SH.DYN.MORT.FE,139.2
Comoros,COM,1984,"Mortality rate, under-5, female (per 1,000 live births)",SH.DYN.MORT.FE,144.6
Comoros,COM,1983,"Mortality rate, under-5, female (per 1,000 live births)",SH.DYN.MORT.FE,150.1
Comoros,COM,1982,"Mortality rate, under-5, female (per 1,000 live births)",SH.DYN.MORT.FE,155.7
Comoros,COM,1981,"Mortality rate, under-5, female (per 1,000 live births)",SH.DYN.MORT.FE,161.4
Comoros,COM,1980,"Mortality rate, under-5, female (per 1,000 live births)",SH.DYN.MORT.FE,167.2
Comoros,COM,1979,"Mortality rate, under-5, female (per 1,000 live births)",SH.DYN.MORT.FE,172.9
Comoros,COM,1978,"Mortality rate, under-5, female (per 1,000 live births)",SH.DYN.MORT.FE,178.5
Comoros,COM,1977,"Mortality rate, under-5, female (per 1,000 live births)",SH.DYN.MORT.FE,184.2
Comoros,COM,1976,"Mortality rate, under-5, female (per 1,000 live births)",SH.DYN.MORT.FE,189.6
Comoros,COM,1975,"Mortality rate, under-5, female (per 1,000 live births)",SH.DYN.MORT.FE,195.3
Comoros,COM,1974,"Mortality rate, under-5, female (per 1,000 live births)",SH.DYN.MORT.FE,200.9
Comoros,COM,1973,"Mortality rate, under-5, female (per 1,000 live births)",SH.DYN.MORT.FE,206.3
Comoros,COM,2023,"Mortality rate, under-5, male (per 1,000 live births)",SH.DYN.MORT.MA,42.4
Comoros,COM,2022,"Mortality rate, under-5, male (per 1,000 live births)",SH.DYN.MORT.MA,43.7
Comoros,COM,2021,"Mortality rate, under-5, male (per 1,000 live births)",SH.DYN.MORT.MA,44.9
Comoros,COM,2020,"Mortality rate, under-5, male (per 1,000 live births)",SH.DYN.MORT.MA,46
Comoros,COM,2019,"Mortality rate, under-5, male (per 1,000 live births)",SH.DYN.MORT.MA,47.2
Comoros,COM,2018,"Mortality rate, under-5, male (per 1,000 live births)",SH.DYN.MORT.MA,48.2
Comoros,COM,2017,"Mortality rate, under-5, male (per 1,000 live births)",SH.DYN.MORT.MA,49.1
Comoros,COM,2016,"Mortality rate, under-5, male (per 1,000 live births)",SH.DYN.MORT.MA,50.3
Comoros,COM,2015,"Mortality rate, under-5, male (per 1,000 live births)",SH.DYN.MORT.MA,51.4
Comoros,COM,2014,"Mortality rate, under-5, male (per 1,000 live births)",SH.DYN.MORT.MA,52.5
Comoros,COM,2013,"Mortality rate, under-5, male (per 1,000 live births)",SH.DYN.MORT.MA,53.7
Comoros,COM,2012,"Mortality rate, under-5, male (per 1,000 live births)",SH.DYN.MORT.MA,55.1
Comoros,COM,2011,"Mortality rate, under-5, male (per 1,000 live births)",SH.DYN.MORT.MA,56.6
Comoros,COM,2010,"Mortality rate, under-5, male (per 1,000 live births)",SH.DYN.MORT.MA,58.3
Comoros,COM,2009,"Mortality rate, under-5, male (per 1,000 live births)",SH.DYN.MORT.MA,60.2
Comoros,COM,2008,"Mortality rate, under-5, male (per 1,000 live births)",SH.DYN.MORT.MA,62.1
Comoros,COM,2007,"Mortality rate, under-5, male (per 1,000 live births)",SH.DYN.MORT.MA,64.3
Comoros,COM,2006,"Mortality rate, under-5, male (per 1,000 live births)",SH.DYN.MORT.MA,66.7
Comoros,COM,2005,"Mortality rate, under-5, male (per 1,000 live births)",SH.DYN.MORT.MA,69.2
Comoros,COM,2004,"Mortality rate, under-5, male (per 1,000 live births)",SH.DYN.MORT.MA,72
Comoros,COM,2003,"Mortality rate, under-5, male (per 1,000 live births)",SH.DYN.MORT.MA,74.7
Comoros,COM,2002,"Mortality rate, under-5, male (per 1,000 live births)",SH.DYN.MORT.MA,77.7
Comoros,COM,2001,"Mortality rate, under-5, male (per 1,000 live births)",SH.DYN.MORT.MA,80.7
Comoros,COM,2000,"Mortality rate, under-5, male (per 1,000 live births)",SH.DYN.MORT.MA,83.9
Comoros,COM,1999,"Mortality rate, under-5, male (per 1,000 live births)",SH.DYN.MORT.MA,87.3
Comoros,COM,1998,"Mortality rate, under-5, male (per 1,000 live births)",SH.DYN.MORT.MA,90.9
Comoros,COM,1997,"Mortality rate, under-5, male (per 1,000 live births)",SH.DYN.MORT.MA,94.7
Comoros,COM,1996,"Mortality rate, under-5, male (per 1,000 live births)",SH.DYN.MORT.MA,98.7
Comoros,COM,1995,"Mortality rate, under-5, male (per 1,000 live births)",SH.DYN.MORT.MA,102.9
Comoros,COM,1994,"Mortality rate, under-5, male (per 1,000 live births)",SH.DYN.MORT.MA,107.3
Comoros,COM,1993,"Mortality rate, under-5, male (per 1,000 live births)",SH.DYN.MORT.MA,111.9
Comoros,COM,1992,"Mortality rate, under-5, male (per 1,000 live births)",SH.DYN.MORT.MA,116.7
Comoros,COM,1991,"Mortality rate, under-5, male (per 1,000 live births)",SH.DYN.MORT.MA,121.7
Comoros,COM,1990,"Mortality rate, under-5, male (per 1,000 live births)",SH.DYN.MORT.MA,126.4
Comoros,COM,1989,"Mortality rate, under-5, male (per 1,000 live births)",SH.DYN.MORT.MA,131.3
Comoros,COM,1988,"Mortality rate, under-5, male (per 1,000 live births)",SH.DYN.MORT.MA,136.1
Comoros,COM,1987,"Mortality rate, under-5, male (per 1,000 live births)",SH.DYN.MORT.MA,141.1
Comoros,COM,1986,"Mortality rate, under-5, male (per 1,000 live births)",SH.DYN.MORT.MA,146.1
Comoros,COM,1985,"Mortality rate, under-5, male (per 1,000 live births)",SH.DYN.MORT.MA,151.5
Comoros,COM,1984,"Mortality rate, under-5, male (per 1,000 live births)",SH.DYN.MORT.MA,157
Comoros,COM,1983,"Mortality rate, under-5, male (per 1,000 live births)",SH.DYN.MORT.MA,162.6
Comoros,COM,1982,"Mortality rate, under-5, male (per 1,000 live births)",SH.DYN.MORT.MA,168.4
Comoros,COM,1981,"Mortality rate, under-5, male (per 1,000 live births)",SH.DYN.MORT.MA,174.4
Comoros,COM,1980,"Mortality rate, under-5, male (per 1,000 live births)",SH.DYN.MORT.MA,180.3
Comoros,COM,1979,"Mortality rate, under-5, male (per 1,000 live births)",SH.DYN.MORT.MA,186.3
Comoros,COM,1978,"Mortality rate, under-5, male (per 1,000 live births)",SH.DYN.MORT.MA,192.1
Comoros,COM,1977,"Mortality rate, under-5, male (per 1,000 live births)",SH.DYN.MORT.MA,197.9
Comoros,COM,1976,"Mortality rate, under-5, male (per 1,000 live births)",SH.DYN.MORT.MA,203.6
Comoros,COM,1975,"Mortality rate, under-5, male (per 1,000 live births)",SH.DYN.MORT.MA,209.6
Comoros,COM,1974,"Mortality rate, under-5, male (per 1,000 live births)",SH.DYN.MORT.MA,215.5
Comoros,COM,1973,"Mortality rate, under-5, male (per 1,000 live births)",SH.DYN.MORT.MA,221
Comoros,COM,2021,"Mortality from CVD, cancer, diabetes or CRD between exact ages 30 and 70, female (%)",SH.DYN.NCOM.FE.ZS,20.5
Comoros,COM,2020,"Mortality from CVD, cancer, diabetes or CRD between exact ages 30 and 70, female (%)",SH.DYN.NCOM.FE.ZS,20.2
Comoros,COM,2019,"Mortality from CVD, cancer, diabetes or CRD between exact ages 30 and 70, female (%)",SH.DYN.NCOM.FE.ZS,20
Comoros,COM,2018,"Mortality from CVD, cancer, diabetes or CRD between exact ages 30 and 70, female (%)",SH.DYN.NCOM.FE.ZS,20.1
Comoros,COM,2017,"Mortality from CVD, cancer, diabetes or CRD between exact ages 30 and 70, female (%)",SH.DYN.NCOM.FE.ZS,20.5
Comoros,COM,2016,"Mortality from CVD, cancer, diabetes or CRD between exact ages 30 and 70, female (%)",SH.DYN.NCOM.FE.ZS,20.8
Comoros,COM,2015,"Mortality from CVD, cancer, diabetes or CRD between exact ages 30 and 70, female (%)",SH.DYN.NCOM.FE.ZS,20.9
Comoros,COM,2014,"Mortality from CVD, cancer, diabetes or CRD between exact ages 30 and 70, female (%)",SH.DYN.NCOM.FE.ZS,21
Comoros,COM,2013,"Mortality from CVD, cancer, diabetes or CRD between exact ages 30 and 70, female (%)",SH.DYN.NCOM.FE.ZS,20.7
Comoros,COM,2012,"Mortality from CVD, cancer, diabetes or CRD between exact ages 30 and 70, female (%)",SH.DYN.NCOM.FE.ZS,20.9
Comoros,COM,2011,"Mortality from CVD, cancer, diabetes or CRD between exact ages 30 and 70, female (%)",SH.DYN.NCOM.FE.ZS,21.2
Comoros,COM,2010,"Mortality from CVD, cancer, diabetes or CRD between exact ages 30 and 70, female (%)",SH.DYN.NCOM.FE.ZS,21.2
Comoros,COM,2009,"Mortality from CVD, cancer, diabetes or CRD between exact ages 30 and 70, female (%)",SH.DYN.NCOM.FE.ZS,21.3
Comoros,COM,2008,"Mortality from CVD, cancer, diabetes or CRD between exact ages 30 and 70, female (%)",SH.DYN.NCOM.FE.ZS,21.9
Comoros,COM,2007,"Mortality from CVD, cancer, diabetes or CRD between exact ages 30 and 70, female (%)",SH.DYN.NCOM.FE.ZS,22
Comoros,COM,2006,"Mortality from CVD, cancer, diabetes or CRD between exact ages 30 and 70, female (%)",SH.DYN.NCOM.FE.ZS,22.3
Comoros,COM,2005,"Mortality from CVD, cancer, diabetes or CRD between exact ages 30 and 70, female (%)",SH.DYN.NCOM.FE.ZS,22.9
Comoros,COM,2004,"Mortality from CVD, cancer, diabetes or CRD between exact ages 30 and 70, female (%)",SH.DYN.NCOM.FE.ZS,23.2
Comoros,COM,2003,"Mortality from CVD, cancer, diabetes or CRD between exact ages 30 and 70, female (%)",SH.DYN.NCOM.FE.ZS,24.2
Comoros,COM,2002,"Mortality from CVD, cancer, diabetes or CRD between exact ages 30 and 70, female (%)",SH.DYN.NCOM.FE.ZS,24.9
Comoros,COM,2001,"Mortality from CVD, cancer, diabetes or CRD between exact ages 30 and 70, female (%)",SH.DYN.NCOM.FE.ZS,25.7
Comoros,COM,2000,"Mortality from CVD, cancer, diabetes or CRD between exact ages 30 and 70, female (%)",SH.DYN.NCOM.FE.ZS,26.3
Comoros,COM,2021,"Mortality from CVD, cancer, diabetes or CRD between exact ages 30 and 70, male (%)",SH.DYN.NCOM.MA.ZS,19.9
Comoros,COM,2020,"Mortality from CVD, cancer, diabetes or CRD between exact ages 30 and 70, male (%)",SH.DYN.NCOM.MA.ZS,21.8
Comoros,COM,2019,"Mortality from CVD, cancer, diabetes or CRD between exact ages 30 and 70, male (%)",SH.DYN.NCOM.MA.ZS,20.7
Comoros,COM,2018,"Mortality from CVD, cancer, diabetes or CRD between exact ages 30 and 70, male (%)",SH.DYN.NCOM.MA.ZS,20.8
Comoros,COM,2017,"Mortality from CVD, cancer, diabetes or CRD between exact ages 30 and 70, male (%)",SH.DYN.NCOM.MA.ZS,21.1
Comoros,COM,2016,"Mortality from CVD, cancer, diabetes or CRD between exact ages 30 and 70, male (%)",SH.DYN.NCOM.MA.ZS,21.4
Comoros,COM,2015,"Mortality from CVD, cancer, diabetes or CRD between exact ages 30 and 70, male (%)",SH.DYN.NCOM.MA.ZS,21.5
Comoros,COM,2014,"Mortality from CVD, cancer, diabetes or CRD between exact ages 30 and 70, male (%)",SH.DYN.NCOM.MA.ZS,21.6
Comoros,COM,2013,"Mortality from CVD, cancer, diabetes or CRD between exact ages 30 and 70, male (%)",SH.DYN.NCOM.MA.ZS,21.1
Comoros,COM,2012,"Mortality from CVD, cancer, diabetes or CRD between exact ages 30 and 70, male (%)",SH.DYN.NCOM.MA.ZS,21.3
Comoros,COM,2011,"Mortality from CVD, cancer, diabetes or CRD between exact ages 30 and 70, male (%)",SH.DYN.NCOM.MA.ZS,21.4
Comoros,COM,2010,"Mortality from CVD, cancer, diabetes or CRD between exact ages 30 and 70, male (%)",SH.DYN.NCOM.MA.ZS,21.4
Comoros,COM,2009,"Mortality from CVD, cancer, diabetes or CRD between exact ages 30 and 70, male (%)",SH.DYN.NCOM.MA.ZS,21.5
Comoros,COM,2008,"Mortality from CVD, cancer, diabetes or CRD between exact ages 30 and 70, male (%)",SH.DYN.NCOM.MA.ZS,22.2
Comoros,COM,2007,"Mortality from CVD, cancer, diabetes or CRD between exact ages 30 and 70, male (%)",SH.DYN.NCOM.MA.ZS,22.2
Comoros,COM,2006,"Mortality from CVD, cancer, diabetes or CRD between exact ages 30 and 70, male (%)",SH.DYN.NCOM.MA.ZS,22.2
Comoros,COM,2005,"Mortality from CVD, cancer, diabetes or CRD between exact ages 30 and 70, male (%)",SH.DYN.NCOM.MA.ZS,22.4
Comoros,COM,2004,"Mortality from CVD, cancer, diabetes or CRD between exact ages 30 and 70, male (%)",SH.DYN.NCOM.MA.ZS,22.8
Comoros,COM,2003,"Mortality from CVD, cancer, diabetes or CRD between exact ages 30 and 70, male (%)",SH.DYN.NCOM.MA.ZS,23.5
Comoros,COM,2002,"Mortality from CVD, cancer, diabetes or CRD between exact ages 30 and 70, male (%)",SH.DYN.NCOM.MA.ZS,24.5
Comoros,COM,2001,"Mortality from CVD, cancer, diabetes or CRD between exact ages 30 and 70, male (%)",SH.DYN.NCOM.MA.ZS,25.3
Comoros,COM,2000,"Mortality from CVD, cancer, diabetes or CRD between exact ages 30 and 70, male (%)",SH.DYN.NCOM.MA.ZS,26.3
Comoros,COM,2021,"Mortality from CVD, cancer, diabetes or CRD between exact ages 30 and 70 (%)",SH.DYN.NCOM.ZS,20.2
Comoros,COM,2020,"Mortality from CVD, cancer, diabetes or CRD between exact ages 30 and 70 (%)",SH.DYN.NCOM.ZS,21
Comoros,COM,2019,"Mortality from CVD, cancer, diabetes or CRD between exact ages 30 and 70 (%)",SH.DYN.NCOM.ZS,20.3
Comoros,COM,2018,"Mortality from CVD, cancer, diabetes or CRD between exact ages 30 and 70 (%)",SH.DYN.NCOM.ZS,20.5
Comoros,COM,2017,"Mortality from CVD, cancer, diabetes or CRD between exact ages 30 and 70 (%)",SH.DYN.NCOM.ZS,20.8
Comoros,COM,2016,"Mortality from CVD, cancer, diabetes or CRD between exact ages 30 and 70 (%)",SH.DYN.NCOM.ZS,21.1
Comoros,COM,2015,"Mortality from CVD, cancer, diabetes or CRD between exact ages 30 and 70 (%)",SH.DYN.NCOM.ZS,21.2
Comoros,COM,2014,"Mortality from CVD, cancer, diabetes or CRD between exact ages 30 and 70 (%)",SH.DYN.NCOM.ZS,21.3
Comoros,COM,2013,"Mortality from CVD, cancer, diabetes or CRD between exact ages 30 and 70 (%)",SH.DYN.NCOM.ZS,20.9
Comoros,COM,2012,"Mortality from CVD, cancer, diabetes or CRD between exact ages 30 and 70 (%)",SH.DYN.NCOM.ZS,21.1
Comoros,COM,2011,"Mortality from CVD, cancer, diabetes or CRD between exact ages 30 and 70 (%)",SH.DYN.NCOM.ZS,21.3
Comoros,COM,2010,"Mortality from CVD, cancer, diabetes or CRD between exact ages 30 and 70 (%)",SH.DYN.NCOM.ZS,21.3
Comoros,COM,2009,"Mortality from CVD, cancer, diabetes or CRD between exact ages 30 and 70 (%)",SH.DYN.NCOM.ZS,21.4
Comoros,COM,2008,"Mortality from CVD, cancer, diabetes or CRD between exact ages 30 and 70 (%)",SH.DYN.NCOM.ZS,22.1
Comoros,COM,2007,"Mortality from CVD, cancer, diabetes or CRD between exact ages 30 and 70 (%)",SH.DYN.NCOM.ZS,22.1
Comoros,COM,2006,"Mortality from CVD, cancer, diabetes or CRD between exact ages 30 and 70 (%)",SH.DYN.NCOM.ZS,22.2
Comoros,COM,2005,"Mortality from CVD, cancer, diabetes or CRD between exact ages 30 and 70 (%)",SH.DYN.NCOM.ZS,22.7
Comoros,COM,2004,"Mortality from CVD, cancer, diabetes or CRD between exact ages 30 and 70 (%)",SH.DYN.NCOM.ZS,23
Comoros,COM,2003,"Mortality from CVD, cancer, diabetes or CRD between exact ages 30 and 70 (%)",SH.DYN.NCOM.ZS,23.8
Comoros,COM,2002,"Mortality from CVD, cancer, diabetes or CRD between exact ages 30 and 70 (%)",SH.DYN.NCOM.ZS,24.7
Comoros,COM,2001,"Mortality from CVD, cancer, diabetes or CRD between exact ages 30 and 70 (%)",SH.DYN.NCOM.ZS,25.5
Comoros,COM,2000,"Mortality from CVD, cancer, diabetes or CRD between exact ages 30 and 70 (%)",SH.DYN.NCOM.ZS,26.3
Comoros,COM,2023,"Mortality rate, neonatal (per 1,000 live births)",SH.DYN.NMRT,22.5
Comoros,COM,2022,"Mortality rate, neonatal (per 1,000 live births)",SH.DYN.NMRT,23
Comoros,COM,2021,"Mortality rate, neonatal (per 1,000 live births)",SH.DYN.NMRT,23.5
Comoros,COM,2020,"Mortality rate, neonatal (per 1,000 live births)",SH.DYN.NMRT,23.9
Comoros,COM,2019,"Mortality rate, neonatal (per 1,000 live births)",SH.DYN.NMRT,24.4
Comoros,COM,2018,"Mortality rate, neonatal (per 1,000 live births)",SH.DYN.NMRT,24.8
Comoros,COM,2017,"Mortality rate, neonatal (per 1,000 live births)",SH.DYN.NMRT,25.3
Comoros,COM,2016,"Mortality rate, neonatal (per 1,000 live births)",SH.DYN.NMRT,25.7
Comoros,COM,2015,"Mortality rate, neonatal (per 1,000 live births)",SH.DYN.NMRT,26.1
Comoros,COM,2014,"Mortality rate, neonatal (per 1,000 live births)",SH.DYN.NMRT,26.6
Comoros,COM,2013,"Mortality rate, neonatal (per 1,000 live births)",SH.DYN.NMRT,27.1
Comoros,COM,2012,"Mortality rate, neonatal (per 1,000 live births)",SH.DYN.NMRT,27.6
Comoros,COM,2011,"Mortality rate, neonatal (per 1,000 live births)",SH.DYN.NMRT,28.2
Comoros,COM,2010,"Mortality rate, neonatal (per 1,000 live births)",SH.DYN.NMRT,28.8
Comoros,COM,2009,"Mortality rate, neonatal (per 1,000 live births)",SH.DYN.NMRT,29.3
Comoros,COM,2008,"Mortality rate, neonatal (per 1,000 live births)",SH.DYN.NMRT,29.8
Comoros,COM,2007,"Mortality rate, neonatal (per 1,000 live births)",SH.DYN.NMRT,30.4
Comoros,COM,2006,"Mortality rate, neonatal (per 1,000 live births)",SH.DYN.NMRT,30.9
Comoros,COM,2005,"Mortality rate, neonatal (per 1,000 live births)",SH.DYN.NMRT,31.5
Comoros,COM,2004,"Mortality rate, neonatal (per 1,000 live births)",SH.DYN.NMRT,32.1
Comoros,COM,2003,"Mortality rate, neonatal (per 1,000 live births)",SH.DYN.NMRT,32.7
Comoros,COM,2002,"Mortality rate, neonatal (per 1,000 live births)",SH.DYN.NMRT,33.2
Comoros,COM,2001,"Mortality rate, neonatal (per 1,000 live births)",SH.DYN.NMRT,33.9
Comoros,COM,2000,"Mortality rate, neonatal (per 1,000 live births)",SH.DYN.NMRT,34.7
Comoros,COM,1999,"Mortality rate, neonatal (per 1,000 live births)",SH.DYN.NMRT,35.4
Comoros,COM,1998,"Mortality rate, neonatal (per 1,000 live births)",SH.DYN.NMRT,36.2
Comoros,COM,1997,"Mortality rate, neonatal (per 1,000 live births)",SH.DYN.NMRT,37.2
Comoros,COM,1996,"Mortality rate, neonatal (per 1,000 live births)",SH.DYN.NMRT,38.4
Comoros,COM,1995,"Mortality rate, neonatal (per 1,000 live births)",SH.DYN.NMRT,39.7
Comoros,COM,1994,"Mortality rate, neonatal (per 1,000 live births)",SH.DYN.NMRT,41.1
Comoros,COM,1993,"Mortality rate, neonatal (per 1,000 live births)",SH.DYN.NMRT,42.7
Comoros,COM,1992,"Mortality rate, neonatal (per 1,000 live births)",SH.DYN.NMRT,44.6
Comoros,COM,1991,"Mortality rate, neonatal (per 1,000 live births)",SH.DYN.NMRT,46.7
Comoros,COM,1990,"Mortality rate, neonatal (per 1,000 live births)",SH.DYN.NMRT,48.9
Comoros,COM,1989,"Mortality rate, neonatal (per 1,000 live births)",SH.DYN.NMRT,51.1
Comoros,COM,1988,"Mortality rate, neonatal (per 1,000 live births)",SH.DYN.NMRT,53.5
Comoros,COM,1987,"Mortality rate, neonatal (per 1,000 live births)",SH.DYN.NMRT,55.9
Comoros,COM,1986,"Mortality rate, neonatal (per 1,000 live births)",SH.DYN.NMRT,58.5
Comoros,COM,1985,"Mortality rate, neonatal (per 1,000 live births)",SH.DYN.NMRT,61.1
Comoros,COM,1984,"Mortality rate, neonatal (per 1,000 live births)",SH.DYN.NMRT,63.6
Comoros,COM,1983,"Mortality rate, neonatal (per 1,000 live births)",SH.DYN.NMRT,66.2
Comoros,COM,1982,"Mortality rate, neonatal (per 1,000 live births)",SH.DYN.NMRT,68.8
Comoros,COM,1981,"Mortality rate, neonatal (per 1,000 live births)",SH.DYN.NMRT,71.1
Comoros,COM,1980,"Mortality rate, neonatal (per 1,000 live births)",SH.DYN.NMRT,73.3
Comoros,COM,1979,"Mortality rate, neonatal (per 1,000 live births)",SH.DYN.NMRT,75.3
Comoros,COM,1978,"Mortality rate, neonatal (per 1,000 live births)",SH.DYN.NMRT,77
Comoros,COM,1977,"Mortality rate, neonatal (per 1,000 live births)",SH.DYN.NMRT,78.2
Comoros,COM,1976,"Mortality rate, neonatal (per 1,000 live births)",SH.DYN.NMRT,79
Comoros,COM,1975,"Mortality rate, neonatal (per 1,000 live births)",SH.DYN.NMRT,79.3
Comoros,COM,1974,"Mortality rate, neonatal (per 1,000 live births)",SH.DYN.NMRT,79.7
Comoros,COM,1973,"Mortality rate, neonatal (per 1,000 live births)",SH.DYN.NMRT,80.5
Comoros,COM,2012,Demand for family planning satisfied by modern methods (% of married women with demand for family planning),SH.FPL.SATM.ZS,27.4
Comoros,COM,1996,Demand for family planning satisfied by modern methods (% of married women with demand for family planning),SH.FPL.SATM.ZS,20.1
Comoros,COM,2019,"People using at least basic drinking water services, rural (% of rural population)",SH.H2O.BASW.RU.ZS,76.9117234537314
Comoros,COM,2018,"People using at least basic drinking water services, rural (% of rural population)",SH.H2O.BASW.RU.ZS,76.9117234537314
Comoros,COM,2017,"People using at least basic drinking water services, rural (% of rural population)",SH.H2O.BASW.RU.ZS,76.9117234537314
Comoros,COM,2016,"People using at least basic drinking water services, rural (% of rural population)",SH.H2O.BASW.RU.ZS,76.9117234537314
Comoros,COM,2015,"People using at least basic drinking water services, rural (% of rural population)",SH.H2O.BASW.RU.ZS,76.9117234537314
Comoros,COM,2014,"People using at least basic drinking water services, rural (% of rural population)",SH.H2O.BASW.RU.ZS,77.1818874327339
Comoros,COM,2013,"People using at least basic drinking water services, rural (% of rural population)",SH.H2O.BASW.RU.ZS,78.2239408040257
Comoros,COM,2012,"People using at least basic drinking water services, rural (% of rural population)",SH.H2O.BASW.RU.ZS,79.2713790994294
Comoros,COM,2011,"People using at least basic drinking water services, rural (% of rural population)",SH.H2O.BASW.RU.ZS,80.3242023189444
Comoros,COM,2010,"People using at least basic drinking water services, rural (% of rural population)",SH.H2O.BASW.RU.ZS,81.382410462571
Comoros,COM,2009,"People using at least basic drinking water services, rural (% of rural population)",SH.H2O.BASW.RU.ZS,82.4460035303094
Comoros,COM,2008,"People using at least basic drinking water services, rural (% of rural population)",SH.H2O.BASW.RU.ZS,83.5149815221593
Comoros,COM,2007,"People using at least basic drinking water services, rural (% of rural population)",SH.H2O.BASW.RU.ZS,84.5893444381208
Comoros,COM,2006,"People using at least basic drinking water services, rural (% of rural population)",SH.H2O.BASW.RU.ZS,85.6690922781939
Comoros,COM,2005,"People using at least basic drinking water services, rural (% of rural population)",SH.H2O.BASW.RU.ZS,86.7542250423787
Comoros,COM,2004,"People using at least basic drinking water services, rural (% of rural population)",SH.H2O.BASW.RU.ZS,87.8447427306751
Comoros,COM,2003,"People using at least basic drinking water services, rural (% of rural population)",SH.H2O.BASW.RU.ZS,88.9406453430831
Comoros,COM,2002,"People using at least basic drinking water services, rural (% of rural population)",SH.H2O.BASW.RU.ZS,90.0419328796028
Comoros,COM,2001,"People using at least basic drinking water services, rural (% of rural population)",SH.H2O.BASW.RU.ZS,91.148605340234
Comoros,COM,2000,"People using at least basic drinking water services, rural (% of rural population)",SH.H2O.BASW.RU.ZS,91.4537713259619
Comoros,COM,2019,"People using at least basic drinking water services, urban (% of urban population)",SH.H2O.BASW.UR.ZS,88.2228455784335
Comoros,COM,2018,"People using at least basic drinking water services, urban (% of urban population)",SH.H2O.BASW.UR.ZS,88.2228455784335
Comoros,COM,2017,"People using at least basic drinking water services, urban (% of urban population)",SH.H2O.BASW.UR.ZS,88.2228455784335
Comoros,COM,2016,"People using at least basic drinking water services, urban (% of urban population)",SH.H2O.BASW.UR.ZS,88.2228455784335
Comoros,COM,2015,"People using at least basic drinking water services, urban (% of urban population)",SH.H2O.BASW.UR.ZS,88.2228455784335
Comoros,COM,2014,"People using at least basic drinking water services, urban (% of urban population)",SH.H2O.BASW.UR.ZS,87.8535916006507
Comoros,COM,2013,"People using at least basic drinking water services, urban (% of urban population)",SH.H2O.BASW.UR.ZS,88.0514799676943
Comoros,COM,2012,"People using at least basic drinking water services, urban (% of urban population)",SH.H2O.BASW.UR.ZS,88.2445807448108
Comoros,COM,2011,"People using at least basic drinking water services, urban (% of urban population)",SH.H2O.BASW.UR.ZS,88.4328939319998
Comoros,COM,2010,"People using at least basic drinking water services, urban (% of urban population)",SH.H2O.BASW.UR.ZS,88.6164195292618
Comoros,COM,2009,"People using at least basic drinking water services, urban (% of urban population)",SH.H2O.BASW.UR.ZS,88.7951575365966
Comoros,COM,2008,"People using at least basic drinking water services, urban (% of urban population)",SH.H2O.BASW.UR.ZS,88.9691079540043
Comoros,COM,2007,"People using at least basic drinking water services, urban (% of urban population)",SH.H2O.BASW.UR.ZS,89.1382707814844
Comoros,COM,2006,"People using at least basic drinking water services, urban (% of urban population)",SH.H2O.BASW.UR.ZS,89.3026460190375
Comoros,COM,2005,"People using at least basic drinking water services, urban (% of urban population)",SH.H2O.BASW.UR.ZS,89.4622336666634
Comoros,COM,2004,"People using at least basic drinking water services, urban (% of urban population)",SH.H2O.BASW.UR.ZS,89.6170337243619
Comoros,COM,2003,"People using at least basic drinking water services, urban (% of urban population)",SH.H2O.BASW.UR.ZS,89.7670461921335
Comoros,COM,2002,"People using at least basic drinking water services, urban (% of urban population)",SH.H2O.BASW.UR.ZS,89.9122710699777
Comoros,COM,2001,"People using at least basic drinking water services, urban (% of urban population)",SH.H2O.BASW.UR.ZS,90.0527083578948
Comoros,COM,2000,"People using at least basic drinking water services, urban (% of urban population)",SH.H2O.BASW.UR.ZS,89.652335045585
Comoros,COM,2019,People using at least basic drinking water services (% of population),SH.H2O.BASW.ZS,80.2105014769868
Comoros,COM,2018,People using at least basic drinking water services (% of population),SH.H2O.BASW.ZS,80.1879872186634
Comoros,COM,2017,People using at least basic drinking water services (% of population),SH.H2O.BASW.ZS,80.1675169934689
Comoros,COM,2016,People using at least basic drinking water services (% of population),SH.H2O.BASW.ZS,80.1488513169666
Comoros,COM,2015,People using at least basic drinking water services (% of population),SH.H2O.BASW.ZS,80.1319987781875
Comoros,COM,2014,People using at least basic drinking water services (% of population),SH.H2O.BASW.ZS,80.2060315486897
Comoros,COM,2013,People using at least basic drinking water services (% of population),SH.H2O.BASW.ZS,80.9975676784484
Comoros,COM,2012,People using at least basic drinking water services (% of population),SH.H2O.BASW.ZS,81.7949137164735
Comoros,COM,2011,People using at least basic drinking water services (% of population),SH.H2O.BASW.ZS,82.5978775221597
Comoros,COM,2010,People using at least basic drinking water services (% of population),SH.H2O.BASW.ZS,83.405978062016
Comoros,COM,2009,People using at least basic drinking water services (% of population),SH.H2O.BASW.ZS,84.2187523114491
Comoros,COM,2008,People using at least basic drinking water services (% of population),SH.H2O.BASW.ZS,85.0359214715664
Comoros,COM,2007,People using at least basic drinking water services (% of population),SH.H2O.BASW.ZS,85.8569961968811
Comoros,COM,2006,People using at least basic drinking water services (% of population),SH.H2O.BASW.ZS,86.6815099521752
Comoros,COM,2005,People using at least basic drinking water services (% of population),SH.H2O.BASW.ZS,87.5090844921955
Comoros,COM,2004,People using at least basic drinking water services (% of population),SH.H2O.BASW.ZS,88.3392638096421
Comoros,COM,2003,People using at least basic drinking water services (% of population),SH.H2O.BASW.ZS,89.171600346343
Comoros,COM,2002,People using at least basic drinking water services (% of population),SH.H2O.BASW.ZS,90.0056399286359
Comoros,COM,2001,People using at least basic drinking water services (% of population),SH.H2O.BASW.ZS,90.8413592153922
Comoros,COM,2000,People using at least basic drinking water services (% of population),SH.H2O.BASW.ZS,90.9479272603879
Comoros,COM,2022,"Prevalence of HIV, female (% ages 15-24)",SH.HIV.1524.FE.ZS,0.1
Comoros,COM,2021,"Prevalence of HIV, female (% ages 15-24)",SH.HIV.1524.FE.ZS,0.1
Comoros,COM,2020,"Prevalence of HIV, female (% ages 15-24)",SH.HIV.1524.FE.ZS,0.1
Comoros,COM,2019,"Prevalence of HIV, female (% ages 15-24)",SH.HIV.1524.FE.ZS,0.1
Comoros,COM,2018,"Prevalence of HIV, female (% ages 15-24)",SH.HIV.1524.FE.ZS,0.1
Comoros,COM,2017,"Prevalence of HIV, female (% ages 15-24)",SH.HIV.1524.FE.ZS,0.1
Comoros,COM,2016,"Prevalence of HIV, female (% ages 15-24)",SH.HIV.1524.FE.ZS,0.1
Comoros,COM,2015,"Prevalence of HIV, female (% ages 15-24)",SH.HIV.1524.FE.ZS,0.1
Comoros,COM,2014,"Prevalence of HIV, female (% ages 15-24)",SH.HIV.1524.FE.ZS,0.1
Comoros,COM,2013,"Prevalence of HIV, female (% ages 15-24)",SH.HIV.1524.FE.ZS,0.1
Comoros,COM,2012,"Prevalence of HIV, female (% ages 15-24)",SH.HIV.1524.FE.ZS,0.1
Comoros,COM,2011,"Prevalence of HIV, female (% ages 15-24)",SH.HIV.1524.FE.ZS,0.1
Comoros,COM,2010,"Prevalence of HIV, female (% ages 15-24)",SH.HIV.1524.FE.ZS,0.1
Comoros,COM,2009,"Prevalence of HIV, female (% ages 15-24)",SH.HIV.1524.FE.ZS,0.1
Comoros,COM,2008,"Prevalence of HIV, female (% ages 15-24)",SH.HIV.1524.FE.ZS,0.1
Comoros,COM,2007,"Prevalence of HIV, female (% ages 15-24)",SH.HIV.1524.FE.ZS,0.1
Comoros,COM,2006,"Prevalence of HIV, female (% ages 15-24)",SH.HIV.1524.FE.ZS,0.1
Comoros,COM,2005,"Prevalence of HIV, female (% ages 15-24)",SH.HIV.1524.FE.ZS,0.1
Comoros,COM,2004,"Prevalence of HIV, female (% ages 15-24)",SH.HIV.1524.FE.ZS,0.1
Comoros,COM,2003,"Prevalence of HIV, female (% ages 15-24)",SH.HIV.1524.FE.ZS,0.1
Comoros,COM,2002,"Prevalence of HIV, female (% ages 15-24)",SH.HIV.1524.FE.ZS,0.1
Comoros,COM,2001,"Prevalence of HIV, female (% ages 15-24)",SH.HIV.1524.FE.ZS,0.1
Comoros,COM,2000,"Prevalence of HIV, female (% ages 15-24)",SH.HIV.1524.FE.ZS,0.1
Comoros,COM,1999,"Prevalence of HIV, female (% ages 15-24)",SH.HIV.1524.FE.ZS,0.1
Comoros,COM,1998,"Prevalence of HIV, female (% ages 15-24)",SH.HIV.1524.FE.ZS,0.1
Comoros,COM,1997,"Prevalence of HIV, female (% ages 15-24)",SH.HIV.1524.FE.ZS,0.1
Comoros,COM,1996,"Prevalence of HIV, female (% ages 15-24)",SH.HIV.1524.FE.ZS,0.1
Comoros,COM,1995,"Prevalence of HIV, female (% ages 15-24)",SH.HIV.1524.FE.ZS,0.1
Comoros,COM,1994,"Prevalence of HIV, female (% ages 15-24)",SH.HIV.1524.FE.ZS,0.1
Comoros,COM,1993,"Prevalence of HIV, female (% ages 15-24)",SH.HIV.1524.FE.ZS,0.1
Comoros,COM,1992,"Prevalence of HIV, female (% ages 15-24)",SH.HIV.1524.FE.ZS,0.1
Comoros,COM,1991,"Prevalence of HIV, female (% ages 15-24)",SH.HIV.1524.FE.ZS,0.1
Comoros,COM,1990,"Prevalence of HIV, female (% ages 15-24)",SH.HIV.1524.FE.ZS,0.1
Comoros,COM,2022,"Prevalence of HIV, male (% ages 15-24)",SH.HIV.1524.MA.ZS,0.1
Comoros,COM,2021,"Prevalence of HIV, male (% ages 15-24)",SH.HIV.1524.MA.ZS,0.1
Comoros,COM,2020,"Prevalence of HIV, male (% ages 15-24)",SH.HIV.1524.MA.ZS,0.1
Comoros,COM,2019,"Prevalence of HIV, male (% ages 15-24)",SH.HIV.1524.MA.ZS,0.1
Comoros,COM,2018,"Prevalence of HIV, male (% ages 15-24)",SH.HIV.1524.MA.ZS,0.1
Comoros,COM,2017,"Prevalence of HIV, male (% ages 15-24)",SH.HIV.1524.MA.ZS,0.1
Comoros,COM,2016,"Prevalence of HIV, male (% ages 15-24)",SH.HIV.1524.MA.ZS,0.1
Comoros,COM,2015,"Prevalence of HIV, male (% ages 15-24)",SH.HIV.1524.MA.ZS,0.1
Comoros,COM,2014,"Prevalence of HIV, male (% ages 15-24)",SH.HIV.1524.MA.ZS,0.1
Comoros,COM,2013,"Prevalence of HIV, male (% ages 15-24)",SH.HIV.1524.MA.ZS,0.1
Comoros,COM,2012,"Prevalence of HIV, male (% ages 15-24)",SH.HIV.1524.MA.ZS,0.1
Comoros,COM,2011,"Prevalence of HIV, male (% ages 15-24)",SH.HIV.1524.MA.ZS,0.1
Comoros,COM,2010,"Prevalence of HIV, male (% ages 15-24)",SH.HIV.1524.MA.ZS,0.1
Comoros,COM,2009,"Prevalence of HIV, male (% ages 15-24)",SH.HIV.1524.MA.ZS,0.1
Comoros,COM,2008,"Prevalence of HIV, male (% ages 15-24)",SH.HIV.1524.MA.ZS,0.1
Comoros,COM,2007,"Prevalence of HIV, male (% ages 15-24)",SH.HIV.1524.MA.ZS,0.1
Comoros,COM,2006,"Prevalence of HIV, male (% ages 15-24)",SH.HIV.1524.MA.ZS,0.1
Comoros,COM,2005,"Prevalence of HIV, male (% ages 15-24)",SH.HIV.1524.MA.ZS,0.1
Comoros,COM,2004,"Prevalence of HIV, male (% ages 15-24)",SH.HIV.1524.MA.ZS,0.1
Comoros,COM,2003,"Prevalence of HIV, male (% ages 15-24)",SH.HIV.1524.MA.ZS,0.1
Comoros,COM,2002,"Prevalence of HIV, male (% ages 15-24)",SH.HIV.1524.MA.ZS,0.1
Comoros,COM,2001,"Prevalence of HIV, male (% ages 15-24)",SH.HIV.1524.MA.ZS,0.1
Comoros,COM,2000,"Prevalence of HIV, male (% ages 15-24)",SH.HIV.1524.MA.ZS,0.1
Comoros,COM,1999,"Prevalence of HIV, male (% ages 15-24)",SH.HIV.1524.MA.ZS,0.1
Comoros,COM,1998,"Prevalence of HIV, male (% ages 15-24)",SH.HIV.1524.MA.ZS,0.1
Comoros,COM,1997,"Prevalence of HIV, male (% ages 15-24)",SH.HIV.1524.MA.ZS,0.1
Comoros,COM,1996,"Prevalence of HIV, male (% ages 15-24)",SH.HIV.1524.MA.ZS,0.1
Comoros,COM,1995,"Prevalence of HIV, male (% ages 15-24)",SH.HIV.1524.MA.ZS,0.1
Comoros,COM,1994,"Prevalence of HIV, male (% ages 15-24)",SH.HIV.1524.MA.ZS,0.1
Comoros,COM,1993,"Prevalence of HIV, male (% ages 15-24)",SH.HIV.1524.MA.ZS,0.1
Comoros,COM,1992,"Prevalence of HIV, male (% ages 15-24)",SH.HIV.1524.MA.ZS,0.1
Comoros,COM,1991,"Prevalence of HIV, male (% ages 15-24)",SH.HIV.1524.MA.ZS,0.1
Comoros,COM,1990,"Prevalence of HIV, male (% ages 15-24)",SH.HIV.1524.MA.ZS,0.1
Comoros,COM,2022,Antiretroviral therapy coverage (% of people living with HIV),SH.HIV.ARTC.ZS,85
Comoros,COM,2021,Antiretroviral therapy coverage (% of people living with HIV),SH.HIV.ARTC.ZS,77
Comoros,COM,2020,Antiretroviral therapy coverage (% of people living with HIV),SH.HIV.ARTC.ZS,73
Comoros,COM,2019,Antiretroviral therapy coverage (% of people living with HIV),SH.HIV.ARTC.ZS,66
Comoros,COM,2018,Antiretroviral therapy coverage (% of people living with HIV),SH.HIV.ARTC.ZS,52
Comoros,COM,2017,Antiretroviral therapy coverage (% of people living with HIV),SH.HIV.ARTC.ZS,43
Comoros,COM,2016,Antiretroviral therapy coverage (% of people living with HIV),SH.HIV.ARTC.ZS,39
Comoros,COM,2015,Antiretroviral therapy coverage (% of people living with HIV),SH.HIV.ARTC.ZS,35
Comoros,COM,2014,Antiretroviral therapy coverage (% of people living with HIV),SH.HIV.ARTC.ZS,27
Comoros,COM,2013,Antiretroviral therapy coverage (% of people living with HIV),SH.HIV.ARTC.ZS,24
Comoros,COM,2012,Antiretroviral therapy coverage (% of people living with HIV),SH.HIV.ARTC.ZS,22
Comoros,COM,2011,Antiretroviral therapy coverage (% of people living with HIV),SH.HIV.ARTC.ZS,18
Comoros,COM,2010,Antiretroviral therapy coverage (% of people living with HIV),SH.HIV.ARTC.ZS,17
Comoros,COM,2009,Antiretroviral therapy coverage (% of people living with HIV),SH.HIV.ARTC.ZS,0
Comoros,COM,2008,Antiretroviral therapy coverage (% of people living with HIV),SH.HIV.ARTC.ZS,0
Comoros,COM,2007,Antiretroviral therapy coverage (% of people living with HIV),SH.HIV.ARTC.ZS,0
Comoros,COM,2006,Antiretroviral therapy coverage (% of people living with HIV),SH.HIV.ARTC.ZS,0
Comoros,COM,2005,Antiretroviral therapy coverage (% of people living with HIV),SH.HIV.ARTC.ZS,0
Comoros,COM,2004,Antiretroviral therapy coverage (% of people living with HIV),SH.HIV.ARTC.ZS,0
Comoros,COM,2003,Antiretroviral therapy coverage (% of people living with HIV),SH.HIV.ARTC.ZS,0
Comoros,COM,2002,Antiretroviral therapy coverage (% of people living with HIV),SH.HIV.ARTC.ZS,0
Comoros,COM,2001,Antiretroviral therapy coverage (% of people living with HIV),SH.HIV.ARTC.ZS,0
Comoros,COM,2000,Antiretroviral therapy coverage (% of people living with HIV),SH.HIV.ARTC.ZS,0
Comoros,COM,2022,Adults (ages 15-49) newly infected with HIV,SH.HIV.INCD,100
Comoros,COM,2021,Adults (ages 15-49) newly infected with HIV,SH.HIV.INCD,100
Comoros,COM,2020,Adults (ages 15-49) newly infected with HIV,SH.HIV.INCD,100
Comoros,COM,2019,Adults (ages 15-49) newly infected with HIV,SH.HIV.INCD,100
Comoros,COM,2018,Adults (ages 15-49) newly infected with HIV,SH.HIV.INCD,100
Comoros,COM,2017,Adults (ages 15-49) newly infected with HIV,SH.HIV.INCD,100
Comoros,COM,2016,Adults (ages 15-49) newly infected with HIV,SH.HIV.INCD,100
Comoros,COM,2015,Adults (ages 15-49) newly infected with HIV,SH.HIV.INCD,100
Comoros,COM,2014,Adults (ages 15-49) newly infected with HIV,SH.HIV.INCD,100
Comoros,COM,2013,Adults (ages 15-49) newly infected with HIV,SH.HIV.INCD,100
Comoros,COM,2012,Adults (ages 15-49) newly infected with HIV,SH.HIV.INCD,100
Comoros,COM,2011,Adults (ages 15-49) newly infected with HIV,SH.HIV.INCD,100
Comoros,COM,2010,Adults (ages 15-49) newly infected with HIV,SH.HIV.INCD,100
Comoros,COM,2009,Adults (ages 15-49) newly infected with HIV,SH.HIV.INCD,100
Comoros,COM,2008,Adults (ages 15-49) newly infected with HIV,SH.HIV.INCD,100
Comoros,COM,2007,Adults (ages 15-49) newly infected with HIV,SH.HIV.INCD,100
Comoros,COM,2006,Adults (ages 15-49) newly infected with HIV,SH.HIV.INCD,100
Comoros,COM,2005,Adults (ages 15-49) newly infected with HIV,SH.HIV.INCD,100
Comoros,COM,2004,Adults (ages 15-49) newly infected with HIV,SH.HIV.INCD,100
Comoros,COM,2003,Adults (ages 15-49) newly infected with HIV,SH.HIV.INCD,100
Comoros,COM,2002,Adults (ages 15-49) newly infected with HIV,SH.HIV.INCD,100
Comoros,COM,2001,Adults (ages 15-49) newly infected with HIV,SH.HIV.INCD,100
Comoros,COM,2000,Adults (ages 15-49) newly infected with HIV,SH.HIV.INCD,100
Comoros,COM,1999,Adults (ages 15-49) newly infected with HIV,SH.HIV.INCD,100
Comoros,COM,1998,Adults (ages 15-49) newly infected with HIV,SH.HIV.INCD,100
Comoros,COM,1997,Adults (ages 15-49) newly infected with HIV,SH.HIV.INCD,100
Comoros,COM,1996,Adults (ages 15-49) newly infected with HIV,SH.HIV.INCD,100
Comoros,COM,1995,Adults (ages 15-49) newly infected with HIV,SH.HIV.INCD,100
Comoros,COM,1994,Adults (ages 15-49) newly infected with HIV,SH.HIV.INCD,100
Comoros,COM,1993,Adults (ages 15-49) newly infected with HIV,SH.HIV.INCD,100
Comoros,COM,1992,Adults (ages 15-49) newly infected with HIV,SH.HIV.INCD,100
Comoros,COM,1991,Adults (ages 15-49) newly infected with HIV,SH.HIV.INCD,100
Comoros,COM,1990,Adults (ages 15-49) newly infected with HIV,SH.HIV.INCD,100
Comoros,COM,2022,Adults (ages 15+) and children (ages 0-14) newly infected with HIV,SH.HIV.INCD.TL,100
Comoros,COM,2021,Adults (ages 15+) and children (ages 0-14) newly infected with HIV,SH.HIV.INCD.TL,100
Comoros,COM,2020,Adults (ages 15+) and children (ages 0-14) newly infected with HIV,SH.HIV.INCD.TL,100
Comoros,COM,2019,Adults (ages 15+) and children (ages 0-14) newly infected with HIV,SH.HIV.INCD.TL,100
Comoros,COM,2018,Adults (ages 15+) and children (ages 0-14) newly infected with HIV,SH.HIV.INCD.TL,100
Comoros,COM,2017,Adults (ages 15+) and children (ages 0-14) newly infected with HIV,SH.HIV.INCD.TL,100
Comoros,COM,2016,Adults (ages 15+) and children (ages 0-14) newly infected with HIV,SH.HIV.INCD.TL,100
Comoros,COM,2015,Adults (ages 15+) and children (ages 0-14) newly infected with HIV,SH.HIV.INCD.TL,100
Comoros,COM,2014,Adults (ages 15+) and children (ages 0-14) newly infected with HIV,SH.HIV.INCD.TL,100
Comoros,COM,2013,Adults (ages 15+) and children (ages 0-14) newly infected with HIV,SH.HIV.INCD.TL,100
Comoros,COM,2012,Adults (ages 15+) and children (ages 0-14) newly infected with HIV,SH.HIV.INCD.TL,100
Comoros,COM,2011,Adults (ages 15+) and children (ages 0-14) newly infected with HIV,SH.HIV.INCD.TL,100
Comoros,COM,2010,Adults (ages 15+) and children (ages 0-14) newly infected with HIV,SH.HIV.INCD.TL,100
Comoros,COM,2009,Adults (ages 15+) and children (ages 0-14) newly infected with HIV,SH.HIV.INCD.TL,100
Comoros,COM,2008,Adults (ages 15+) and children (ages 0-14) newly infected with HIV,SH.HIV.INCD.TL,100
Comoros,COM,2007,Adults (ages 15+) and children (ages 0-14) newly infected with HIV,SH.HIV.INCD.TL,100
Comoros,COM,2006,Adults (ages 15+) and children (ages 0-14) newly infected with HIV,SH.HIV.INCD.TL,100
Comoros,COM,2005,Adults (ages 15+) and children (ages 0-14) newly infected with HIV,SH.HIV.INCD.TL,100
Comoros,COM,2004,Adults (ages 15+) and children (ages 0-14) newly infected with HIV,SH.HIV.INCD.TL,100
Comoros,COM,2003,Adults (ages 15+) and children (ages 0-14) newly infected with HIV,SH.HIV.INCD.TL,100
Comoros,COM,2002,Adults (ages 15+) and children (ages 0-14) newly infected with HIV,SH.HIV.INCD.TL,100
Comoros,COM,2001,Adults (ages 15+) and children (ages 0-14) newly infected with HIV,SH.HIV.INCD.TL,100
Comoros,COM,2000,Adults (ages 15+) and children (ages 0-14) newly infected with HIV,SH.HIV.INCD.TL,100
Comoros,COM,1999,Adults (ages 15+) and children (ages 0-14) newly infected with HIV,SH.HIV.INCD.TL,100
Comoros,COM,1998,Adults (ages 15+) and children (ages 0-14) newly infected with HIV,SH.HIV.INCD.TL,100
Comoros,COM,1997,Adults (ages 15+) and children (ages 0-14) newly infected with HIV,SH.HIV.INCD.TL,100
Comoros,COM,1996,Adults (ages 15+) and children (ages 0-14) newly infected with HIV,SH.HIV.INCD.TL,100
Comoros,COM,1995,Adults (ages 15+) and children (ages 0-14) newly infected with HIV,SH.HIV.INCD.TL,100
Comoros,COM,1994,Adults (ages 15+) and children (ages 0-14) newly infected with HIV,SH.HIV.INCD.TL,100
Comoros,COM,1993,Adults (ages 15+) and children (ages 0-14) newly infected with HIV,SH.HIV.INCD.TL,100
Comoros,COM,1992,Adults (ages 15+) and children (ages 0-14) newly infected with HIV,SH.HIV.INCD.TL,100
Comoros,COM,1991,Adults (ages 15+) and children (ages 0-14) newly infected with HIV,SH.HIV.INCD.TL,100
Comoros,COM,1990,Adults (ages 15+) and children (ages 0-14) newly infected with HIV,SH.HIV.INCD.TL,100
Comoros,COM,2022,"Incidence of HIV, all (per 1,000 uninfected population)",SH.HIV.INCD.TL.P3,0.01
Comoros,COM,2021,"Incidence of HIV, all (per 1,000 uninfected population)",SH.HIV.INCD.TL.P3,0.01
Comoros,COM,2020,"Incidence of HIV, all (per 1,000 uninfected population)",SH.HIV.INCD.TL.P3,0.01
Comoros,COM,2019,"Incidence of HIV, all (per 1,000 uninfected population)",SH.HIV.INCD.TL.P3,0.01
Comoros,COM,2018,"Incidence of HIV, all (per 1,000 uninfected population)",SH.HIV.INCD.TL.P3,0.01
Comoros,COM,2017,"Incidence of HIV, all (per 1,000 uninfected population)",SH.HIV.INCD.TL.P3,0.01
Comoros,COM,2016,"Incidence of HIV, all (per 1,000 uninfected population)",SH.HIV.INCD.TL.P3,0.01
Comoros,COM,2015,"Incidence of HIV, all (per 1,000 uninfected population)",SH.HIV.INCD.TL.P3,0.01
Comoros,COM,2014,"Incidence of HIV, all (per 1,000 uninfected population)",SH.HIV.INCD.TL.P3,0.01
Comoros,COM,2013,"Incidence of HIV, all (per 1,000 uninfected population)",SH.HIV.INCD.TL.P3,0.01
Comoros,COM,2012,"Incidence of HIV, all (per 1,000 uninfected population)",SH.HIV.INCD.TL.P3,0.01
Comoros,COM,2011,"Incidence of HIV, all (per 1,000 uninfected population)",SH.HIV.INCD.TL.P3,0.01
Comoros,COM,2010,"Incidence of HIV, all (per 1,000 uninfected population)",SH.HIV.INCD.TL.P3,0.01
Comoros,COM,2009,"Incidence of HIV, all (per 1,000 uninfected population)",SH.HIV.INCD.TL.P3,0.01
Comoros,COM,2008,"Incidence of HIV, all (per 1,000 uninfected population)",SH.HIV.INCD.TL.P3,0.01
Comoros,COM,2007,"Incidence of HIV, all (per 1,000 uninfected population)",SH.HIV.INCD.TL.P3,0.02
Comoros,COM,2006,"Incidence of HIV, all (per 1,000 uninfected population)",SH.HIV.INCD.TL.P3,0.02
Comoros,COM,2005,"Incidence of HIV, all (per 1,000 uninfected population)",SH.HIV.INCD.TL.P3,0.02
Comoros,COM,2004,"Incidence of HIV, all (per 1,000 uninfected population)",SH.HIV.INCD.TL.P3,0.02
Comoros,COM,2003,"Incidence of HIV, all (per 1,000 uninfected population)",SH.HIV.INCD.TL.P3,0.02
Comoros,COM,2002,"Incidence of HIV, all (per 1,000 uninfected population)",SH.HIV.INCD.TL.P3,0.02
Comoros,COM,2001,"Incidence of HIV, all (per 1,000 uninfected population)",SH.HIV.INCD.TL.P3,0.02
Comoros,COM,2000,"Incidence of HIV, all (per 1,000 uninfected population)",SH.HIV.INCD.TL.P3,0.02
Comoros,COM,1999,"Incidence of HIV, all (per 1,000 uninfected population)",SH.HIV.INCD.TL.P3,0.02
Comoros,COM,1998,"Incidence of HIV, all (per 1,000 uninfected population)",SH.HIV.INCD.TL.P3,0.02
Comoros,COM,1997,"Incidence of HIV, all (per 1,000 uninfected population)",SH.HIV.INCD.TL.P3,0.02
Comoros,COM,1996,"Incidence of HIV, all (per 1,000 uninfected population)",SH.HIV.INCD.TL.P3,0.02
Comoros,COM,1995,"Incidence of HIV, all (per 1,000 uninfected population)",SH.HIV.INCD.TL.P3,0.02
Comoros,COM,1994,"Incidence of HIV, all (per 1,000 uninfected population)",SH.HIV.INCD.TL.P3,0.02
Comoros,COM,1993,"Incidence of HIV, all (per 1,000 uninfected population)",SH.HIV.INCD.TL.P3,0.02
Comoros,COM,1992,"Incidence of HIV, all (per 1,000 uninfected population)",SH.HIV.INCD.TL.P3,0.01
Comoros,COM,1991,"Incidence of HIV, all (per 1,000 uninfected population)",SH.HIV.INCD.TL.P3,0.01
Comoros,COM,1990,"Incidence of HIV, all (per 1,000 uninfected population)",SH.HIV.INCD.TL.P3,0.01
Comoros,COM,2022,Young people (ages 15-24) newly infected with HIV,SH.HIV.INCD.YG,100
Comoros,COM,2021,Young people (ages 15-24) newly infected with HIV,SH.HIV.INCD.YG,100
Comoros,COM,2020,Young people (ages 15-24) newly infected with HIV,SH.HIV.INCD.YG,100
Comoros,COM,2019,Young people (ages 15-24) newly infected with HIV,SH.HIV.INCD.YG,100
Comoros,COM,2018,Young people (ages 15-24) newly infected with HIV,SH.HIV.INCD.YG,100
Comoros,COM,2017,Young people (ages 15-24) newly infected with HIV,SH.HIV.INCD.YG,100
Comoros,COM,2016,Young people (ages 15-24) newly infected with HIV,SH.HIV.INCD.YG,100
Comoros,COM,2015,Young people (ages 15-24) newly infected with HIV,SH.HIV.INCD.YG,100
Comoros,COM,2014,Young people (ages 15-24) newly infected with HIV,SH.HIV.INCD.YG,100
Comoros,COM,2013,Young people (ages 15-24) newly infected with HIV,SH.HIV.INCD.YG,100
Comoros,COM,2012,Young people (ages 15-24) newly infected with HIV,SH.HIV.INCD.YG,100
Comoros,COM,2011,Young people (ages 15-24) newly infected with HIV,SH.HIV.INCD.YG,100
Comoros,COM,2010,Young people (ages 15-24) newly infected with HIV,SH.HIV.INCD.YG,100
Comoros,COM,2009,Young people (ages 15-24) newly infected with HIV,SH.HIV.INCD.YG,100
Comoros,COM,2008,Young people (ages 15-24) newly infected with HIV,SH.HIV.INCD.YG,100
Comoros,COM,2007,Young people (ages 15-24) newly infected with HIV,SH.HIV.INCD.YG,100
Comoros,COM,2006,Young people (ages 15-24) newly infected with HIV,SH.HIV.INCD.YG,100
Comoros,COM,2005,Young people (ages 15-24) newly infected with HIV,SH.HIV.INCD.YG,100
Comoros,COM,2004,Young people (ages 15-24) newly infected with HIV,SH.HIV.INCD.YG,100
Comoros,COM,2003,Young people (ages 15-24) newly infected with HIV,SH.HIV.INCD.YG,100
Comoros,COM,2002,Young people (ages 15-24) newly infected with HIV,SH.HIV.INCD.YG,100
Comoros,COM,2001,Young people (ages 15-24) newly infected with HIV,SH.HIV.INCD.YG,100
Comoros,COM,2000,Young people (ages 15-24) newly infected with HIV,SH.HIV.INCD.YG,100
Comoros,COM,1999,Young people (ages 15-24) newly infected with HIV,SH.HIV.INCD.YG,100
Comoros,COM,1998,Young people (ages 15-24) newly infected with HIV,SH.HIV.INCD.YG,100
Comoros,COM,1997,Young people (ages 15-24) newly infected with HIV,SH.HIV.INCD.YG,100
Comoros,COM,1996,Young people (ages 15-24) newly infected with HIV,SH.HIV.INCD.YG,100
Comoros,COM,1995,Young people (ages 15-24) newly infected with HIV,SH.HIV.INCD.YG,100
Comoros,COM,1994,Young people (ages 15-24) newly infected with HIV,SH.HIV.INCD.YG,100
Comoros,COM,1993,Young people (ages 15-24) newly infected with HIV,SH.HIV.INCD.YG,100
Comoros,COM,1992,Young people (ages 15-24) newly infected with HIV,SH.HIV.INCD.YG,100
Comoros,COM,1991,Young people (ages 15-24) newly infected with HIV,SH.HIV.INCD.YG,100
Comoros,COM,1990,Young people (ages 15-24) newly infected with HIV,SH.HIV.INCD.YG,100
Comoros,COM,2022,"Incidence of HIV, ages 15-24 (per 1,000 uninfected population ages 15-24)",SH.HIV.INCD.YG.P3,0.01
Comoros,COM,2021,"Incidence of HIV, ages 15-24 (per 1,000 uninfected population ages 15-24)",SH.HIV.INCD.YG.P3,0.01
Comoros,COM,2020,"Incidence of HIV, ages 15-24 (per 1,000 uninfected population ages 15-24)",SH.HIV.INCD.YG.P3,0.01
Comoros,COM,2019,"Incidence of HIV, ages 15-24 (per 1,000 uninfected population ages 15-24)",SH.HIV.INCD.YG.P3,0.01
Comoros,COM,2018,"Incidence of HIV, ages 15-24 (per 1,000 uninfected population ages 15-24)",SH.HIV.INCD.YG.P3,0.01
Comoros,COM,2017,"Incidence of HIV, ages 15-24 (per 1,000 uninfected population ages 15-24)",SH.HIV.INCD.YG.P3,0.01
Comoros,COM,2016,"Incidence of HIV, ages 15-24 (per 1,000 uninfected population ages 15-24)",SH.HIV.INCD.YG.P3,0.01
Comoros,COM,2015,"Incidence of HIV, ages 15-24 (per 1,000 uninfected population ages 15-24)",SH.HIV.INCD.YG.P3,0.02
Comoros,COM,2014,"Incidence of HIV, ages 15-24 (per 1,000 uninfected population ages 15-24)",SH.HIV.INCD.YG.P3,0.02
Comoros,COM,2013,"Incidence of HIV, ages 15-24 (per 1,000 uninfected population ages 15-24)",SH.HIV.INCD.YG.P3,0.02
Comoros,COM,2012,"Incidence of HIV, ages 15-24 (per 1,000 uninfected population ages 15-24)",SH.HIV.INCD.YG.P3,0.02
Comoros,COM,2011,"Incidence of HIV, ages 15-24 (per 1,000 uninfected population ages 15-24)",SH.HIV.INCD.YG.P3,0.02
Comoros,COM,2010,"Incidence of HIV, ages 15-24 (per 1,000 uninfected population ages 15-24)",SH.HIV.INCD.YG.P3,0.03
Comoros,COM,2009,"Incidence of HIV, ages 15-24 (per 1,000 uninfected population ages 15-24)",SH.HIV.INCD.YG.P3,0.03
Comoros,COM,2008,"Incidence of HIV, ages 15-24 (per 1,000 uninfected population ages 15-24)",SH.HIV.INCD.YG.P3,0.03
Comoros,COM,2007,"Incidence of HIV, ages 15-24 (per 1,000 uninfected population ages 15-24)",SH.HIV.INCD.YG.P3,0.04
Comoros,COM,2006,"Incidence of HIV, ages 15-24 (per 1,000 uninfected population ages 15-24)",SH.HIV.INCD.YG.P3,0.04
Comoros,COM,2005,"Incidence of HIV, ages 15-24 (per 1,000 uninfected population ages 15-24)",SH.HIV.INCD.YG.P3,0.04
Comoros,COM,2004,"Incidence of HIV, ages 15-24 (per 1,000 uninfected population ages 15-24)",SH.HIV.INCD.YG.P3,0.04
Comoros,COM,2003,"Incidence of HIV, ages 15-24 (per 1,000 uninfected population ages 15-24)",SH.HIV.INCD.YG.P3,0.04
Comoros,COM,2002,"Incidence of HIV, ages 15-24 (per 1,000 uninfected population ages 15-24)",SH.HIV.INCD.YG.P3,0.04
Comoros,COM,2001,"Incidence of HIV, ages 15-24 (per 1,000 uninfected population ages 15-24)",SH.HIV.INCD.YG.P3,0.04
Comoros,COM,2000,"Incidence of HIV, ages 15-24 (per 1,000 uninfected population ages 15-24)",SH.HIV.INCD.YG.P3,0.04
Comoros,COM,1999,"Incidence of HIV, ages 15-24 (per 1,000 uninfected population ages 15-24)",SH.HIV.INCD.YG.P3,0.04
Comoros,COM,1998,"Incidence of HIV, ages 15-24 (per 1,000 uninfected population ages 15-24)",SH.HIV.INCD.YG.P3,0.04
Comoros,COM,1997,"Incidence of HIV, ages 15-24 (per 1,000 uninfected population ages 15-24)",SH.HIV.INCD.YG.P3,0.04
Comoros,COM,1996,"Incidence of HIV, ages 15-24 (per 1,000 uninfected population ages 15-24)",SH.HIV.INCD.YG.P3,0.04
Comoros,COM,1995,"Incidence of HIV, ages 15-24 (per 1,000 uninfected population ages 15-24)",SH.HIV.INCD.YG.P3,0.04
Comoros,COM,1994,"Incidence of HIV, ages 15-24 (per 1,000 uninfected population ages 15-24)",SH.HIV.INCD.YG.P3,0.04
Comoros,COM,1993,"Incidence of HIV, ages 15-24 (per 1,000 uninfected population ages 15-24)",SH.HIV.INCD.YG.P3,0.03
Comoros,COM,1992,"Incidence of HIV, ages 15-24 (per 1,000 uninfected population ages 15-24)",SH.HIV.INCD.YG.P3,0.03
Comoros,COM,1991,"Incidence of HIV, ages 15-24 (per 1,000 uninfected population ages 15-24)",SH.HIV.INCD.YG.P3,0.03
Comoros,COM,1990,"Incidence of HIV, ages 15-24 (per 1,000 uninfected population ages 15-24)",SH.HIV.INCD.YG.P3,0.03
Comoros,COM,2023,"Immunization, HepB3 (% of one-year-old children)",SH.IMM.HEPB,75
Comoros,COM,2022,"Immunization, HepB3 (% of one-year-old children)",SH.IMM.HEPB,78
Comoros,COM,2021,"Immunization, HepB3 (% of one-year-old children)",SH.IMM.HEPB,72
Comoros,COM,2020,"Immunization, HepB3 (% of one-year-old children)",SH.IMM.HEPB,74
Comoros,COM,2019,"Immunization, HepB3 (% of one-year-old children)",SH.IMM.HEPB,78
Comoros,COM,2018,"Immunization, HepB3 (% of one-year-old children)",SH.IMM.HEPB,77
Comoros,COM,2017,"Immunization, HepB3 (% of one-year-old children)",SH.IMM.HEPB,79
Comoros,COM,2016,"Immunization, HepB3 (% of one-year-old children)",SH.IMM.HEPB,75
Comoros,COM,2015,"Immunization, HepB3 (% of one-year-old children)",SH.IMM.HEPB,80
Comoros,COM,2014,"Immunization, HepB3 (% of one-year-old children)",SH.IMM.HEPB,80
Comoros,COM,2013,"Immunization, HepB3 (% of one-year-old children)",SH.IMM.HEPB,83
Comoros,COM,2012,"Immunization, HepB3 (% of one-year-old children)",SH.IMM.HEPB,86
Comoros,COM,2011,"Immunization, HepB3 (% of one-year-old children)",SH.IMM.HEPB,83
Comoros,COM,2010,"Immunization, HepB3 (% of one-year-old children)",SH.IMM.HEPB,74
Comoros,COM,2009,"Immunization, HepB3 (% of one-year-old children)",SH.IMM.HEPB,83
Comoros,COM,2008,"Immunization, HepB3 (% of one-year-old children)",SH.IMM.HEPB,81
Comoros,COM,2007,"Immunization, HepB3 (% of one-year-old children)",SH.IMM.HEPB,75
Comoros,COM,2006,"Immunization, HepB3 (% of one-year-old children)",SH.IMM.HEPB,69
Comoros,COM,2005,"Immunization, HepB3 (% of one-year-old children)",SH.IMM.HEPB,68
Comoros,COM,2004,"Immunization, HepB3 (% of one-year-old children)",SH.IMM.HEPB,77
Comoros,COM,2003,"Immunization, HepB3 (% of one-year-old children)",SH.IMM.HEPB,28
Comoros,COM,2023,"Immunization, DPT (% of children ages 12-23 months)",SH.IMM.IDPT,75
Comoros,COM,2022,"Immunization, DPT (% of children ages 12-23 months)",SH.IMM.IDPT,78
Comoros,COM,2021,"Immunization, DPT (% of children ages 12-23 months)",SH.IMM.IDPT,72
Comoros,COM,2020,"Immunization, DPT (% of children ages 12-23 months)",SH.IMM.IDPT,74
Comoros,COM,2019,"Immunization, DPT (% of children ages 12-23 months)",SH.IMM.IDPT,78
Comoros,COM,2018,"Immunization, DPT (% of children ages 12-23 months)",SH.IMM.IDPT,77
Comoros,COM,2017,"Immunization, DPT (% of children ages 12-23 months)",SH.IMM.IDPT,79
Comoros,COM,2016,"Immunization, DPT (% of children ages 12-23 months)",SH.IMM.IDPT,75
Comoros,COM,2015,"Immunization, DPT (% of children ages 12-23 months)",SH.IMM.IDPT,80
Comoros,COM,2014,"Immunization, DPT (% of children ages 12-23 months)",SH.IMM.IDPT,80
Comoros,COM,2013,"Immunization, DPT (% of children ages 12-23 months)",SH.IMM.IDPT,83
Comoros,COM,2012,"Immunization, DPT (% of children ages 12-23 months)",SH.IMM.IDPT,86
Comoros,COM,2011,"Immunization, DPT (% of children ages 12-23 months)",SH.IMM.IDPT,83
Comoros,COM,2010,"Immunization, DPT (% of children ages 12-23 months)",SH.IMM.IDPT,74
Comoros,COM,2009,"Immunization, DPT (% of children ages 12-23 months)",SH.IMM.IDPT,83
Comoros,COM,2008,"Immunization, DPT (% of children ages 12-23 months)",SH.IMM.IDPT,81
Comoros,COM,2007,"Immunization, DPT (% of children ages 12-23 months)",SH.IMM.IDPT,75
Comoros,COM,2006,"Immunization, DPT (% of children ages 12-23 months)",SH.IMM.IDPT,69
Comoros,COM,2005,"Immunization, DPT (% of children ages 12-23 months)",SH.IMM.IDPT,68
Comoros,COM,2004,"Immunization, DPT (% of children ages 12-23 months)",SH.IMM.IDPT,76
Comoros,COM,2003,"Immunization, DPT (% of children ages 12-23 months)",SH.IMM.IDPT,80
Comoros,COM,2002,"Immunization, DPT (% of children ages 12-23 months)",SH.IMM.IDPT,89
Comoros,COM,2001,"Immunization, DPT (% of children ages 12-23 months)",SH.IMM.IDPT,70
Comoros,COM,2000,"Immunization, DPT (% of children ages 12-23 months)",SH.IMM.IDPT,70
Comoros,COM,1999,"Immunization, DPT (% of children ages 12-23 months)",SH.IMM.IDPT,73
Comoros,COM,1998,"Immunization, DPT (% of children ages 12-23 months)",SH.IMM.IDPT,75
Comoros,COM,1997,"Immunization, DPT (% of children ages 12-23 months)",SH.IMM.IDPT,48
Comoros,COM,1996,"Immunization, DPT (% of children ages 12-23 months)",SH.IMM.IDPT,60
Comoros,COM,1995,"Immunization, DPT (% of children ages 12-23 months)",SH.IMM.IDPT,75
Comoros,COM,1994,"Immunization, DPT (% of children ages 12-23 months)",SH.IMM.IDPT,58
Comoros,COM,1993,"Immunization, DPT (% of children ages 12-23 months)",SH.IMM.IDPT,70
Comoros,COM,1992,"Immunization, DPT (% of children ages 12-23 months)",SH.IMM.IDPT,38
Comoros,COM,1991,"Immunization, DPT (% of children ages 12-23 months)",SH.IMM.IDPT,52
Comoros,COM,1990,"Immunization, DPT (% of children ages 12-23 months)",SH.IMM.IDPT,94
Comoros,COM,1989,"Immunization, DPT (% of children ages 12-23 months)",SH.IMM.IDPT,82
Comoros,COM,1988,"Immunization, DPT (% of children ages 12-23 months)",SH.IMM.IDPT,43
Comoros,COM,1987,"Immunization, DPT (% of children ages 12-23 months)",SH.IMM.IDPT,71
Comoros,COM,1986,"Immunization, DPT (% of children ages 12-23 months)",SH.IMM.IDPT,71
Comoros,COM,1985,"Immunization, DPT (% of children ages 12-23 months)",SH.IMM.IDPT,51
Comoros,COM,1984,"Immunization, DPT (% of children ages 12-23 months)",SH.IMM.IDPT,31
Comoros,COM,2023,"Immunization, measles (% of children ages 12-23 months)",SH.IMM.MEAS,70
Comoros,COM,2022,"Immunization, measles (% of children ages 12-23 months)",SH.IMM.MEAS,71
Comoros,COM,2021,"Immunization, measles (% of children ages 12-23 months)",SH.IMM.MEAS,68
Comoros,COM,2020,"Immunization, measles (% of children ages 12-23 months)",SH.IMM.MEAS,75
Comoros,COM,2019,"Immunization, measles (% of children ages 12-23 months)",SH.IMM.MEAS,76
Comoros,COM,2018,"Immunization, measles (% of children ages 12-23 months)",SH.IMM.MEAS,74
Comoros,COM,2017,"Immunization, measles (% of children ages 12-23 months)",SH.IMM.MEAS,75
Comoros,COM,2016,"Immunization, measles (% of children ages 12-23 months)",SH.IMM.MEAS,77
Comoros,COM,2015,"Immunization, measles (% of children ages 12-23 months)",SH.IMM.MEAS,81
Comoros,COM,2014,"Immunization, measles (% of children ages 12-23 months)",SH.IMM.MEAS,80
Comoros,COM,2013,"Immunization, measles (% of children ages 12-23 months)",SH.IMM.MEAS,82
Comoros,COM,2012,"Immunization, measles (% of children ages 12-23 months)",SH.IMM.MEAS,85
Comoros,COM,2011,"Immunization, measles (% of children ages 12-23 months)",SH.IMM.MEAS,79
Comoros,COM,2010,"Immunization, measles (% of children ages 12-23 months)",SH.IMM.MEAS,72
Comoros,COM,2009,"Immunization, measles (% of children ages 12-23 months)",SH.IMM.MEAS,79
Comoros,COM,2008,"Immunization, measles (% of children ages 12-23 months)",SH.IMM.MEAS,76
Comoros,COM,2007,"Immunization, measles (% of children ages 12-23 months)",SH.IMM.MEAS,65
Comoros,COM,2006,"Immunization, measles (% of children ages 12-23 months)",SH.IMM.MEAS,66
Comoros,COM,2005,"Immunization, measles (% of children ages 12-23 months)",SH.IMM.MEAS,67
Comoros,COM,2004,"Immunization, measles (% of children ages 12-23 months)",SH.IMM.MEAS,76
Comoros,COM,2003,"Immunization, measles (% of children ages 12-23 months)",SH.IMM.MEAS,67
Comoros,COM,2002,"Immunization, measles (% of children ages 12-23 months)",SH.IMM.MEAS,71
Comoros,COM,2001,"Immunization, measles (% of children ages 12-23 months)",SH.IMM.MEAS,70
Comoros,COM,2000,"Immunization, measles (% of children ages 12-23 months)",SH.IMM.MEAS,70
Comoros,COM,1999,"Immunization, measles (% of children ages 12-23 months)",SH.IMM.MEAS,69
Comoros,COM,1998,"Immunization, measles (% of children ages 12-23 months)",SH.IMM.MEAS,67
Comoros,COM,1997,"Immunization, measles (% of children ages 12-23 months)",SH.IMM.MEAS,49
Comoros,COM,1996,"Immunization, measles (% of children ages 12-23 months)",SH.IMM.MEAS,43
Comoros,COM,1995,"Immunization, measles (% of children ages 12-23 months)",SH.IMM.MEAS,69
Comoros,COM,1994,"Immunization, measles (% of children ages 12-23 months)",SH.IMM.MEAS,59
Comoros,COM,1993,"Immunization, measles (% of children ages 12-23 months)",SH.IMM.MEAS,56
Comoros,COM,1992,"Immunization, measles (% of children ages 12-23 months)",SH.IMM.MEAS,51
Comoros,COM,1991,"Immunization, measles (% of children ages 12-23 months)",SH.IMM.MEAS,40
Comoros,COM,1990,"Immunization, measles (% of children ages 12-23 months)",SH.IMM.MEAS,87
Comoros,COM,1989,"Immunization, measles (% of children ages 12-23 months)",SH.IMM.MEAS,85
Comoros,COM,1988,"Immunization, measles (% of children ages 12-23 months)",SH.IMM.MEAS,40
Comoros,COM,1987,"Immunization, measles (% of children ages 12-23 months)",SH.IMM.MEAS,71
Comoros,COM,1986,"Immunization, measles (% of children ages 12-23 months)",SH.IMM.MEAS,71
Comoros,COM,1985,"Immunization, measles (% of children ages 12-23 months)",SH.IMM.MEAS,18
Comoros,COM,1984,"Immunization, measles (% of children ages 12-23 months)",SH.IMM.MEAS,42
Comoros,COM,2010,"Hospital beds (per 1,000 people)",SH.MED.BEDS.ZS,2.16
Comoros,COM,2006,"Hospital beds (per 1,000 people)",SH.MED.BEDS.ZS,2.2
Comoros,COM,1990,"Hospital beds (per 1,000 people)",SH.MED.BEDS.ZS,2.7616000175
Comoros,COM,1989,"Hospital beds (per 1,000 people)",SH.MED.BEDS.ZS,3.12490010261536
Comoros,COM,2020,"Nurses and midwives (per 1,000 people)",SH.MED.NUMW.P3,1.574
Comoros,COM,2018,"Nurses and midwives (per 1,000 people)",SH.MED.NUMW.P3,1.498
Comoros,COM,2009,"Nurses and midwives (per 1,000 people)",SH.MED.NUMW.P3,0.736
Comoros,COM,2005,"Nurses and midwives (per 1,000 people)",SH.MED.NUMW.P3,0.58
Comoros,COM,2004,"Nurses and midwives (per 1,000 people)",SH.MED.NUMW.P3,1.012
Comoros,COM,2020,"Physicians (per 1,000 people)",SH.MED.PHYS.ZS,0.439
Comoros,COM,2018,"Physicians (per 1,000 people)",SH.MED.PHYS.ZS,0.283
Comoros,COM,2016,"Physicians (per 1,000 people)",SH.MED.PHYS.ZS,0.29
Comoros,COM,2012,"Physicians (per 1,000 people)",SH.MED.PHYS.ZS,0.18
Comoros,COM,2009,"Physicians (per 1,000 people)",SH.MED.PHYS.ZS,0.199
Comoros,COM,2005,"Physicians (per 1,000 people)",SH.MED.PHYS.ZS,0.196
Comoros,COM,2004,"Physicians (per 1,000 people)",SH.MED.PHYS.ZS,0.198
Comoros,COM,1997,"Physicians (per 1,000 people)",SH.MED.PHYS.ZS,0.074
Comoros,COM,1992,"Physicians (per 1,000 people)",SH.MED.PHYS.ZS,0.127
Comoros,COM,1990,"Physicians (per 1,000 people)",SH.MED.PHYS.ZS,0.113
Comoros,COM,1988,"Physicians (per 1,000 people)",SH.MED.PHYS.ZS,0.163
Comoros,COM,1984,"Physicians (per 1,000 people)",SH.MED.PHYS.ZS,0.084
Comoros,COM,2023,"Incidence of malaria (per 1,000 population at risk)",SH.MLR.INCD.P3,24.75
Comoros,COM,2022,"Incidence of malaria (per 1,000 population at risk)",SH.MLR.INCD.P3,24.78
Comoros,COM,2021,"Incidence of malaria (per 1,000 population at risk)",SH.MLR.INCD.P3,12.88
Comoros,COM,2020,"Incidence of malaria (per 1,000 population at risk)",SH.MLR.INCD.P3,5.67
Comoros,COM,2019,"Incidence of malaria (per 1,000 population at risk)",SH.MLR.INCD.P3,22.37
Comoros,COM,2018,"Incidence of malaria (per 1,000 population at risk)",SH.MLR.INCD.P3,19.68
Comoros,COM,2017,"Incidence of malaria (per 1,000 population at risk)",SH.MLR.INCD.P3,5.15
Comoros,COM,2016,"Incidence of malaria (per 1,000 population at risk)",SH.MLR.INCD.P3,1.98
Comoros,COM,2015,"Incidence of malaria (per 1,000 population at risk)",SH.MLR.INCD.P3,2.59
Comoros,COM,2014,"Incidence of malaria (per 1,000 population at risk)",SH.MLR.INCD.P3,3.1
Comoros,COM,2013,"Incidence of malaria (per 1,000 population at risk)",SH.MLR.INCD.P3,76.35
Comoros,COM,2012,"Incidence of malaria (per 1,000 population at risk)",SH.MLR.INCD.P3,73.12
Comoros,COM,2011,"Incidence of malaria (per 1,000 population at risk)",SH.MLR.INCD.P3,37.21
Comoros,COM,2010,"Incidence of malaria (per 1,000 population at risk)",SH.MLR.INCD.P3,55.8
Comoros,COM,2009,"Incidence of malaria (per 1,000 population at risk)",SH.MLR.INCD.P3,55.49
Comoros,COM,2008,"Incidence of malaria (per 1,000 population at risk)",SH.MLR.INCD.P3,56.61
Comoros,COM,2007,"Incidence of malaria (per 1,000 population at risk)",SH.MLR.INCD.P3,57.75
Comoros,COM,2006,"Incidence of malaria (per 1,000 population at risk)",SH.MLR.INCD.P3,58.91
Comoros,COM,2005,"Incidence of malaria (per 1,000 population at risk)",SH.MLR.INCD.P3,60.09
Comoros,COM,2004,"Incidence of malaria (per 1,000 population at risk)",SH.MLR.INCD.P3,61.31
Comoros,COM,2003,"Incidence of malaria (per 1,000 population at risk)",SH.MLR.INCD.P3,62.56
Comoros,COM,2002,"Incidence of malaria (per 1,000 population at risk)",SH.MLR.INCD.P3,63.81
Comoros,COM,2001,"Incidence of malaria (per 1,000 population at risk)",SH.MLR.INCD.P3,65.07
Comoros,COM,2000,"Incidence of malaria (per 1,000 population at risk)",SH.MLR.INCD.P3,66.37
Comoros,COM,2012,Use of insecticide-treated bed nets (% of under-5 population),SH.MLR.NETS.ZS,41.1
Comoros,COM,2000,Use of insecticide-treated bed nets (% of under-5 population),SH.MLR.NETS.ZS,9
Comoros,COM,2012,Children with fever receiving antimalarial drugs (% of children under age 5 with fever),SH.MLR.TRET.ZS,26.7
Comoros,COM,2000,Children with fever receiving antimalarial drugs (% of children under age 5 with fever),SH.MLR.TRET.ZS,63
Comoros,COM,2023,Number of maternal deaths,SH.MMR.DTHS,44
Comoros,COM,2022,Number of maternal deaths,SH.MMR.DTHS,45
Comoros,COM,2021,Number of maternal deaths,SH.MMR.DTHS,52
Comoros,COM,2020,Number of maternal deaths,SH.MMR.DTHS,48
Comoros,COM,2019,Number of maternal deaths,SH.MMR.DTHS,48
Comoros,COM,2018,Number of maternal deaths,SH.MMR.DTHS,50
Comoros,COM,2017,Number of maternal deaths,SH.MMR.DTHS,52
Comoros,COM,2016,Number of maternal deaths,SH.MMR.DTHS,54
Comoros,COM,2015,Number of maternal deaths,SH.MMR.DTHS,56
Comoros,COM,2014,Number of maternal deaths,SH.MMR.DTHS,59
Comoros,COM,2013,Number of maternal deaths,SH.MMR.DTHS,61
Comoros,COM,2012,Number of maternal deaths,SH.MMR.DTHS,64
Comoros,COM,2011,Number of maternal deaths,SH.MMR.DTHS,67
Comoros,COM,2010,Number of maternal deaths,SH.MMR.DTHS,69
Comoros,COM,2009,Number of maternal deaths,SH.MMR.DTHS,71
Comoros,COM,2008,Number of maternal deaths,SH.MMR.DTHS,72
Comoros,COM,2007,Number of maternal deaths,SH.MMR.DTHS,74
Comoros,COM,2006,Number of maternal deaths,SH.MMR.DTHS,75
Comoros,COM,2005,Number of maternal deaths,SH.MMR.DTHS,76
Comoros,COM,2004,Number of maternal deaths,SH.MMR.DTHS,77
Comoros,COM,2003,Number of maternal deaths,SH.MMR.DTHS,79
Comoros,COM,2002,Number of maternal deaths,SH.MMR.DTHS,83
Comoros,COM,2001,Number of maternal deaths,SH.MMR.DTHS,85
Comoros,COM,2000,Number of maternal deaths,SH.MMR.DTHS,90
Comoros,COM,1999,Number of maternal deaths,SH.MMR.DTHS,91
Comoros,COM,1998,Number of maternal deaths,SH.MMR.DTHS,97
Comoros,COM,1997,Number of maternal deaths,SH.MMR.DTHS,98
Comoros,COM,1996,Number of maternal deaths,SH.MMR.DTHS,100
Comoros,COM,1995,Number of maternal deaths,SH.MMR.DTHS,110
Comoros,COM,1994,Number of maternal deaths,SH.MMR.DTHS,120
Comoros,COM,1993,Number of maternal deaths,SH.MMR.DTHS,120
Comoros,COM,1992,Number of maternal deaths,SH.MMR.DTHS,130
Comoros,COM,1991,Number of maternal deaths,SH.MMR.DTHS,140
Comoros,COM,1990,Number of maternal deaths,SH.MMR.DTHS,140
Comoros,COM,1989,Number of maternal deaths,SH.MMR.DTHS,150
Comoros,COM,1988,Number of maternal deaths,SH.MMR.DTHS,150
Comoros,COM,1987,Number of maternal deaths,SH.MMR.DTHS,150
Comoros,COM,1986,Number of maternal deaths,SH.MMR.DTHS,150
Comoros,COM,1985,Number of maternal deaths,SH.MMR.DTHS,150
Comoros,COM,2023,Lifetime risk of maternal death (1 in: rate varies by country),SH.MMR.RISK,151
Comoros,COM,2022,Lifetime risk of maternal death (1 in: rate varies by country),SH.MMR.RISK,143
Comoros,COM,2021,Lifetime risk of maternal death (1 in: rate varies by country),SH.MMR.RISK,122
Comoros,COM,2020,Lifetime risk of maternal death (1 in: rate varies by country),SH.MMR.RISK,129
Comoros,COM,2019,Lifetime risk of maternal death (1 in: rate varies by country),SH.MMR.RISK,125
Comoros,COM,2018,Lifetime risk of maternal death (1 in: rate varies by country),SH.MMR.RISK,119
Comoros,COM,2017,Lifetime risk of maternal death (1 in: rate varies by country),SH.MMR.RISK,112
Comoros,COM,2016,Lifetime risk of maternal death (1 in: rate varies by country),SH.MMR.RISK,106
Comoros,COM,2015,Lifetime risk of maternal death (1 in: rate varies by country),SH.MMR.RISK,99
Comoros,COM,2014,Lifetime risk of maternal death (1 in: rate varies by country),SH.MMR.RISK,94
Comoros,COM,2013,Lifetime risk of maternal death (1 in: rate varies by country),SH.MMR.RISK,88
Comoros,COM,2012,Lifetime risk of maternal death (1 in: rate varies by country),SH.MMR.RISK,82
Comoros,COM,2011,Lifetime risk of maternal death (1 in: rate varies by country),SH.MMR.RISK,77
Comoros,COM,2010,Lifetime risk of maternal death (1 in: rate varies by country),SH.MMR.RISK,73
Comoros,COM,2009,Lifetime risk of maternal death (1 in: rate varies by country),SH.MMR.RISK,69
Comoros,COM,2008,Lifetime risk of maternal death (1 in: rate varies by country),SH.MMR.RISK,66
Comoros,COM,2007,Lifetime risk of maternal death (1 in: rate varies by country),SH.MMR.RISK,62
Comoros,COM,2006,Lifetime risk of maternal death (1 in: rate varies by country),SH.MMR.RISK,60
Comoros,COM,2005,Lifetime risk of maternal death (1 in: rate varies by country),SH.MMR.RISK,58
Comoros,COM,2004,Lifetime risk of maternal death (1 in: rate varies by country),SH.MMR.RISK,55
Comoros,COM,2003,Lifetime risk of maternal death (1 in: rate varies by country),SH.MMR.RISK,53
Comoros,COM,2002,Lifetime risk of maternal death (1 in: rate varies by country),SH.MMR.RISK,49
Comoros,COM,2001,Lifetime risk of maternal death (1 in: rate varies by country),SH.MMR.RISK,47
Comoros,COM,2000,Lifetime risk of maternal death (1 in: rate varies by country),SH.MMR.RISK,43
Comoros,COM,1999,Lifetime risk of maternal death (1 in: rate varies by country),SH.MMR.RISK,41
Comoros,COM,1998,Lifetime risk of maternal death (1 in: rate varies by country),SH.MMR.RISK,38
Comoros,COM,1997,Lifetime risk of maternal death (1 in: rate varies by country),SH.MMR.RISK,36
Comoros,COM,1996,Lifetime risk of maternal death (1 in: rate varies by country),SH.MMR.RISK,34
Comoros,COM,1995,Lifetime risk of maternal death (1 in: rate varies by country),SH.MMR.RISK,32
Comoros,COM,1994,Lifetime risk of maternal death (1 in: rate varies by country),SH.MMR.RISK,30
Comoros,COM,1993,Lifetime risk of maternal death (1 in: rate varies by country),SH.MMR.RISK,27
Comoros,COM,1992,Lifetime risk of maternal death (1 in: rate varies by country),SH.MMR.RISK,25
Comoros,COM,1991,Lifetime risk of maternal death (1 in: rate varies by country),SH.MMR.RISK,24
Comoros,COM,1990,Lifetime risk of maternal death (1 in: rate varies by country),SH.MMR.RISK,23
Comoros,COM,1989,Lifetime risk of maternal death (1 in: rate varies by country),SH.MMR.RISK,21
Comoros,COM,1988,Lifetime risk of maternal death (1 in: rate varies by country),SH.MMR.RISK,20
Comoros,COM,1987,Lifetime risk of maternal death (1 in: rate varies by country),SH.MMR.RISK,20
Comoros,COM,1986,Lifetime risk of maternal death (1 in: rate varies by country),SH.MMR.RISK,19
Comoros,COM,1985,Lifetime risk of maternal death (1 in: rate varies by country),SH.MMR.RISK,18
Comoros,COM,2023,Lifetime risk of maternal death (%),SH.MMR.RISK.ZS,0.660579199223931
Comoros,COM,2022,Lifetime risk of maternal death (%),SH.MMR.RISK.ZS,0.698911900642822
Comoros,COM,2021,Lifetime risk of maternal death (%),SH.MMR.RISK.ZS,0.819107874962318
Comoros,COM,2020,Lifetime risk of maternal death (%),SH.MMR.RISK.ZS,0.773365292118791
Comoros,COM,2019,Lifetime risk of maternal death (%),SH.MMR.RISK.ZS,0.800875582620414
Comoros,COM,2018,Lifetime risk of maternal death (%),SH.MMR.RISK.ZS,0.842763372883736
Comoros,COM,2017,Lifetime risk of maternal death (%),SH.MMR.RISK.ZS,0.894466334231661
Comoros,COM,2016,Lifetime risk of maternal death (%),SH.MMR.RISK.ZS,0.944127211181093
Comoros,COM,2015,Lifetime risk of maternal death (%),SH.MMR.RISK.ZS,1.00939246735628
Comoros,COM,2014,Lifetime risk of maternal death (%),SH.MMR.RISK.ZS,1.0679110661084
Comoros,COM,2013,Lifetime risk of maternal death (%),SH.MMR.RISK.ZS,1.13773032381232
Comoros,COM,2012,Lifetime risk of maternal death (%),SH.MMR.RISK.ZS,1.21737717825681
Comoros,COM,2011,Lifetime risk of maternal death (%),SH.MMR.RISK.ZS,1.30620540186669
Comoros,COM,2010,Lifetime risk of maternal death (%),SH.MMR.RISK.ZS,1.37558019288112
Comoros,COM,2009,Lifetime risk of maternal death (%),SH.MMR.RISK.ZS,1.44631396938931
Comoros,COM,2008,Lifetime risk of maternal death (%),SH.MMR.RISK.ZS,1.51099849021357
Comoros,COM,2007,Lifetime risk of maternal death (%),SH.MMR.RISK.ZS,1.60079817913288
Comoros,COM,2006,Lifetime risk of maternal death (%),SH.MMR.RISK.ZS,1.65884914253894
Comoros,COM,2005,Lifetime risk of maternal death (%),SH.MMR.RISK.ZS,1.73853510936083
Comoros,COM,2004,Lifetime risk of maternal death (%),SH.MMR.RISK.ZS,1.80559379923106
Comoros,COM,2003,Lifetime risk of maternal death (%),SH.MMR.RISK.ZS,1.89889864256898
Comoros,COM,2002,Lifetime risk of maternal death (%),SH.MMR.RISK.ZS,2.05651114628099
Comoros,COM,2001,Lifetime risk of maternal death (%),SH.MMR.RISK.ZS,2.14892200099184
Comoros,COM,2000,Lifetime risk of maternal death (%),SH.MMR.RISK.ZS,2.34892188059727
Comoros,COM,1999,Lifetime risk of maternal death (%),SH.MMR.RISK.ZS,2.43861617545242
Comoros,COM,1998,Lifetime risk of maternal death (%),SH.MMR.RISK.ZS,2.64719855474862
Comoros,COM,1997,Lifetime risk of maternal death (%),SH.MMR.RISK.ZS,2.74773269355688
Comoros,COM,1996,Lifetime risk of maternal death (%),SH.MMR.RISK.ZS,2.94791526130651
Comoros,COM,1995,Lifetime risk of maternal death (%),SH.MMR.RISK.ZS,3.13741777731457
Comoros,COM,1994,Lifetime risk of maternal death (%),SH.MMR.RISK.ZS,3.37113310248842
Comoros,COM,1993,Lifetime risk of maternal death (%),SH.MMR.RISK.ZS,3.67845381414803
Comoros,COM,1992,Lifetime risk of maternal death (%),SH.MMR.RISK.ZS,3.95319784857059
Comoros,COM,1991,Lifetime risk of maternal death (%),SH.MMR.RISK.ZS,4.16727964575649
Comoros,COM,1990,Lifetime risk of maternal death (%),SH.MMR.RISK.ZS,4.43000748711541
Comoros,COM,1989,Lifetime risk of maternal death (%),SH.MMR.RISK.ZS,4.69210381668196
Comoros,COM,1988,Lifetime risk of maternal death (%),SH.MMR.RISK.ZS,4.89625729804993
Comoros,COM,1987,Lifetime risk of maternal death (%),SH.MMR.RISK.ZS,5.09523893895132
Comoros,COM,1986,Lifetime risk of maternal death (%),SH.MMR.RISK.ZS,5.24147631168214
Comoros,COM,1985,Lifetime risk of maternal death (%),SH.MMR.RISK.ZS,5.45833939759782
Comoros,COM,2023,Prevalence of anemia among pregnant women (%),SH.PRG.ANEM,35.5
Comoros,COM,2022,Prevalence of anemia among pregnant women (%),SH.PRG.ANEM,35.4
Comoros,COM,2021,Prevalence of anemia among pregnant women (%),SH.PRG.ANEM,35.2
Comoros,COM,2020,Prevalence of anemia among pregnant women (%),SH.PRG.ANEM,35.1
Comoros,COM,2019,Prevalence of anemia among pregnant women (%),SH.PRG.ANEM,35
Comoros,COM,2018,Prevalence of anemia among pregnant women (%),SH.PRG.ANEM,35
Comoros,COM,2017,Prevalence of anemia among pregnant women (%),SH.PRG.ANEM,35
Comoros,COM,2016,Prevalence of anemia among pregnant women (%),SH.PRG.ANEM,35
Comoros,COM,2015,Prevalence of anemia among pregnant women (%),SH.PRG.ANEM,34.9
Comoros,COM,2014,Prevalence of anemia among pregnant women (%),SH.PRG.ANEM,34.8
Comoros,COM,2013,Prevalence of anemia among pregnant women (%),SH.PRG.ANEM,34.9
Comoros,COM,2012,Prevalence of anemia among pregnant women (%),SH.PRG.ANEM,35
Comoros,COM,2011,Prevalence of anemia among pregnant women (%),SH.PRG.ANEM,35.2
Comoros,COM,2010,Prevalence of anemia among pregnant women (%),SH.PRG.ANEM,35.5
Comoros,COM,2009,Prevalence of anemia among pregnant women (%),SH.PRG.ANEM,35.9
Comoros,COM,2008,Prevalence of anemia among pregnant women (%),SH.PRG.ANEM,36.3
Comoros,COM,2007,Prevalence of anemia among pregnant women (%),SH.PRG.ANEM,36.8
Comoros,COM,2006,Prevalence of anemia among pregnant women (%),SH.PRG.ANEM,37.4
Comoros,COM,2005,Prevalence of anemia among pregnant women (%),SH.PRG.ANEM,38
Comoros,COM,2004,Prevalence of anemia among pregnant women (%),SH.PRG.ANEM,38.6
Comoros,COM,2003,Prevalence of anemia among pregnant women (%),SH.PRG.ANEM,39.2
Comoros,COM,2002,Prevalence of anemia among pregnant women (%),SH.PRG.ANEM,39.9
Comoros,COM,2001,Prevalence of anemia among pregnant women (%),SH.PRG.ANEM,40.5
Comoros,COM,2000,Prevalence of anemia among pregnant women (%),SH.PRG.ANEM,41.1
Comoros,COM,2022,Prevalence of current tobacco use (% of adults),SH.PRV.SMOK,17.2
Comoros,COM,2021,Prevalence of current tobacco use (% of adults),SH.PRV.SMOK,17.8
Comoros,COM,2020,Prevalence of current tobacco use (% of adults),SH.PRV.SMOK,18.5
Comoros,COM,2015,Prevalence of current tobacco use (% of adults),SH.PRV.SMOK,22.5
Comoros,COM,2010,Prevalence of current tobacco use (% of adults),SH.PRV.SMOK,28.3
Comoros,COM,2007,Prevalence of current tobacco use (% of adults),SH.PRV.SMOK,33.2
Comoros,COM,2005,Prevalence of current tobacco use (% of adults),SH.PRV.SMOK,37
Comoros,COM,2000,Prevalence of current tobacco use (% of adults),SH.PRV.SMOK,50.2
Comoros,COM,2022,"Prevalence of current tobacco use, females (% of female adults)",SH.PRV.SMOK.FE,6.7
Comoros,COM,2021,"Prevalence of current tobacco use, females (% of female adults)",SH.PRV.SMOK.FE,7.4
Comoros,COM,2020,"Prevalence of current tobacco use, females (% of female adults)",SH.PRV.SMOK.FE,8.1
Comoros,COM,2015,"Prevalence of current tobacco use, females (% of female adults)",SH.PRV.SMOK.FE,13.1
Comoros,COM,2010,"Prevalence of current tobacco use, females (% of female adults)",SH.PRV.SMOK.FE,21.4
Comoros,COM,2007,"Prevalence of current tobacco use, females (% of female adults)",SH.PRV.SMOK.FE,28.7
Comoros,COM,2005,"Prevalence of current tobacco use, females (% of female adults)",SH.PRV.SMOK.FE,34.8
Comoros,COM,2000,"Prevalence of current tobacco use, females (% of female adults)",SH.PRV.SMOK.FE,56.6
Comoros,COM,2022,"Prevalence of current tobacco use, males (% of male adults)",SH.PRV.SMOK.MA,27.7
Comoros,COM,2021,"Prevalence of current tobacco use, males (% of male adults)",SH.PRV.SMOK.MA,28.3
Comoros,COM,2020,"Prevalence of current tobacco use, males (% of male adults)",SH.PRV.SMOK.MA,28.9
Comoros,COM,2015,"Prevalence of current tobacco use, males (% of male adults)",SH.PRV.SMOK.MA,31.8
Comoros,COM,2010,"Prevalence of current tobacco use, males (% of male adults)",SH.PRV.SMOK.MA,35.2
Comoros,COM,2007,"Prevalence of current tobacco use, males (% of male adults)",SH.PRV.SMOK.MA,37.8
Comoros,COM,2005,"Prevalence of current tobacco use, males (% of male adults)",SH.PRV.SMOK.MA,39.1
Comoros,COM,2000,"Prevalence of current tobacco use, males (% of male adults)",SH.PRV.SMOK.MA,43.8
Comoros,COM,2022,Risk of catastrophic expenditure for surgical care (% of people at risk),SH.SGR.CRSK.ZS,47.8
Comoros,COM,2021,Risk of catastrophic expenditure for surgical care (% of people at risk),SH.SGR.CRSK.ZS,47.2
Comoros,COM,2020,Risk of catastrophic expenditure for surgical care (% of people at risk),SH.SGR.CRSK.ZS,46.8
Comoros,COM,2019,Risk of catastrophic expenditure for surgical care (% of people at risk),SH.SGR.CRSK.ZS,44
Comoros,COM,2015,Risk of catastrophic expenditure for surgical care (% of people at risk),SH.SGR.CRSK.ZS,54
Comoros,COM,2014,Risk of catastrophic expenditure for surgical care (% of people at risk),SH.SGR.CRSK.ZS,47.9
Comoros,COM,2013,Risk of catastrophic expenditure for surgical care (% of people at risk),SH.SGR.CRSK.ZS,56.2
Comoros,COM,2012,Risk of catastrophic expenditure for surgical care (% of people at risk),SH.SGR.CRSK.ZS,56.5
Comoros,COM,2008,Risk of catastrophic expenditure for surgical care (% of people at risk),SH.SGR.CRSK.ZS,64.7
Comoros,COM,2007,Risk of catastrophic expenditure for surgical care (% of people at risk),SH.SGR.CRSK.ZS,64.9
Comoros,COM,2006,Risk of catastrophic expenditure for surgical care (% of people at risk),SH.SGR.CRSK.ZS,64.2
Comoros,COM,2005,Risk of catastrophic expenditure for surgical care (% of people at risk),SH.SGR.CRSK.ZS,58.7
Comoros,COM,2004,Risk of catastrophic expenditure for surgical care (% of people at risk),SH.SGR.CRSK.ZS,61.8
Comoros,COM,2022,Risk of impoverishing expenditure for surgical care (% of people at risk),SH.SGR.IRSK.ZS,45.8
Comoros,COM,2021,Risk of impoverishing expenditure for surgical care (% of people at risk),SH.SGR.IRSK.ZS,45.2
Comoros,COM,2020,Risk of impoverishing expenditure for surgical care (% of people at risk),SH.SGR.IRSK.ZS,44.8
Comoros,COM,2019,Risk of impoverishing expenditure for surgical care (% of people at risk),SH.SGR.IRSK.ZS,45.2
Comoros,COM,2015,Risk of impoverishing expenditure for surgical care (% of people at risk),SH.SGR.IRSK.ZS,48.2
Comoros,COM,2014,Risk of impoverishing expenditure for surgical care (% of people at risk),SH.SGR.IRSK.ZS,47
Comoros,COM,2013,Risk of impoverishing expenditure for surgical care (% of people at risk),SH.SGR.IRSK.ZS,54.5
Comoros,COM,2012,Risk of impoverishing expenditure for surgical care (% of people at risk),SH.SGR.IRSK.ZS,54.9
Comoros,COM,2008,Risk of impoverishing expenditure for surgical care (% of people at risk),SH.SGR.IRSK.ZS,57.5
Comoros,COM,2007,Risk of impoverishing expenditure for surgical care (% of people at risk),SH.SGR.IRSK.ZS,58.2
Comoros,COM,2006,Risk of impoverishing expenditure for surgical care (% of people at risk),SH.SGR.IRSK.ZS,58.3
Comoros,COM,2005,Risk of impoverishing expenditure for surgical care (% of people at risk),SH.SGR.IRSK.ZS,52.1
Comoros,COM,2004,Risk of impoverishing expenditure for surgical care (% of people at risk),SH.SGR.IRSK.ZS,58.2
Comoros,COM,2019,"Mortality rate attributed to household and ambient air pollution, age-standardized, female (per 100,000 female population)",SH.STA.AIRP.FE.P5,155.2
Comoros,COM,2019,"Mortality rate attributed to household and ambient air pollution, age-standardized, male (per 100,000 male population)",SH.STA.AIRP.MA.P5,174.8
Comoros,COM,2019,"Mortality rate attributed to household and ambient air pollution, age-standardized (per 100,000 population)",SH.STA.AIRP.P5,164.6
Comoros,COM,2012,Pregnant women receiving prenatal care (%),SH.STA.ANVC.ZS,92.1
Comoros,COM,2004,Pregnant women receiving prenatal care (%),SH.STA.ANVC.ZS,75
Comoros,COM,2000,Pregnant women receiving prenatal care (%),SH.STA.ANVC.ZS,74.3
Comoros,COM,1996,Pregnant women receiving prenatal care (%),SH.STA.ANVC.ZS,84.5
Comoros,COM,2012,ARI treatment (% of children under 5 taken to a health provider),SH.STA.ARIC.ZS,38.1
Comoros,COM,2000,ARI treatment (% of children under 5 taken to a health provider),SH.STA.ARIC.ZS,56
Comoros,COM,2019,"People using at least basic sanitation services, rural (% of rural population)",SH.STA.BASS.RU.ZS,32.0654243709401
Comoros,COM,2018,"People using at least basic sanitation services, rural (% of rural population)",SH.STA.BASS.RU.ZS,32.0654243709401
Comoros,COM,2017,"People using at least basic sanitation services, rural (% of rural population)",SH.STA.BASS.RU.ZS,32.0654243709401
Comoros,COM,2016,"People using at least basic sanitation services, rural (% of rural population)",SH.STA.BASS.RU.ZS,32.0654243709401
Comoros,COM,2015,"People using at least basic sanitation services, rural (% of rural population)",SH.STA.BASS.RU.ZS,32.0654243709401
Comoros,COM,2014,"People using at least basic sanitation services, rural (% of rural population)",SH.STA.BASS.RU.ZS,31.1089937292376
Comoros,COM,2013,"People using at least basic sanitation services, rural (% of rural population)",SH.STA.BASS.RU.ZS,30.9045455921052
Comoros,COM,2012,"People using at least basic sanitation services, rural (% of rural population)",SH.STA.BASS.RU.ZS,30.6523921168023
Comoros,COM,2011,"People using at least basic sanitation services, rural (% of rural population)",SH.STA.BASS.RU.ZS,30.3525333033295
Comoros,COM,2010,"People using at least basic sanitation services, rural (% of rural population)",SH.STA.BASS.RU.ZS,30.0049691516867
Comoros,COM,2009,"People using at least basic sanitation services, rural (% of rural population)",SH.STA.BASS.RU.ZS,29.6096996618734
Comoros,COM,2008,"People using at least basic sanitation services, rural (% of rural population)",SH.STA.BASS.RU.ZS,29.1667248338897
Comoros,COM,2007,"People using at least basic sanitation services, rural (% of rural population)",SH.STA.BASS.RU.ZS,28.6760446677359
Comoros,COM,2006,"People using at least basic sanitation services, rural (% of rural population)",SH.STA.BASS.RU.ZS,28.137659163412
Comoros,COM,2005,"People using at least basic sanitation services, rural (% of rural population)",SH.STA.BASS.RU.ZS,27.5515683209176
Comoros,COM,2004,"People using at least basic sanitation services, rural (% of rural population)",SH.STA.BASS.RU.ZS,26.9177721402532
Comoros,COM,2003,"People using at least basic sanitation services, rural (% of rural population)",SH.STA.BASS.RU.ZS,26.2362706214186
Comoros,COM,2002,"People using at least basic sanitation services, rural (% of rural population)",SH.STA.BASS.RU.ZS,25.5070637644137
Comoros,COM,2001,"People using at least basic sanitation services, rural (% of rural population)",SH.STA.BASS.RU.ZS,24.7301515692386
Comoros,COM,2000,"People using at least basic sanitation services, rural (% of rural population)",SH.STA.BASS.RU.ZS,23.4636362294297
Comoros,COM,2019,"People using at least basic sanitation services, urban (% of urban population)",SH.STA.BASS.UR.ZS,45.2366296107073
Comoros,COM,2018,"People using at least basic sanitation services, urban (% of urban population)",SH.STA.BASS.UR.ZS,45.2366296107073
Comoros,COM,2017,"People using at least basic sanitation services, urban (% of urban population)",SH.STA.BASS.UR.ZS,45.2366296107073
Comoros,COM,2016,"People using at least basic sanitation services, urban (% of urban population)",SH.STA.BASS.UR.ZS,45.2366296107073
Comoros,COM,2015,"People using at least basic sanitation services, urban (% of urban population)",SH.STA.BASS.UR.ZS,45.2366296107073
Comoros,COM,2014,"People using at least basic sanitation services, urban (% of urban population)",SH.STA.BASS.UR.ZS,44.3718825221984
Comoros,COM,2013,"People using at least basic sanitation services, urban (% of urban population)",SH.STA.BASS.UR.ZS,44.7144838136363
Comoros,COM,2012,"People using at least basic sanitation services, urban (% of urban population)",SH.STA.BASS.UR.ZS,45.0090906330883
Comoros,COM,2011,"People using at least basic sanitation services, urban (% of urban population)",SH.STA.BASS.UR.ZS,45.2557029805549
Comoros,COM,2010,"People using at least basic sanitation services, urban (% of urban population)",SH.STA.BASS.UR.ZS,45.4543208560359
Comoros,COM,2009,"People using at least basic sanitation services, urban (% of urban population)",SH.STA.BASS.UR.ZS,45.6049442595311
Comoros,COM,2008,"People using at least basic sanitation services, urban (% of urban population)",SH.STA.BASS.UR.ZS,45.7075731910407
Comoros,COM,2007,"People using at least basic sanitation services, urban (% of urban population)",SH.STA.BASS.UR.ZS,45.7622076505642
Comoros,COM,2006,"People using at least basic sanitation services, urban (% of urban population)",SH.STA.BASS.UR.ZS,45.7688476381025
Comoros,COM,2005,"People using at least basic sanitation services, urban (% of urban population)",SH.STA.BASS.UR.ZS,45.7274931536547
Comoros,COM,2004,"People using at least basic sanitation services, urban (% of urban population)",SH.STA.BASS.UR.ZS,45.6381441972216
Comoros,COM,2003,"People using at least basic sanitation services, urban (% of urban population)",SH.STA.BASS.UR.ZS,45.5008007688029
Comoros,COM,2002,"People using at least basic sanitation services, urban (% of urban population)",SH.STA.BASS.UR.ZS,45.315462868398
Comoros,COM,2001,"People using at least basic sanitation services, urban (% of urban population)",SH.STA.BASS.UR.ZS,45.0821304960082
Comoros,COM,2000,"People using at least basic sanitation services, urban (% of urban population)",SH.STA.BASS.UR.ZS,43.9054193395923
Comoros,COM,2019,People using at least basic sanitation services (% of population),SH.STA.BASS.ZS,35.9066757549833
Comoros,COM,2018,People using at least basic sanitation services (% of population),SH.STA.BASS.ZS,35.8804627544981
Comoros,COM,2017,People using at least basic sanitation services (% of population),SH.STA.BASS.ZS,35.8566241481776
Comoros,COM,2016,People using at least basic sanitation services (% of population),SH.STA.BASS.ZS,35.8348906522207
Comoros,COM,2015,People using at least basic sanitation services (% of population),SH.STA.BASS.ZS,35.8152661023519
Comoros,COM,2014,People using at least basic sanitation services (% of population),SH.STA.BASS.ZS,34.8674297281274
Comoros,COM,2013,People using at least basic sanitation services (% of population),SH.STA.BASS.ZS,34.802124546897
Comoros,COM,2012,People using at least basic sanitation services (% of population),SH.STA.BASS.ZS,34.6899269606426
Comoros,COM,2011,People using at least basic sanitation services (% of population),SH.STA.BASS.ZS,34.5313813628435
Comoros,COM,2010,People using at least basic sanitation services (% of population),SH.STA.BASS.ZS,34.3266154418974
Comoros,COM,2009,People using at least basic sanitation services (% of population),SH.STA.BASS.ZS,34.0757324816563
Comoros,COM,2008,People using at least basic sanitation services (% of population),SH.STA.BASS.ZS,33.7793067711292
Comoros,COM,2007,People using at least basic sanitation services (% of population),SH.STA.BASS.ZS,33.4374468041965
Comoros,COM,2006,People using at least basic sanitation services (% of population),SH.STA.BASS.ZS,33.0502370446673
Comoros,COM,2005,People using at least basic sanitation services (% of population),SH.STA.BASS.ZS,32.6181080742434
Comoros,COM,2004,People using at least basic sanitation services (% of population),SH.STA.BASS.ZS,32.1413169353801
Comoros,COM,2003,People using at least basic sanitation services (% of population),SH.STA.BASS.ZS,31.6201289990803
Comoros,COM,2002,People using at least basic sanitation services (% of population),SH.STA.BASS.ZS,31.0518318596718
Comoros,COM,2001,People using at least basic sanitation services (% of population),SH.STA.BASS.ZS,30.4360322594528
Comoros,COM,2000,People using at least basic sanitation services (% of population),SH.STA.BASS.ZS,29.2036888401516
Comoros,COM,2012,Exclusive breastfeeding (% of children under 6 months),SH.STA.BFED.ZS,11.43316
Comoros,COM,2000,Exclusive breastfeeding (% of children under 6 months),SH.STA.BFED.ZS,10.19131
Comoros,COM,1996,Exclusive breastfeeding (% of children under 6 months),SH.STA.BFED.ZS,3.2
Comoros,COM,2012,Births attended by skilled health staff (% of total),SH.STA.BRTC.ZS,82.2
Comoros,COM,2000,Births attended by skilled health staff (% of total),SH.STA.BRTC.ZS,61.8
Comoros,COM,1996,Births attended by skilled health staff (% of total),SH.STA.BRTC.ZS,51.6
Comoros,COM,2020,Low-birthweight babies (% of births),SH.STA.BRTW.ZS,23.02724006
Comoros,COM,2019,Low-birthweight babies (% of births),SH.STA.BRTW.ZS,23.17438682
Comoros,COM,2018,Low-birthweight babies (% of births),SH.STA.BRTW.ZS,23.3203247
Comoros,COM,2017,Low-birthweight babies (% of births),SH.STA.BRTW.ZS,23.47133018
Comoros,COM,2016,Low-birthweight babies (% of births),SH.STA.BRTW.ZS,23.61539682
Comoros,COM,2015,Low-birthweight babies (% of births),SH.STA.BRTW.ZS,23.75450733
Comoros,COM,2014,Low-birthweight babies (% of births),SH.STA.BRTW.ZS,23.8744153
Comoros,COM,2013,Low-birthweight babies (% of births),SH.STA.BRTW.ZS,23.99375464
Comoros,COM,2012,Low-birthweight babies (% of births),SH.STA.BRTW.ZS,24.11875671
Comoros,COM,2011,Low-birthweight babies (% of births),SH.STA.BRTW.ZS,24.24461105
Comoros,COM,2010,Low-birthweight babies (% of births),SH.STA.BRTW.ZS,24.38551476
Comoros,COM,2009,Low-birthweight babies (% of births),SH.STA.BRTW.ZS,24.51937748
Comoros,COM,2008,Low-birthweight babies (% of births),SH.STA.BRTW.ZS,24.6408115
Comoros,COM,2007,Low-birthweight babies (% of births),SH.STA.BRTW.ZS,24.76584874
Comoros,COM,2006,Low-birthweight babies (% of births),SH.STA.BRTW.ZS,24.8711381
Comoros,COM,2005,Low-birthweight babies (% of births),SH.STA.BRTW.ZS,24.97399902
Comoros,COM,2004,Low-birthweight babies (% of births),SH.STA.BRTW.ZS,25.07739343
Comoros,COM,2003,Low-birthweight babies (% of births),SH.STA.BRTW.ZS,25.18186299
Comoros,COM,2002,Low-birthweight babies (% of births),SH.STA.BRTW.ZS,25.28963506
Comoros,COM,2001,Low-birthweight babies (% of births),SH.STA.BRTW.ZS,25.4024139
Comoros,COM,2000,Low-birthweight babies (% of births),SH.STA.BRTW.ZS,25.5180785
Comoros,COM,2024,Diabetes prevalence (% of population ages 20 to 79),SH.STA.DIAB.ZS,10.8
Comoros,COM,2011,Diabetes prevalence (% of population ages 20 to 79),SH.STA.DIAB.ZS,8.4
Comoros,COM,2016,"People with basic handwashing facilities including soap and water, rural (% of rural population)",SH.STA.HYGN.RU.ZS,14.6530589218417
Comoros,COM,2015,"People with basic handwashing facilities including soap and water, rural (% of rural population)",SH.STA.HYGN.RU.ZS,14.6530589218417
Comoros,COM,2014,"People with basic handwashing facilities including soap and water, rural (% of rural population)",SH.STA.HYGN.RU.ZS,14.6530589218417
Comoros,COM,2013,"People with basic handwashing facilities including soap and water, rural (% of rural population)",SH.STA.HYGN.RU.ZS,14.6530589218417
Comoros,COM,2012,"People with basic handwashing facilities including soap and water, rural (% of rural population)",SH.STA.HYGN.RU.ZS,14.6530589218417
Comoros,COM,2011,"People with basic handwashing facilities including soap and water, rural (% of rural population)",SH.STA.HYGN.RU.ZS,14.6530589218417
Comoros,COM,2010,"People with basic handwashing facilities including soap and water, rural (% of rural population)",SH.STA.HYGN.RU.ZS,14.6530589218417
Comoros,COM,2009,"People with basic handwashing facilities including soap and water, rural (% of rural population)",SH.STA.HYGN.RU.ZS,14.6530589218417
Comoros,COM,2008,"People with basic handwashing facilities including soap and water, rural (% of rural population)",SH.STA.HYGN.RU.ZS,14.6530589218417
Comoros,COM,2016,"People with basic handwashing facilities including soap and water, urban (% of urban population)",SH.STA.HYGN.UR.ZS,17.8693655577542
Comoros,COM,2015,"People with basic handwashing facilities including soap and water, urban (% of urban population)",SH.STA.HYGN.UR.ZS,17.8693655577542
Comoros,COM,2014,"People with basic handwashing facilities including soap and water, urban (% of urban population)",SH.STA.HYGN.UR.ZS,17.8693655577542
Comoros,COM,2013,"People with basic handwashing facilities including soap and water, urban (% of urban population)",SH.STA.HYGN.UR.ZS,17.8693655577542
Comoros,COM,2012,"People with basic handwashing facilities including soap and water, urban (% of urban population)",SH.STA.HYGN.UR.ZS,17.8693655577542
Comoros,COM,2011,"People with basic handwashing facilities including soap and water, urban (% of urban population)",SH.STA.HYGN.UR.ZS,17.8693655577542
Comoros,COM,2010,"People with basic handwashing facilities including soap and water, urban (% of urban population)",SH.STA.HYGN.UR.ZS,17.8693655577542
Comoros,COM,2009,"People with basic handwashing facilities including soap and water, urban (% of urban population)",SH.STA.HYGN.UR.ZS,17.8693655577542
Comoros,COM,2008,"People with basic handwashing facilities including soap and water, urban (% of urban population)",SH.STA.HYGN.UR.ZS,17.8693655577542
Comoros,COM,2016,People with basic handwashing facilities including soap and water (% of population),SH.STA.HYGN.ZS,15.5735332982746
Comoros,COM,2015,People with basic handwashing facilities including soap and water (% of population),SH.STA.HYGN.ZS,15.5687412126864
Comoros,COM,2014,People with basic handwashing facilities including soap and water (% of population),SH.STA.HYGN.ZS,15.5644952417623
Comoros,COM,2013,People with basic handwashing facilities including soap and water (% of population),SH.STA.HYGN.ZS,15.5607972220346
Comoros,COM,2012,People with basic handwashing facilities including soap and water (% of population),SH.STA.HYGN.ZS,15.5575810563207
Comoros,COM,2011,People with basic handwashing facilities including soap and water (% of population),SH.STA.HYGN.ZS,15.5549109527583
Comoros,COM,2010,People with basic handwashing facilities including soap and water (% of population),SH.STA.HYGN.ZS,15.5527560287023
Comoros,COM,2009,People with basic handwashing facilities including soap and water (% of population),SH.STA.HYGN.ZS,15.5510841687731
Comoros,COM,2008,People with basic handwashing facilities including soap and water (% of population),SH.STA.HYGN.ZS,15.5499586129898
Comoros,COM,2022,"Prevalence of underweight, weight for age, female (% of children under 5)",SH.STA.MALN.FE.ZS,8.4
Comoros,COM,2012,"Prevalence of underweight, weight for age, female (% of children under 5)",SH.STA.MALN.FE.ZS,16.6
Comoros,COM,2000,"Prevalence of underweight, weight for age, female (% of children under 5)",SH.STA.MALN.FE.ZS,21.9
Comoros,COM,1996,"Prevalence of underweight, weight for age, female (% of children under 5)",SH.STA.MALN.FE.ZS,19
Comoros,COM,2022,"Prevalence of underweight, weight for age, male (% of children under 5)",SH.STA.MALN.MA.ZS,9.9
Comoros,COM,2012,"Prevalence of underweight, weight for age, male (% of children under 5)",SH.STA.MALN.MA.ZS,17.2
Comoros,COM,2000,"Prevalence of underweight, weight for age, male (% of children under 5)",SH.STA.MALN.MA.ZS,28.1
Comoros,COM,1996,"Prevalence of underweight, weight for age, male (% of children under 5)",SH.STA.MALN.MA.ZS,25.7
Comoros,COM,2022,"Prevalence of underweight, weight for age (% of children under 5)",SH.STA.MALN.ZS,9.1
Comoros,COM,2012,"Prevalence of underweight, weight for age (% of children under 5)",SH.STA.MALN.ZS,16.9
Comoros,COM,2000,"Prevalence of underweight, weight for age (% of children under 5)",SH.STA.MALN.ZS,25.1
Comoros,COM,1996,"Prevalence of underweight, weight for age (% of children under 5)",SH.STA.MALN.ZS,22.4
Comoros,COM,1992,"Prevalence of underweight, weight for age (% of children under 5)",SH.STA.MALN.ZS,15.2
Comoros,COM,2023,"Maternal mortality ratio (modeled estimate, per 100,000 live births)",SH.STA.MMRT,179
Comoros,COM,2022,"Maternal mortality ratio (modeled estimate, per 100,000 live births)",SH.STA.MMRT,186
Comoros,COM,2021,"Maternal mortality ratio (modeled estimate, per 100,000 live births)",SH.STA.MMRT,215
Comoros,COM,2020,"Maternal mortality ratio (modeled estimate, per 100,000 live births)",SH.STA.MMRT,198
Comoros,COM,2019,"Maternal mortality ratio (modeled estimate, per 100,000 live births)",SH.STA.MMRT,202
Comoros,COM,2018,"Maternal mortality ratio (modeled estimate, per 100,000 live births)",SH.STA.MMRT,209
Comoros,COM,2017,"Maternal mortality ratio (modeled estimate, per 100,000 live births)",SH.STA.MMRT,219
Comoros,COM,2016,"Maternal mortality ratio (modeled estimate, per 100,000 live births)",SH.STA.MMRT,225
Comoros,COM,2015,"Maternal mortality ratio (modeled estimate, per 100,000 live births)",SH.STA.MMRT,237
Comoros,COM,2014,"Maternal mortality ratio (modeled estimate, per 100,000 live births)",SH.STA.MMRT,247
Comoros,COM,2013,"Maternal mortality ratio (modeled estimate, per 100,000 live births)",SH.STA.MMRT,260
Comoros,COM,2012,"Maternal mortality ratio (modeled estimate, per 100,000 live births)",SH.STA.MMRT,274
Comoros,COM,2011,"Maternal mortality ratio (modeled estimate, per 100,000 live births)",SH.STA.MMRT,291
Comoros,COM,2010,"Maternal mortality ratio (modeled estimate, per 100,000 live births)",SH.STA.MMRT,305
Comoros,COM,2009,"Maternal mortality ratio (modeled estimate, per 100,000 live births)",SH.STA.MMRT,320
Comoros,COM,2008,"Maternal mortality ratio (modeled estimate, per 100,000 live births)",SH.STA.MMRT,334
Comoros,COM,2007,"Maternal mortality ratio (modeled estimate, per 100,000 live births)",SH.STA.MMRT,352
Comoros,COM,2006,"Maternal mortality ratio (modeled estimate, per 100,000 live births)",SH.STA.MMRT,360
Comoros,COM,2005,"Maternal mortality ratio (modeled estimate, per 100,000 live births)",SH.STA.MMRT,373
Comoros,COM,2004,"Maternal mortality ratio (modeled estimate, per 100,000 live births)",SH.STA.MMRT,385
Comoros,COM,2003,"Maternal mortality ratio (modeled estimate, per 100,000 live births)",SH.STA.MMRT,400
Comoros,COM,2002,"Maternal mortality ratio (modeled estimate, per 100,000 live births)",SH.STA.MMRT,428
Comoros,COM,2001,"Maternal mortality ratio (modeled estimate, per 100,000 live births)",SH.STA.MMRT,440
Comoros,COM,2000,"Maternal mortality ratio (modeled estimate, per 100,000 live births)",SH.STA.MMRT,476
Comoros,COM,1999,"Maternal mortality ratio (modeled estimate, per 100,000 live births)",SH.STA.MMRT,486
Comoros,COM,1998,"Maternal mortality ratio (modeled estimate, per 100,000 live births)",SH.STA.MMRT,515
Comoros,COM,1997,"Maternal mortality ratio (modeled estimate, per 100,000 live births)",SH.STA.MMRT,520
Comoros,COM,1996,"Maternal mortality ratio (modeled estimate, per 100,000 live births)",SH.STA.MMRT,545
Comoros,COM,1995,"Maternal mortality ratio (modeled estimate, per 100,000 live births)",SH.STA.MMRT,571
Comoros,COM,1994,"Maternal mortality ratio (modeled estimate, per 100,000 live births)",SH.STA.MMRT,602
Comoros,COM,1993,"Maternal mortality ratio (modeled estimate, per 100,000 live births)",SH.STA.MMRT,642
Comoros,COM,1992,"Maternal mortality ratio (modeled estimate, per 100,000 live births)",SH.STA.MMRT,675
Comoros,COM,1991,"Maternal mortality ratio (modeled estimate, per 100,000 live births)",SH.STA.MMRT,704
Comoros,COM,1990,"Maternal mortality ratio (modeled estimate, per 100,000 live births)",SH.STA.MMRT,737
Comoros,COM,1989,"Maternal mortality ratio (modeled estimate, per 100,000 live births)",SH.STA.MMRT,768
Comoros,COM,1988,"Maternal mortality ratio (modeled estimate, per 100,000 live births)",SH.STA.MMRT,791
Comoros,COM,1987,"Maternal mortality ratio (modeled estimate, per 100,000 live births)",SH.STA.MMRT,811
Comoros,COM,1986,"Maternal mortality ratio (modeled estimate, per 100,000 live births)",SH.STA.MMRT,825
Comoros,COM,1985,"Maternal mortality ratio (modeled estimate, per 100,000 live births)",SH.STA.MMRT,850
Comoros,COM,2012,"Maternal mortality ratio (national estimate, per 100,000 live births)",SH.STA.MMRT.NE,352
Comoros,COM,2018,"People practicing open defecation, rural (% of rural population)",SH.STA.ODFC.RU.ZS,0.617914688361159
Comoros,COM,2017,"People practicing open defecation, rural (% of rural population)",SH.STA.ODFC.RU.ZS,0.617914688361159
Comoros,COM,2016,"People practicing open defecation, rural (% of rural population)",SH.STA.ODFC.RU.ZS,0.617914688361159
Comoros,COM,2015,"People practicing open defecation, rural (% of rural population)",SH.STA.ODFC.RU.ZS,0.617914688361159
Comoros,COM,2014,"People practicing open defecation, rural (% of rural population)",SH.STA.ODFC.RU.ZS,0.617914688361159
Comoros,COM,2013,"People practicing open defecation, rural (% of rural population)",SH.STA.ODFC.RU.ZS,0.62275755302262
Comoros,COM,2012,"People practicing open defecation, rural (% of rural population)",SH.STA.ODFC.RU.ZS,0.627600417684079
Comoros,COM,2011,"People practicing open defecation, rural (% of rural population)",SH.STA.ODFC.RU.ZS,0.632443282345537
Comoros,COM,2010,"People practicing open defecation, rural (% of rural population)",SH.STA.ODFC.RU.ZS,0.637286147006996
Comoros,COM,2009,"People practicing open defecation, rural (% of rural population)",SH.STA.ODFC.RU.ZS,0.642129011668455
Comoros,COM,2008,"People practicing open defecation, rural (% of rural population)",SH.STA.ODFC.RU.ZS,0.646971876329916
Comoros,COM,2007,"People practicing open defecation, rural (% of rural population)",SH.STA.ODFC.RU.ZS,0.651814740991375
Comoros,COM,2006,"People practicing open defecation, rural (% of rural population)",SH.STA.ODFC.RU.ZS,0.656657605652834
Comoros,COM,2005,"People practicing open defecation, rural (% of rural population)",SH.STA.ODFC.RU.ZS,0.661500470314293
Comoros,COM,2004,"People practicing open defecation, rural (% of rural population)",SH.STA.ODFC.RU.ZS,0.666343334975753
Comoros,COM,2003,"People practicing open defecation, rural (% of rural population)",SH.STA.ODFC.RU.ZS,0.671186199637212
Comoros,COM,2002,"People practicing open defecation, rural (% of rural population)",SH.STA.ODFC.RU.ZS,0.676029064298671
Comoros,COM,2001,"People practicing open defecation, rural (% of rural population)",SH.STA.ODFC.RU.ZS,0.68087192896013
Comoros,COM,2000,"People practicing open defecation, rural (% of rural population)",SH.STA.ODFC.RU.ZS,0.685714793621589
Comoros,COM,2018,"People practicing open defecation, urban (% of urban population)",SH.STA.ODFC.UR.ZS,0.526326000369453
Comoros,COM,2017,"People practicing open defecation, urban (% of urban population)",SH.STA.ODFC.UR.ZS,0.526326000369453
Comoros,COM,2016,"People practicing open defecation, urban (% of urban population)",SH.STA.ODFC.UR.ZS,0.526326000369453
Comoros,COM,2015,"People practicing open defecation, urban (% of urban population)",SH.STA.ODFC.UR.ZS,0.526326000369453
Comoros,COM,2014,"People practicing open defecation, urban (% of urban population)",SH.STA.ODFC.UR.ZS,0.526326000369453
Comoros,COM,2013,"People practicing open defecation, urban (% of urban population)",SH.STA.ODFC.UR.ZS,0.53190682454607
Comoros,COM,2012,"People practicing open defecation, urban (% of urban population)",SH.STA.ODFC.UR.ZS,0.537487648722685
Comoros,COM,2011,"People practicing open defecation, urban (% of urban population)",SH.STA.ODFC.UR.ZS,0.543068472899302
Comoros,COM,2010,"People practicing open defecation, urban (% of urban population)",SH.STA.ODFC.UR.ZS,0.548649297075919
Comoros,COM,2009,"People practicing open defecation, urban (% of urban population)",SH.STA.ODFC.UR.ZS,0.554230121252536
Comoros,COM,2008,"People practicing open defecation, urban (% of urban population)",SH.STA.ODFC.UR.ZS,0.559810945429151
Comoros,COM,2007,"People practicing open defecation, urban (% of urban population)",SH.STA.ODFC.UR.ZS,0.565391769605768
Comoros,COM,2006,"People practicing open defecation, urban (% of urban population)",SH.STA.ODFC.UR.ZS,0.570972593782384
Comoros,COM,2005,"People practicing open defecation, urban (% of urban population)",SH.STA.ODFC.UR.ZS,0.576553417959001
Comoros,COM,2004,"People practicing open defecation, urban (% of urban population)",SH.STA.ODFC.UR.ZS,0.582134242135616
Comoros,COM,2003,"People practicing open defecation, urban (% of urban population)",SH.STA.ODFC.UR.ZS,0.587715066312233
Comoros,COM,2002,"People practicing open defecation, urban (% of urban population)",SH.STA.ODFC.UR.ZS,0.59329589048885
Comoros,COM,2001,"People practicing open defecation, urban (% of urban population)",SH.STA.ODFC.UR.ZS,0.598876714665467
Comoros,COM,2000,"People practicing open defecation, urban (% of urban population)",SH.STA.ODFC.UR.ZS,0.604457538842082
Comoros,COM,2018,People practicing open defecation (% of population),SH.STA.ODFC.ZS,0.591386004105555
Comoros,COM,2017,People practicing open defecation (% of population),SH.STA.ODFC.ZS,0.5915518016025
Comoros,COM,2016,People practicing open defecation (% of population),SH.STA.ODFC.ZS,0.591702905078332
Comoros,COM,2015,People practicing open defecation (% of population),SH.STA.ODFC.ZS,0.59183937803841
Comoros,COM,2014,People practicing open defecation (% of population),SH.STA.ODFC.ZS,0.591960259682872
Comoros,COM,2013,People practicing open defecation (% of population),SH.STA.ODFC.ZS,0.597116757673035
Comoros,COM,2012,People practicing open defecation (% of population),SH.STA.ODFC.ZS,0.602258011225002
Comoros,COM,2011,People practicing open defecation (% of population),SH.STA.ODFC.ZS,0.607382570496938
Comoros,COM,2010,People practicing open defecation (% of population),SH.STA.ODFC.ZS,0.61249174965504
Comoros,COM,2009,People practicing open defecation (% of population),SH.STA.ODFC.ZS,0.617586773686045
Comoros,COM,2008,People practicing open defecation (% of population),SH.STA.ODFC.ZS,0.622666195018616
Comoros,COM,2007,People practicing open defecation (% of population),SH.STA.ODFC.ZS,0.627731268392044
Comoros,COM,2006,People practicing open defecation (% of population),SH.STA.ODFC.ZS,0.632783197836514
Comoros,COM,2005,People practicing open defecation (% of population),SH.STA.ODFC.ZS,0.637821494724949
Comoros,COM,2004,People practicing open defecation (% of population),SH.STA.ODFC.ZS,0.642846463342144
Comoros,COM,2003,People practicing open defecation (% of population),SH.STA.ODFC.ZS,0.647858528133548
Comoros,COM,2002,People practicing open defecation (% of population),SH.STA.ODFC.ZS,0.652870407292169
Comoros,COM,2001,People practicing open defecation (% of population),SH.STA.ODFC.ZS,0.657883747343986
Comoros,COM,2000,People practicing open defecation (% of population),SH.STA.ODFC.ZS,0.662897750446111
Comoros,COM,2012,Diarrhea treatment (% of children under 5 receiving oral rehydration and continued feeding),SH.STA.ORCF.ZS,53.9
Comoros,COM,2000,Diarrhea treatment (% of children under 5 receiving oral rehydration and continued feeding),SH.STA.ORCF.ZS,31
Comoros,COM,2012,Diarrhea treatment (% of children under 5 who received ORS packet),SH.STA.ORTH,37.5
Comoros,COM,2000,Diarrhea treatment (% of children under 5 who received ORS packet),SH.STA.ORTH,18.5
Comoros,COM,1996,Diarrhea treatment (% of children under 5 who received ORS packet),SH.STA.ORTH,29.1
Comoros,COM,1989,Diarrhea treatment (% of children under 5 who received ORS packet),SH.STA.ORTH,79
Comoros,COM,1987,Diarrhea treatment (% of children under 5 who received ORS packet),SH.STA.ORTH,18
Comoros,COM,1986,Diarrhea treatment (% of children under 5 who received ORS packet),SH.STA.ORTH,1
Comoros,COM,2022,"Prevalence of overweight, weight for height, female (% of children under 5)",SH.STA.OWGH.FE.ZS,4.5
Comoros,COM,2012,"Prevalence of overweight, weight for height, female (% of children under 5)",SH.STA.OWGH.FE.ZS,10
Comoros,COM,2000,"Prevalence of overweight, weight for height, female (% of children under 5)",SH.STA.OWGH.FE.ZS,22.2
Comoros,COM,1996,"Prevalence of overweight, weight for height, female (% of children under 5)",SH.STA.OWGH.FE.ZS,5.9
Comoros,COM,2022,"Prevalence of overweight, weight for height, male (% of children under 5)",SH.STA.OWGH.MA.ZS,3.5
Comoros,COM,2012,"Prevalence of overweight, weight for height, male (% of children under 5)",SH.STA.OWGH.MA.ZS,11.2
Comoros,COM,2000,"Prevalence of overweight, weight for height, male (% of children under 5)",SH.STA.OWGH.MA.ZS,20.9
Comoros,COM,1996,"Prevalence of overweight, weight for height, male (% of children under 5)",SH.STA.OWGH.MA.ZS,5.4
Comoros,COM,2024,"Prevalence of overweight, weight for height (modeled estimate, % of children under 5)",SH.STA.OWGH.ME.ZS,3.9
Comoros,COM,2023,"Prevalence of overweight, weight for height (modeled estimate, % of children under 5)",SH.STA.OWGH.ME.ZS,4.1
Comoros,COM,2022,"Prevalence of overweight, weight for height (modeled estimate, % of children under 5)",SH.STA.OWGH.ME.ZS,4.3
Comoros,COM,2021,"Prevalence of overweight, weight for height (modeled estimate, % of children under 5)",SH.STA.OWGH.ME.ZS,4.6
Comoros,COM,2020,"Prevalence of overweight, weight for height (modeled estimate, % of children under 5)",SH.STA.OWGH.ME.ZS,4.9
Comoros,COM,2019,"Prevalence of overweight, weight for height (modeled estimate, % of children under 5)",SH.STA.OWGH.ME.ZS,5.3
Comoros,COM,2018,"Prevalence of overweight, weight for height (modeled estimate, % of children under 5)",SH.STA.OWGH.ME.ZS,5.8
Comoros,COM,2017,"Prevalence of overweight, weight for height (modeled estimate, % of children under 5)",SH.STA.OWGH.ME.ZS,6.4
Comoros,COM,2016,"Prevalence of overweight, weight for height (modeled estimate, % of children under 5)",SH.STA.OWGH.ME.ZS,7.1
Comoros,COM,2015,"Prevalence of overweight, weight for height (modeled estimate, % of children under 5)",SH.STA.OWGH.ME.ZS,7.9
Comoros,COM,2014,"Prevalence of overweight, weight for height (modeled estimate, % of children under 5)",SH.STA.OWGH.ME.ZS,8.7
Comoros,COM,2013,"Prevalence of overweight, weight for height (modeled estimate, % of children under 5)",SH.STA.OWGH.ME.ZS,9.6
Comoros,COM,2012,"Prevalence of overweight, weight for height (modeled estimate, % of children under 5)",SH.STA.OWGH.ME.ZS,10.6
Comoros,COM,2011,"Prevalence of overweight, weight for height (modeled estimate, % of children under 5)",SH.STA.OWGH.ME.ZS,11.6
Comoros,COM,2010,"Prevalence of overweight, weight for height (modeled estimate, % of children under 5)",SH.STA.OWGH.ME.ZS,12.5
Comoros,COM,2009,"Prevalence of overweight, weight for height (modeled estimate, % of children under 5)",SH.STA.OWGH.ME.ZS,13.5
Comoros,COM,2008,"Prevalence of overweight, weight for height (modeled estimate, % of children under 5)",SH.STA.OWGH.ME.ZS,14.3
Comoros,COM,2007,"Prevalence of overweight, weight for height (modeled estimate, % of children under 5)",SH.STA.OWGH.ME.ZS,15
Comoros,COM,2006,"Prevalence of overweight, weight for height (modeled estimate, % of children under 5)",SH.STA.OWGH.ME.ZS,15.5
Comoros,COM,2005,"Prevalence of overweight, weight for height (modeled estimate, % of children under 5)",SH.STA.OWGH.ME.ZS,15.8
Comoros,COM,2004,"Prevalence of overweight, weight for height (modeled estimate, % of children under 5)",SH.STA.OWGH.ME.ZS,15.8
Comoros,COM,2003,"Prevalence of overweight, weight for height (modeled estimate, % of children under 5)",SH.STA.OWGH.ME.ZS,15.5
Comoros,COM,2002,"Prevalence of overweight, weight for height (modeled estimate, % of children under 5)",SH.STA.OWGH.ME.ZS,14.9
Comoros,COM,2001,"Prevalence of overweight, weight for height (modeled estimate, % of children under 5)",SH.STA.OWGH.ME.ZS,14.2
Comoros,COM,2000,"Prevalence of overweight, weight for height (modeled estimate, % of children under 5)",SH.STA.OWGH.ME.ZS,13.3
Comoros,COM,2022,"Prevalence of overweight, weight for height (% of children under 5)",SH.STA.OWGH.ZS,4
Comoros,COM,2012,"Prevalence of overweight, weight for height (% of children under 5)",SH.STA.OWGH.ZS,10.6
Comoros,COM,2000,"Prevalence of overweight, weight for height (% of children under 5)",SH.STA.OWGH.ZS,21.5
Comoros,COM,1996,"Prevalence of overweight, weight for height (% of children under 5)",SH.STA.OWGH.ZS,5.7
Comoros,COM,2021,"Mortality rate attributed to unintentional poisoning (per 100,000 population)",SH.STA.POIS.P5,1.38
Comoros,COM,2020,"Mortality rate attributed to unintentional poisoning (per 100,000 population)",SH.STA.POIS.P5,1.47
Comoros,COM,2019,"Mortality rate attributed to unintentional poisoning (per 100,000 population)",SH.STA.POIS.P5,1.43
Comoros,COM,2018,"Mortality rate attributed to unintentional poisoning (per 100,000 population)",SH.STA.POIS.P5,1.51
Comoros,COM,2017,"Mortality rate attributed to unintentional poisoning (per 100,000 population)",SH.STA.POIS.P5,1.53
Comoros,COM,2016,"Mortality rate attributed to unintentional poisoning (per 100,000 population)",SH.STA.POIS.P5,1.58
Comoros,COM,2015,"Mortality rate attributed to unintentional poisoning (per 100,000 population)",SH.STA.POIS.P5,1.6
Comoros,COM,2014,"Mortality rate attributed to unintentional poisoning (per 100,000 population)",SH.STA.POIS.P5,1.59
Comoros,COM,2013,"Mortality rate attributed to unintentional poisoning (per 100,000 population)",SH.STA.POIS.P5,1.55
Comoros,COM,2012,"Mortality rate attributed to unintentional poisoning (per 100,000 population)",SH.STA.POIS.P5,1.57
Comoros,COM,2011,"Mortality rate attributed to unintentional poisoning (per 100,000 population)",SH.STA.POIS.P5,1.51
Comoros,COM,2010,"Mortality rate attributed to unintentional poisoning (per 100,000 population)",SH.STA.POIS.P5,1.56
Comoros,COM,2009,"Mortality rate attributed to unintentional poisoning (per 100,000 population)",SH.STA.POIS.P5,1.44
Comoros,COM,2008,"Mortality rate attributed to unintentional poisoning (per 100,000 population)",SH.STA.POIS.P5,1.49
Comoros,COM,2007,"Mortality rate attributed to unintentional poisoning (per 100,000 population)",SH.STA.POIS.P5,1.42
Comoros,COM,2006,"Mortality rate attributed to unintentional poisoning (per 100,000 population)",SH.STA.POIS.P5,1.48
Comoros,COM,2005,"Mortality rate attributed to unintentional poisoning (per 100,000 population)",SH.STA.POIS.P5,1.5
Comoros,COM,2004,"Mortality rate attributed to unintentional poisoning (per 100,000 population)",SH.STA.POIS.P5,1.6
Comoros,COM,2003,"Mortality rate attributed to unintentional poisoning (per 100,000 population)",SH.STA.POIS.P5,1.58
Comoros,COM,2002,"Mortality rate attributed to unintentional poisoning (per 100,000 population)",SH.STA.POIS.P5,1.63
Comoros,COM,2001,"Mortality rate attributed to unintentional poisoning (per 100,000 population)",SH.STA.POIS.P5,1.67
Comoros,COM,2000,"Mortality rate attributed to unintentional poisoning (per 100,000 population)",SH.STA.POIS.P5,1.69
Comoros,COM,2021,"Mortality rate attributed to unintentional poisoning, female (per 100,000 female population)",SH.STA.POIS.P5.FE,1.19
Comoros,COM,2020,"Mortality rate attributed to unintentional poisoning, female (per 100,000 female population)",SH.STA.POIS.P5.FE,1.25
Comoros,COM,2019,"Mortality rate attributed to unintentional poisoning, female (per 100,000 female population)",SH.STA.POIS.P5.FE,1.23
Comoros,COM,2018,"Mortality rate attributed to unintentional poisoning, female (per 100,000 female population)",SH.STA.POIS.P5.FE,1.29
Comoros,COM,2017,"Mortality rate attributed to unintentional poisoning, female (per 100,000 female population)",SH.STA.POIS.P5.FE,1.32
Comoros,COM,2016,"Mortality rate attributed to unintentional poisoning, female (per 100,000 female population)",SH.STA.POIS.P5.FE,1.36
Comoros,COM,2015,"Mortality rate attributed to unintentional poisoning, female (per 100,000 female population)",SH.STA.POIS.P5.FE,1.38
Comoros,COM,2014,"Mortality rate attributed to unintentional poisoning, female (per 100,000 female population)",SH.STA.POIS.P5.FE,1.36
Comoros,COM,2013,"Mortality rate attributed to unintentional poisoning, female (per 100,000 female population)",SH.STA.POIS.P5.FE,1.33
Comoros,COM,2012,"Mortality rate attributed to unintentional poisoning, female (per 100,000 female population)",SH.STA.POIS.P5.FE,1.33
Comoros,COM,2011,"Mortality rate attributed to unintentional poisoning, female (per 100,000 female population)",SH.STA.POIS.P5.FE,1.28
Comoros,COM,2010,"Mortality rate attributed to unintentional poisoning, female (per 100,000 female population)",SH.STA.POIS.P5.FE,1.3
Comoros,COM,2009,"Mortality rate attributed to unintentional poisoning, female (per 100,000 female population)",SH.STA.POIS.P5.FE,1.2
Comoros,COM,2008,"Mortality rate attributed to unintentional poisoning, female (per 100,000 female population)",SH.STA.POIS.P5.FE,1.21
Comoros,COM,2007,"Mortality rate attributed to unintentional poisoning, female (per 100,000 female population)",SH.STA.POIS.P5.FE,1.15
Comoros,COM,2006,"Mortality rate attributed to unintentional poisoning, female (per 100,000 female population)",SH.STA.POIS.P5.FE,1.22
Comoros,COM,2005,"Mortality rate attributed to unintentional poisoning, female (per 100,000 female population)",SH.STA.POIS.P5.FE,1.22
Comoros,COM,2004,"Mortality rate attributed to unintentional poisoning, female (per 100,000 female population)",SH.STA.POIS.P5.FE,1.32
Comoros,COM,2003,"Mortality rate attributed to unintentional poisoning, female (per 100,000 female population)",SH.STA.POIS.P5.FE,1.29
Comoros,COM,2002,"Mortality rate attributed to unintentional poisoning, female (per 100,000 female population)",SH.STA.POIS.P5.FE,1.33
Comoros,COM,2001,"Mortality rate attributed to unintentional poisoning, female (per 100,000 female population)",SH.STA.POIS.P5.FE,1.34
Comoros,COM,2000,"Mortality rate attributed to unintentional poisoning, female (per 100,000 female population)",SH.STA.POIS.P5.FE,1.34
Comoros,COM,2021,"Mortality rate attributed to unintentional poisoning, male (per 100,000 male population)",SH.STA.POIS.P5.MA,1.56
Comoros,COM,2020,"Mortality rate attributed to unintentional poisoning, male (per 100,000 male population)",SH.STA.POIS.P5.MA,1.69
Comoros,COM,2019,"Mortality rate attributed to unintentional poisoning, male (per 100,000 male population)",SH.STA.POIS.P5.MA,1.64
Comoros,COM,2018,"Mortality rate attributed to unintentional poisoning, male (per 100,000 male population)",SH.STA.POIS.P5.MA,1.72
Comoros,COM,2017,"Mortality rate attributed to unintentional poisoning, male (per 100,000 male population)",SH.STA.POIS.P5.MA,1.74
Comoros,COM,2016,"Mortality rate attributed to unintentional poisoning, male (per 100,000 male population)",SH.STA.POIS.P5.MA,1.8
Comoros,COM,2015,"Mortality rate attributed to unintentional poisoning, male (per 100,000 male population)",SH.STA.POIS.P5.MA,1.82
Comoros,COM,2014,"Mortality rate attributed to unintentional poisoning, male (per 100,000 male population)",SH.STA.POIS.P5.MA,1.83
Comoros,COM,2013,"Mortality rate attributed to unintentional poisoning, male (per 100,000 male population)",SH.STA.POIS.P5.MA,1.78
Comoros,COM,2012,"Mortality rate attributed to unintentional poisoning, male (per 100,000 male population)",SH.STA.POIS.P5.MA,1.8
Comoros,COM,2011,"Mortality rate attributed to unintentional poisoning, male (per 100,000 male population)",SH.STA.POIS.P5.MA,1.73
Comoros,COM,2010,"Mortality rate attributed to unintentional poisoning, male (per 100,000 male population)",SH.STA.POIS.P5.MA,1.81
Comoros,COM,2009,"Mortality rate attributed to unintentional poisoning, male (per 100,000 male population)",SH.STA.POIS.P5.MA,1.67
Comoros,COM,2008,"Mortality rate attributed to unintentional poisoning, male (per 100,000 male population)",SH.STA.POIS.P5.MA,1.77
Comoros,COM,2007,"Mortality rate attributed to unintentional poisoning, male (per 100,000 male population)",SH.STA.POIS.P5.MA,1.7
Comoros,COM,2006,"Mortality rate attributed to unintentional poisoning, male (per 100,000 male population)",SH.STA.POIS.P5.MA,1.75
Comoros,COM,2005,"Mortality rate attributed to unintentional poisoning, male (per 100,000 male population)",SH.STA.POIS.P5.MA,1.78
Comoros,COM,2004,"Mortality rate attributed to unintentional poisoning, male (per 100,000 male population)",SH.STA.POIS.P5.MA,1.88
Comoros,COM,2003,"Mortality rate attributed to unintentional poisoning, male (per 100,000 male population)",SH.STA.POIS.P5.MA,1.87
Comoros,COM,2002,"Mortality rate attributed to unintentional poisoning, male (per 100,000 male population)",SH.STA.POIS.P5.MA,1.94
Comoros,COM,2001,"Mortality rate attributed to unintentional poisoning, male (per 100,000 male population)",SH.STA.POIS.P5.MA,2
Comoros,COM,2000,"Mortality rate attributed to unintentional poisoning, male (per 100,000 male population)",SH.STA.POIS.P5.MA,2.06
Comoros,COM,2022,"Prevalence of stunting, height for age, female (% of children under 5)",SH.STA.STNT.FE.ZS,17.1
Comoros,COM,2012,"Prevalence of stunting, height for age, female (% of children under 5)",SH.STA.STNT.FE.ZS,29.2
Comoros,COM,2000,"Prevalence of stunting, height for age, female (% of children under 5)",SH.STA.STNT.FE.ZS,47.4
Comoros,COM,1996,"Prevalence of stunting, height for age, female (% of children under 5)",SH.STA.STNT.FE.ZS,35.7
Comoros,COM,2022,"Prevalence of stunting, height for age, male (% of children under 5)",SH.STA.STNT.MA.ZS,19.2
Comoros,COM,2012,"Prevalence of stunting, height for age, male (% of children under 5)",SH.STA.STNT.MA.ZS,33.1
Comoros,COM,2000,"Prevalence of stunting, height for age, male (% of children under 5)",SH.STA.STNT.MA.ZS,46.5
Comoros,COM,1996,"Prevalence of stunting, height for age, male (% of children under 5)",SH.STA.STNT.MA.ZS,41.5
Comoros,COM,2024,"Prevalence of stunting, height for age (modeled estimate, % of children under 5)",SH.STA.STNT.ME.ZS,17.4
Comoros,COM,2023,"Prevalence of stunting, height for age (modeled estimate, % of children under 5)",SH.STA.STNT.ME.ZS,17.7
Comoros,COM,2022,"Prevalence of stunting, height for age (modeled estimate, % of children under 5)",SH.STA.STNT.ME.ZS,18.3
Comoros,COM,2021,"Prevalence of stunting, height for age (modeled estimate, % of children under 5)",SH.STA.STNT.ME.ZS,18.9
Comoros,COM,2020,"Prevalence of stunting, height for age (modeled estimate, % of children under 5)",SH.STA.STNT.ME.ZS,19.8
Comoros,COM,2019,"Prevalence of stunting, height for age (modeled estimate, % of children under 5)",SH.STA.STNT.ME.ZS,21
Comoros,COM,2018,"Prevalence of stunting, height for age (modeled estimate, % of children under 5)",SH.STA.STNT.ME.ZS,22.4
Comoros,COM,2017,"Prevalence of stunting, height for age (modeled estimate, % of children under 5)",SH.STA.STNT.ME.ZS,23.9
Comoros,COM,2016,"Prevalence of stunting, height for age (modeled estimate, % of children under 5)",SH.STA.STNT.ME.ZS,25.5
Comoros,COM,2015,"Prevalence of stunting, height for age (modeled estimate, % of children under 5)",SH.STA.STNT.ME.ZS,27
Comoros,COM,2014,"Prevalence of stunting, height for age (modeled estimate, % of children under 5)",SH.STA.STNT.ME.ZS,28.5
Comoros,COM,2013,"Prevalence of stunting, height for age (modeled estimate, % of children under 5)",SH.STA.STNT.ME.ZS,30
Comoros,COM,2012,"Prevalence of stunting, height for age (modeled estimate, % of children under 5)",SH.STA.STNT.ME.ZS,31.6
Comoros,COM,2011,"Prevalence of stunting, height for age (modeled estimate, % of children under 5)",SH.STA.STNT.ME.ZS,33.3
Comoros,COM,2010,"Prevalence of stunting, height for age (modeled estimate, % of children under 5)",SH.STA.STNT.ME.ZS,35
Comoros,COM,2009,"Prevalence of stunting, height for age (modeled estimate, % of children under 5)",SH.STA.STNT.ME.ZS,36.5
Comoros,COM,2008,"Prevalence of stunting, height for age (modeled estimate, % of children under 5)",SH.STA.STNT.ME.ZS,38
Comoros,COM,2007,"Prevalence of stunting, height for age (modeled estimate, % of children under 5)",SH.STA.STNT.ME.ZS,39.2
Comoros,COM,2006,"Prevalence of stunting, height for age (modeled estimate, % of children under 5)",SH.STA.STNT.ME.ZS,40.3
Comoros,COM,2005,"Prevalence of stunting, height for age (modeled estimate, % of children under 5)",SH.STA.STNT.ME.ZS,41.2
Comoros,COM,2004,"Prevalence of stunting, height for age (modeled estimate, % of children under 5)",SH.STA.STNT.ME.ZS,42
Comoros,COM,2003,"Prevalence of stunting, height for age (modeled estimate, % of children under 5)",SH.STA.STNT.ME.ZS,42.7
Comoros,COM,2002,"Prevalence of stunting, height for age (modeled estimate, % of children under 5)",SH.STA.STNT.ME.ZS,43.3
Comoros,COM,2001,"Prevalence of stunting, height for age (modeled estimate, % of children under 5)",SH.STA.STNT.ME.ZS,43.7
Comoros,COM,2000,"Prevalence of stunting, height for age (modeled estimate, % of children under 5)",SH.STA.STNT.ME.ZS,43.8
Comoros,COM,2022,"Prevalence of stunting, height for age (% of children under 5)",SH.STA.STNT.ZS,18.2
Comoros,COM,2012,"Prevalence of stunting, height for age (% of children under 5)",SH.STA.STNT.ZS,31.1
Comoros,COM,2000,"Prevalence of stunting, height for age (% of children under 5)",SH.STA.STNT.ZS,46.9
Comoros,COM,1996,"Prevalence of stunting, height for age (% of children under 5)",SH.STA.STNT.ZS,38.7
Comoros,COM,1992,"Prevalence of stunting, height for age (% of children under 5)",SH.STA.STNT.ZS,38.5
Comoros,COM,2021,"Suicide mortality rate, female (per 100,000 female population)",SH.STA.SUIC.FE.P5,4.52
Comoros,COM,2020,"Suicide mortality rate, female (per 100,000 female population)",SH.STA.SUIC.FE.P5,4.5
Comoros,COM,2019,"Suicide mortality rate, female (per 100,000 female population)",SH.STA.SUIC.FE.P5,4.5
Comoros,COM,2018,"Suicide mortality rate, female (per 100,000 female population)",SH.STA.SUIC.FE.P5,4.55
Comoros,COM,2017,"Suicide mortality rate, female (per 100,000 female population)",SH.STA.SUIC.FE.P5,4.6
Comoros,COM,2016,"Suicide mortality rate, female (per 100,000 female population)",SH.STA.SUIC.FE.P5,4.68
Comoros,COM,2015,"Suicide mortality rate, female (per 100,000 female population)",SH.STA.SUIC.FE.P5,4.69
Comoros,COM,2014,"Suicide mortality rate, female (per 100,000 female population)",SH.STA.SUIC.FE.P5,4.7
Comoros,COM,2013,"Suicide mortality rate, female (per 100,000 female population)",SH.STA.SUIC.FE.P5,4.54
Comoros,COM,2012,"Suicide mortality rate, female (per 100,000 female population)",SH.STA.SUIC.FE.P5,4.6
Comoros,COM,2011,"Suicide mortality rate, female (per 100,000 female population)",SH.STA.SUIC.FE.P5,4.6
Comoros,COM,2010,"Suicide mortality rate, female (per 100,000 female population)",SH.STA.SUIC.FE.P5,4.78
Comoros,COM,2009,"Suicide mortality rate, female (per 100,000 female population)",SH.STA.SUIC.FE.P5,4.41
Comoros,COM,2008,"Suicide mortality rate, female (per 100,000 female population)",SH.STA.SUIC.FE.P5,4.44
Comoros,COM,2007,"Suicide mortality rate, female (per 100,000 female population)",SH.STA.SUIC.FE.P5,4.4
Comoros,COM,2006,"Suicide mortality rate, female (per 100,000 female population)",SH.STA.SUIC.FE.P5,4.61
Comoros,COM,2005,"Suicide mortality rate, female (per 100,000 female population)",SH.STA.SUIC.FE.P5,4.53
Comoros,COM,2004,"Suicide mortality rate, female (per 100,000 female population)",SH.STA.SUIC.FE.P5,4.73
Comoros,COM,2003,"Suicide mortality rate, female (per 100,000 female population)",SH.STA.SUIC.FE.P5,4.75
Comoros,COM,2002,"Suicide mortality rate, female (per 100,000 female population)",SH.STA.SUIC.FE.P5,4.88
Comoros,COM,2001,"Suicide mortality rate, female (per 100,000 female population)",SH.STA.SUIC.FE.P5,4.96
Comoros,COM,2000,"Suicide mortality rate, female (per 100,000 female population)",SH.STA.SUIC.FE.P5,4.94
Comoros,COM,2021,"Suicide mortality rate, male (per 100,000 male population)",SH.STA.SUIC.MA.P5,7.46
Comoros,COM,2020,"Suicide mortality rate, male (per 100,000 male population)",SH.STA.SUIC.MA.P5,7.9
Comoros,COM,2019,"Suicide mortality rate, male (per 100,000 male population)",SH.STA.SUIC.MA.P5,7.84
Comoros,COM,2018,"Suicide mortality rate, male (per 100,000 male population)",SH.STA.SUIC.MA.P5,7.93
Comoros,COM,2017,"Suicide mortality rate, male (per 100,000 male population)",SH.STA.SUIC.MA.P5,7.93
Comoros,COM,2016,"Suicide mortality rate, male (per 100,000 male population)",SH.STA.SUIC.MA.P5,8.1
Comoros,COM,2015,"Suicide mortality rate, male (per 100,000 male population)",SH.STA.SUIC.MA.P5,8.05
Comoros,COM,2014,"Suicide mortality rate, male (per 100,000 male population)",SH.STA.SUIC.MA.P5,8.13
Comoros,COM,2013,"Suicide mortality rate, male (per 100,000 male population)",SH.STA.SUIC.MA.P5,7.74
Comoros,COM,2012,"Suicide mortality rate, male (per 100,000 male population)",SH.STA.SUIC.MA.P5,7.69
Comoros,COM,2011,"Suicide mortality rate, male (per 100,000 male population)",SH.STA.SUIC.MA.P5,7.4
Comoros,COM,2010,"Suicide mortality rate, male (per 100,000 male population)",SH.STA.SUIC.MA.P5,7.93
Comoros,COM,2009,"Suicide mortality rate, male (per 100,000 male population)",SH.STA.SUIC.MA.P5,7.17
Comoros,COM,2008,"Suicide mortality rate, male (per 100,000 male population)",SH.STA.SUIC.MA.P5,7.55
Comoros,COM,2007,"Suicide mortality rate, male (per 100,000 male population)",SH.STA.SUIC.MA.P5,7.34
Comoros,COM,2006,"Suicide mortality rate, male (per 100,000 male population)",SH.STA.SUIC.MA.P5,7.34
Comoros,COM,2005,"Suicide mortality rate, male (per 100,000 male population)",SH.STA.SUIC.MA.P5,7.26
Comoros,COM,2004,"Suicide mortality rate, male (per 100,000 male population)",SH.STA.SUIC.MA.P5,7.56
Comoros,COM,2003,"Suicide mortality rate, male (per 100,000 male population)",SH.STA.SUIC.MA.P5,7.65
Comoros,COM,2002,"Suicide mortality rate, male (per 100,000 male population)",SH.STA.SUIC.MA.P5,8.15
Comoros,COM,2001,"Suicide mortality rate, male (per 100,000 male population)",SH.STA.SUIC.MA.P5,8.49
Comoros,COM,2000,"Suicide mortality rate, male (per 100,000 male population)",SH.STA.SUIC.MA.P5,8.89
Comoros,COM,2021,"Suicide mortality rate (per 100,000 population)",SH.STA.SUIC.P5,6
Comoros,COM,2020,"Suicide mortality rate (per 100,000 population)",SH.STA.SUIC.P5,6.21
Comoros,COM,2019,"Suicide mortality rate (per 100,000 population)",SH.STA.SUIC.P5,6.18
Comoros,COM,2018,"Suicide mortality rate (per 100,000 population)",SH.STA.SUIC.P5,6.25
Comoros,COM,2017,"Suicide mortality rate (per 100,000 population)",SH.STA.SUIC.P5,6.27
Comoros,COM,2016,"Suicide mortality rate (per 100,000 population)",SH.STA.SUIC.P5,6.39
Comoros,COM,2015,"Suicide mortality rate (per 100,000 population)",SH.STA.SUIC.P5,6.37
Comoros,COM,2014,"Suicide mortality rate (per 100,000 population)",SH.STA.SUIC.P5,6.42
Comoros,COM,2013,"Suicide mortality rate (per 100,000 population)",SH.STA.SUIC.P5,6.14
Comoros,COM,2012,"Suicide mortality rate (per 100,000 population)",SH.STA.SUIC.P5,6.14
Comoros,COM,2011,"Suicide mortality rate (per 100,000 population)",SH.STA.SUIC.P5,5.99
Comoros,COM,2010,"Suicide mortality rate (per 100,000 population)",SH.STA.SUIC.P5,6.35
Comoros,COM,2009,"Suicide mortality rate (per 100,000 population)",SH.STA.SUIC.P5,5.78
Comoros,COM,2008,"Suicide mortality rate (per 100,000 population)",SH.STA.SUIC.P5,5.98
Comoros,COM,2007,"Suicide mortality rate (per 100,000 population)",SH.STA.SUIC.P5,5.86
Comoros,COM,2006,"Suicide mortality rate (per 100,000 population)",SH.STA.SUIC.P5,5.97
Comoros,COM,2005,"Suicide mortality rate (per 100,000 population)",SH.STA.SUIC.P5,5.88
Comoros,COM,2004,"Suicide mortality rate (per 100,000 population)",SH.STA.SUIC.P5,6.13
Comoros,COM,2003,"Suicide mortality rate (per 100,000 population)",SH.STA.SUIC.P5,6.19
Comoros,COM,2002,"Suicide mortality rate (per 100,000 population)",SH.STA.SUIC.P5,6.5
Comoros,COM,2001,"Suicide mortality rate (per 100,000 population)",SH.STA.SUIC.P5,6.7
Comoros,COM,2000,"Suicide mortality rate (per 100,000 population)",SH.STA.SUIC.P5,6.89
Comoros,COM,2019,"Mortality caused by road traffic injury (per 100,000 population)",SH.STA.TRAF.P5,26.6
Comoros,COM,2018,"Mortality caused by road traffic injury (per 100,000 population)",SH.STA.TRAF.P5,26.6
Comoros,COM,2017,"Mortality caused by road traffic injury (per 100,000 population)",SH.STA.TRAF.P5,26.6
Comoros,COM,2016,"Mortality caused by road traffic injury (per 100,000 population)",SH.STA.TRAF.P5,26.5
Comoros,COM,2015,"Mortality caused by road traffic injury (per 100,000 population)",SH.STA.TRAF.P5,26.6
Comoros,COM,2014,"Mortality caused by road traffic injury (per 100,000 population)",SH.STA.TRAF.P5,26.3
Comoros,COM,2013,"Mortality caused by road traffic injury (per 100,000 population)",SH.STA.TRAF.P5,26.6
Comoros,COM,2012,"Mortality caused by road traffic injury (per 100,000 population)",SH.STA.TRAF.P5,26.7
Comoros,COM,2011,"Mortality caused by road traffic injury (per 100,000 population)",SH.STA.TRAF.P5,27
Comoros,COM,2010,"Mortality caused by road traffic injury (per 100,000 population)",SH.STA.TRAF.P5,27.1
Comoros,COM,2009,"Mortality caused by road traffic injury (per 100,000 population)",SH.STA.TRAF.P5,27
Comoros,COM,2008,"Mortality caused by road traffic injury (per 100,000 population)",SH.STA.TRAF.P5,26.8
Comoros,COM,2007,"Mortality caused by road traffic injury (per 100,000 population)",SH.STA.TRAF.P5,26.5
Comoros,COM,2006,"Mortality caused by road traffic injury (per 100,000 population)",SH.STA.TRAF.P5,26.5
Comoros,COM,2005,"Mortality caused by road traffic injury (per 100,000 population)",SH.STA.TRAF.P5,26.8
Comoros,COM,2004,"Mortality caused by road traffic injury (per 100,000 population)",SH.STA.TRAF.P5,27
Comoros,COM,2003,"Mortality caused by road traffic injury (per 100,000 population)",SH.STA.TRAF.P5,26.7
Comoros,COM,2002,"Mortality caused by road traffic injury (per 100,000 population)",SH.STA.TRAF.P5,26.7
Comoros,COM,2001,"Mortality caused by road traffic injury (per 100,000 population)",SH.STA.TRAF.P5,26.8
Comoros,COM,2000,"Mortality caused by road traffic injury (per 100,000 population)",SH.STA.TRAF.P5,26.9
Comoros,COM,2019,"Mortality rate attributed to unsafe water, unsafe sanitation and lack of hygiene (per 100,000 population)",SH.STA.WASH.P5,43.8
Comoros,COM,2022,"Prevalence of wasting, weight for height, female (% of children under 5)",SH.STA.WAST.FE.ZS,4.2
Comoros,COM,2012,"Prevalence of wasting, weight for height, female (% of children under 5)",SH.STA.WAST.FE.ZS,10.9
Comoros,COM,2000,"Prevalence of wasting, weight for height, female (% of children under 5)",SH.STA.WAST.FE.ZS,12.1
Comoros,COM,1996,"Prevalence of wasting, weight for height, female (% of children under 5)",SH.STA.WAST.FE.ZS,8.6
Comoros,COM,2022,"Prevalence of wasting, weight for height, male (% of children under 5)",SH.STA.WAST.MA.ZS,5.9
Comoros,COM,2012,"Prevalence of wasting, weight for height, male (% of children under 5)",SH.STA.WAST.MA.ZS,11.5
Comoros,COM,2000,"Prevalence of wasting, weight for height, male (% of children under 5)",SH.STA.WAST.MA.ZS,14.4
Comoros,COM,1996,"Prevalence of wasting, weight for height, male (% of children under 5)",SH.STA.WAST.MA.ZS,10.7
Comoros,COM,2022,"Prevalence of wasting, weight for height (% of children under 5)",SH.STA.WAST.ZS,5.1
Comoros,COM,2012,"Prevalence of wasting, weight for height (% of children under 5)",SH.STA.WAST.ZS,11.2
Comoros,COM,2000,"Prevalence of wasting, weight for height (% of children under 5)",SH.STA.WAST.ZS,13.3
Comoros,COM,1996,"Prevalence of wasting, weight for height (% of children under 5)",SH.STA.WAST.ZS,9.7
Comoros,COM,1992,"Prevalence of wasting, weight for height (% of children under 5)",SH.STA.WAST.ZS,5.3
Comoros,COM,2022,"Prevalence of severe wasting, weight for height, female (% of children under 5)",SH.SVR.WAST.FE.ZS,1.1
Comoros,COM,2012,"Prevalence of severe wasting, weight for height, female (% of children under 5)",SH.SVR.WAST.FE.ZS,4.7
Comoros,COM,2000,"Prevalence of severe wasting, weight for height, female (% of children under 5)",SH.SVR.WAST.FE.ZS,5.9
Comoros,COM,1996,"Prevalence of severe wasting, weight for height, female (% of children under 5)",SH.SVR.WAST.FE.ZS,2.5
Comoros,COM,2022,"Prevalence of severe wasting, weight for height, male (% of children under 5)",SH.SVR.WAST.MA.ZS,1.4
Comoros,COM,2012,"Prevalence of severe wasting, weight for height, male (% of children under 5)",SH.SVR.WAST.MA.ZS,4.2
Comoros,COM,2000,"Prevalence of severe wasting, weight for height, male (% of children under 5)",SH.SVR.WAST.MA.ZS,8.4
Comoros,COM,1996,"Prevalence of severe wasting, weight for height, male (% of children under 5)",SH.SVR.WAST.MA.ZS,4.7
Comoros,COM,2022,"Prevalence of severe wasting, weight for height (% of children under 5)",SH.SVR.WAST.ZS,1.2
Comoros,COM,2012,"Prevalence of severe wasting, weight for height (% of children under 5)",SH.SVR.WAST.ZS,4.5
Comoros,COM,2000,"Prevalence of severe wasting, weight for height (% of children under 5)",SH.SVR.WAST.ZS,7.2
Comoros,COM,1996,"Prevalence of severe wasting, weight for height (% of children under 5)",SH.SVR.WAST.ZS,3.7
Comoros,COM,2022,Tuberculosis treatment success rate (% of new cases),SH.TBS.CURE.ZS,85
Comoros,COM,2020,Tuberculosis treatment success rate (% of new cases),SH.TBS.CURE.ZS,92
Comoros,COM,2017,Tuberculosis treatment success rate (% of new cases),SH.TBS.CURE.ZS,94
Comoros,COM,2016,Tuberculosis treatment success rate (% of new cases),SH.TBS.CURE.ZS,89
Comoros,COM,2015,Tuberculosis treatment success rate (% of new cases),SH.TBS.CURE.ZS,91
Comoros,COM,2013,Tuberculosis treatment success rate (% of new cases),SH.TBS.CURE.ZS,94
Comoros,COM,2012,Tuberculosis treatment success rate (% of new cases),SH.TBS.CURE.ZS,87
Comoros,COM,2011,Tuberculosis treatment success rate (% of new cases),SH.TBS.CURE.ZS,25
Comoros,COM,2010,Tuberculosis treatment success rate (% of new cases),SH.TBS.CURE.ZS,90
Comoros,COM,2008,Tuberculosis treatment success rate (% of new cases),SH.TBS.CURE.ZS,89
Comoros,COM,2007,Tuberculosis treatment success rate (% of new cases),SH.TBS.CURE.ZS,94
Comoros,COM,2005,Tuberculosis treatment success rate (% of new cases),SH.TBS.CURE.ZS,94
Comoros,COM,2004,Tuberculosis treatment success rate (% of new cases),SH.TBS.CURE.ZS,94
Comoros,COM,2002,Tuberculosis treatment success rate (% of new cases),SH.TBS.CURE.ZS,96
Comoros,COM,2001,Tuberculosis treatment success rate (% of new cases),SH.TBS.CURE.ZS,92
Comoros,COM,2000,Tuberculosis treatment success rate (% of new cases),SH.TBS.CURE.ZS,93
Comoros,COM,2023,"Tuberculosis case detection rate (%, all forms)",SH.TBS.DTEC.ZS,36
Comoros,COM,2022,"Tuberculosis case detection rate (%, all forms)",SH.TBS.DTEC.ZS,36
Comoros,COM,2021,"Tuberculosis case detection rate (%, all forms)",SH.TBS.DTEC.ZS,47
Comoros,COM,2020,"Tuberculosis case detection rate (%, all forms)",SH.TBS.DTEC.ZS,56
Comoros,COM,2019,"Tuberculosis case detection rate (%, all forms)",SH.TBS.DTEC.ZS,70
Comoros,COM,2018,"Tuberculosis case detection rate (%, all forms)",SH.TBS.DTEC.ZS,45
Comoros,COM,2017,"Tuberculosis case detection rate (%, all forms)",SH.TBS.DTEC.ZS,49
Comoros,COM,2016,"Tuberculosis case detection rate (%, all forms)",SH.TBS.DTEC.ZS,64
Comoros,COM,2014,"Tuberculosis case detection rate (%, all forms)",SH.TBS.DTEC.ZS,60
Comoros,COM,2013,"Tuberculosis case detection rate (%, all forms)",SH.TBS.DTEC.ZS,51
Comoros,COM,2012,"Tuberculosis case detection rate (%, all forms)",SH.TBS.DTEC.ZS,51
Comoros,COM,2011,"Tuberculosis case detection rate (%, all forms)",SH.TBS.DTEC.ZS,51
Comoros,COM,2009,"Tuberculosis case detection rate (%, all forms)",SH.TBS.DTEC.ZS,60
Comoros,COM,2008,"Tuberculosis case detection rate (%, all forms)",SH.TBS.DTEC.ZS,62
Comoros,COM,2006,"Tuberculosis case detection rate (%, all forms)",SH.TBS.DTEC.ZS,52
Comoros,COM,2005,"Tuberculosis case detection rate (%, all forms)",SH.TBS.DTEC.ZS,52
Comoros,COM,2004,"Tuberculosis case detection rate (%, all forms)",SH.TBS.DTEC.ZS,42
Comoros,COM,2003,"Tuberculosis case detection rate (%, all forms)",SH.TBS.DTEC.ZS,35
Comoros,COM,2002,"Tuberculosis case detection rate (%, all forms)",SH.TBS.DTEC.ZS,53
Comoros,COM,2001,"Tuberculosis case detection rate (%, all forms)",SH.TBS.DTEC.ZS,66
Comoros,COM,2000,"Tuberculosis case detection rate (%, all forms)",SH.TBS.DTEC.ZS,57
Comoros,COM,2023,"Incidence of tuberculosis (per 100,000 people)",SH.TBS.INCD,35
Comoros,COM,2022,"Incidence of tuberculosis (per 100,000 people)",SH.TBS.INCD,35
Comoros,COM,2021,"Incidence of tuberculosis (per 100,000 people)",SH.TBS.INCD,35
Comoros,COM,2020,"Incidence of tuberculosis (per 100,000 people)",SH.TBS.INCD,35
Comoros,COM,2019,"Incidence of tuberculosis (per 100,000 people)",SH.TBS.INCD,35
Comoros,COM,2018,"Incidence of tuberculosis (per 100,000 people)",SH.TBS.INCD,35
Comoros,COM,2017,"Incidence of tuberculosis (per 100,000 people)",SH.TBS.INCD,35
Comoros,COM,2016,"Incidence of tuberculosis (per 100,000 people)",SH.TBS.INCD,35
Comoros,COM,2015,"Incidence of tuberculosis (per 100,000 people)",SH.TBS.INCD,35
Comoros,COM,2014,"Incidence of tuberculosis (per 100,000 people)",SH.TBS.INCD,35
Comoros,COM,2013,"Incidence of tuberculosis (per 100,000 people)",SH.TBS.INCD,34
Comoros,COM,2012,"Incidence of tuberculosis (per 100,000 people)",SH.TBS.INCD,34
Comoros,COM,2011,"Incidence of tuberculosis (per 100,000 people)",SH.TBS.INCD,34
Comoros,COM,2010,"Incidence of tuberculosis (per 100,000 people)",SH.TBS.INCD,33
Comoros,COM,2009,"Incidence of tuberculosis (per 100,000 people)",SH.TBS.INCD,33
Comoros,COM,2008,"Incidence of tuberculosis (per 100,000 people)",SH.TBS.INCD,34
Comoros,COM,2007,"Incidence of tuberculosis (per 100,000 people)",SH.TBS.INCD,35
Comoros,COM,2006,"Incidence of tuberculosis (per 100,000 people)",SH.TBS.INCD,36
Comoros,COM,2005,"Incidence of tuberculosis (per 100,000 people)",SH.TBS.INCD,36
Comoros,COM,2004,"Incidence of tuberculosis (per 100,000 people)",SH.TBS.INCD,36
Comoros,COM,2003,"Incidence of tuberculosis (per 100,000 people)",SH.TBS.INCD,37
Comoros,COM,2002,"Incidence of tuberculosis (per 100,000 people)",SH.TBS.INCD,37
Comoros,COM,2001,"Incidence of tuberculosis (per 100,000 people)",SH.TBS.INCD,38
Comoros,COM,2000,"Incidence of tuberculosis (per 100,000 people)",SH.TBS.INCD,39
Comoros,COM,2014,Proportion of population pushed further below the $2.15 ($ 2017 PPP) poverty line by out-of-pocket health care expenditure (%),SH.UHC.FBP1.ZS,14.43
Comoros,COM,2014,Proportion of population pushed further below the $3.65 ($ 2017 PPP) poverty line by out-of-pocket health care expenditure (%),SH.UHC.FBP2.ZS,30.41
Comoros,COM,2014,Proportion of population pushed further below the 60% median consumption poverty line by out-of-pocket health care expenditure (%),SH.UHC.FBPR.ZS,19.31
Comoros,COM,2014,Proportion of population pushed below the $2.15 ($ 2017 PPP) poverty line by out-of-pocket health care expenditure (%),SH.UHC.NOP1.ZS,0.99
Comoros,COM,2014,Proportion of population pushed below the $3.65 ($ 2017 PPP) poverty line by out-of-pocket health care expenditure (%),SH.UHC.NOP2.ZS,2.32
Comoros,COM,2014,Proportion of population pushed below the 60% median consumption poverty line by out-of-pocket health expenditure (%),SH.UHC.NOPR.ZS,1.93
Comoros,COM,2014,Proportion of population spending more than 10% of household consumption or income on out-of-pocket health care expenditure (%),SH.UHC.OOPC.10.ZS,8.81
Comoros,COM,2014,Proportion of population spending more than 25% of household consumption or income on out-of-pocket health care expenditure (%),SH.UHC.OOPC.25.ZS,1.64
Comoros,COM,2021,UHC service coverage index,SH.UHC.SRVS.CV.XD,48
Comoros,COM,2019,UHC service coverage index,SH.UHC.SRVS.CV.XD,46
Comoros,COM,2017,UHC service coverage index,SH.UHC.SRVS.CV.XD,46
Comoros,COM,2015,UHC service coverage index,SH.UHC.SRVS.CV.XD,44
Comoros,COM,2010,UHC service coverage index,SH.UHC.SRVS.CV.XD,39
Comoros,COM,2005,UHC service coverage index,SH.UHC.SRVS.CV.XD,32
Comoros,COM,2000,UHC service coverage index,SH.UHC.SRVS.CV.XD,26
Comoros,COM,2014,Proportion of population pushed or further pushed below the $2.15 ($ 2017 PPP) poverty line by out-of-pocket health care expenditure (%),SH.UHC.TOT1.ZS,15.42
Comoros,COM,2014,Proportion of population pushed or further pushed below the $3.65 ($ 2017 PPP) poverty line by out-of-pocket health care expenditure (%),SH.UHC.TOT2.ZS,32.73
Comoros,COM,2014,Proportion of population pushed or further pushed below the 60% median consumption poverty line by out-of-pocket health expenditure (%),SH.UHC.TOTR.ZS,21.24
Comoros,COM,2023,Newborns protected against tetanus (%),SH.VAC.TTNS.ZS,85
Comoros,COM,2022,Newborns protected against tetanus (%),SH.VAC.TTNS.ZS,83
Comoros,COM,2021,Newborns protected against tetanus (%),SH.VAC.TTNS.ZS,83
Comoros,COM,2020,Newborns protected against tetanus (%),SH.VAC.TTNS.ZS,83
Comoros,COM,2019,Newborns protected against tetanus (%),SH.VAC.TTNS.ZS,85
Comoros,COM,2018,Newborns protected against tetanus (%),SH.VAC.TTNS.ZS,85
Comoros,COM,2017,Newborns protected against tetanus (%),SH.VAC.TTNS.ZS,85
Comoros,COM,2016,Newborns protected against tetanus (%),SH.VAC.TTNS.ZS,85
Comoros,COM,2015,Newborns protected against tetanus (%),SH.VAC.TTNS.ZS,85
Comoros,COM,2014,Newborns protected against tetanus (%),SH.VAC.TTNS.ZS,85
Comoros,COM,2013,Newborns protected against tetanus (%),SH.VAC.TTNS.ZS,85
Comoros,COM,2012,Newborns protected against tetanus (%),SH.VAC.TTNS.ZS,85
Comoros,COM,2011,Newborns protected against tetanus (%),SH.VAC.TTNS.ZS,85
Comoros,COM,2010,Newborns protected against tetanus (%),SH.VAC.TTNS.ZS,85
Comoros,COM,2009,Newborns protected against tetanus (%),SH.VAC.TTNS.ZS,83
Comoros,COM,2008,Newborns protected against tetanus (%),SH.VAC.TTNS.ZS,83
Comoros,COM,2007,Newborns protected against tetanus (%),SH.VAC.TTNS.ZS,89
Comoros,COM,2006,Newborns protected against tetanus (%),SH.VAC.TTNS.ZS,88
Comoros,COM,2005,Newborns protected against tetanus (%),SH.VAC.TTNS.ZS,91
Comoros,COM,2004,Newborns protected against tetanus (%),SH.VAC.TTNS.ZS,92
Comoros,COM,2003,Newborns protected against tetanus (%),SH.VAC.TTNS.ZS,93
Comoros,COM,2002,Newborns protected against tetanus (%),SH.VAC.TTNS.ZS,84
Comoros,COM,2001,Newborns protected against tetanus (%),SH.VAC.TTNS.ZS,70
Comoros,COM,2000,Newborns protected against tetanus (%),SH.VAC.TTNS.ZS,57
Comoros,COM,1999,Newborns protected against tetanus (%),SH.VAC.TTNS.ZS,50
Comoros,COM,1998,Newborns protected against tetanus (%),SH.VAC.TTNS.ZS,44
Comoros,COM,1997,Newborns protected against tetanus (%),SH.VAC.TTNS.ZS,41
Comoros,COM,1996,Newborns protected against tetanus (%),SH.VAC.TTNS.ZS,50
Comoros,COM,1995,Newborns protected against tetanus (%),SH.VAC.TTNS.ZS,67
Comoros,COM,1994,Newborns protected against tetanus (%),SH.VAC.TTNS.ZS,58
Comoros,COM,1993,Newborns protected against tetanus (%),SH.VAC.TTNS.ZS,48
Comoros,COM,1992,Newborns protected against tetanus (%),SH.VAC.TTNS.ZS,37
Comoros,COM,1991,Newborns protected against tetanus (%),SH.VAC.TTNS.ZS,44
Comoros,COM,1990,Newborns protected against tetanus (%),SH.VAC.TTNS.ZS,78
Comoros,COM,1989,Newborns protected against tetanus (%),SH.VAC.TTNS.ZS,64
Comoros,COM,1988,Newborns protected against tetanus (%),SH.VAC.TTNS.ZS,33
Comoros,COM,1987,Newborns protected against tetanus (%),SH.VAC.TTNS.ZS,31
Comoros,COM,1986,Newborns protected against tetanus (%),SH.VAC.TTNS.ZS,24
Comoros,COM,1985,Newborns protected against tetanus (%),SH.VAC.TTNS.ZS,13
Comoros,COM,1984,Newborns protected against tetanus (%),SH.VAC.TTNS.ZS,14
Comoros,COM,2022,Current health expenditure (% of GDP),SH.XPD.CHEX.GD.ZS,8.3803854
Comoros,COM,2021,Current health expenditure (% of GDP),SH.XPD.CHEX.GD.ZS,6.43369246
Comoros,COM,2020,Current health expenditure (% of GDP),SH.XPD.CHEX.GD.ZS,5.902421
Comoros,COM,2019,Current health expenditure (% of GDP),SH.XPD.CHEX.GD.ZS,5.18044472
Comoros,COM,2018,Current health expenditure (% of GDP),SH.XPD.CHEX.GD.ZS,4.90318584
Comoros,COM,2017,Current health expenditure (% of GDP),SH.XPD.CHEX.GD.ZS,5.26807451
Comoros,COM,2016,Current health expenditure (% of GDP),SH.XPD.CHEX.GD.ZS,4.65263557
Comoros,COM,2015,Current health expenditure (% of GDP),SH.XPD.CHEX.GD.ZS,4.60089922
Comoros,COM,2014,Current health expenditure (% of GDP),SH.XPD.CHEX.GD.ZS,5.23849726
Comoros,COM,2013,Current health expenditure (% of GDP),SH.XPD.CHEX.GD.ZS,5.10299301
Comoros,COM,2012,Current health expenditure (% of GDP),SH.XPD.CHEX.GD.ZS,5.17354631
Comoros,COM,2011,Current health expenditure (% of GDP),SH.XPD.CHEX.GD.ZS,5.3021183
Comoros,COM,2010,Current health expenditure (% of GDP),SH.XPD.CHEX.GD.ZS,4.99181557
Comoros,COM,2009,Current health expenditure (% of GDP),SH.XPD.CHEX.GD.ZS,4.92694378
Comoros,COM,2008,Current health expenditure (% of GDP),SH.XPD.CHEX.GD.ZS,5.06897497
Comoros,COM,2007,Current health expenditure (% of GDP),SH.XPD.CHEX.GD.ZS,5.41753864
Comoros,COM,2006,Current health expenditure (% of GDP),SH.XPD.CHEX.GD.ZS,5.77341843
Comoros,COM,2005,Current health expenditure (% of GDP),SH.XPD.CHEX.GD.ZS,6.12670708
Comoros,COM,2004,Current health expenditure (% of GDP),SH.XPD.CHEX.GD.ZS,6.58576155
Comoros,COM,2003,Current health expenditure (% of GDP),SH.XPD.CHEX.GD.ZS,6.66024828
Comoros,COM,2002,Current health expenditure (% of GDP),SH.XPD.CHEX.GD.ZS,6.68822765
Comoros,COM,2001,Current health expenditure (% of GDP),SH.XPD.CHEX.GD.ZS,6.66054344
Comoros,COM,2000,Current health expenditure (% of GDP),SH.XPD.CHEX.GD.ZS,7.52074909
Comoros,COM,2022,Current health expenditure per capita (current US$),SH.XPD.CHEX.PC.CD,122.93584442
Comoros,COM,2021,Current health expenditure per capita (current US$),SH.XPD.CHEX.PC.CD,100.04210663
Comoros,COM,2020,Current health expenditure per capita (current US$),SH.XPD.CHEX.PC.CD,89.67817688
Comoros,COM,2019,Current health expenditure per capita (current US$),SH.XPD.CHEX.PC.CD,78.23674774
Comoros,COM,2018,Current health expenditure per capita (current US$),SH.XPD.CHEX.PC.CD,74.89152527
Comoros,COM,2017,Current health expenditure per capita (current US$),SH.XPD.CHEX.PC.CD,75.01337433
Comoros,COM,2016,Current health expenditure per capita (current US$),SH.XPD.CHEX.PC.CD,63.53099442
Comoros,COM,2015,Current health expenditure per capita (current US$),SH.XPD.CHEX.PC.CD,61.16300201
Comoros,COM,2014,Current health expenditure per capita (current US$),SH.XPD.CHEX.PC.CD,84.63935852
Comoros,COM,2013,Current health expenditure per capita (current US$),SH.XPD.CHEX.PC.CD,81.81765747
Comoros,COM,2012,Current health expenditure per capita (current US$),SH.XPD.CHEX.PC.CD,77.10220337
Comoros,COM,2011,Current health expenditure per capita (current US$),SH.XPD.CHEX.PC.CD,81.19863892
Comoros,COM,2010,Current health expenditure per capita (current US$),SH.XPD.CHEX.PC.CD,69.21523285
Comoros,COM,2009,Current health expenditure per capita (current US$),SH.XPD.CHEX.PC.CD,69.4848938
Comoros,COM,2008,Current health expenditure per capita (current US$),SH.XPD.CHEX.PC.CD,73.75498962
Comoros,COM,2007,Current health expenditure per capita (current US$),SH.XPD.CHEX.PC.CD,69.87202454
Comoros,COM,2006,Current health expenditure per capita (current US$),SH.XPD.CHEX.PC.CD,65.72916412
Comoros,COM,2005,Current health expenditure per capita (current US$),SH.XPD.CHEX.PC.CD,67.79858398
Comoros,COM,2004,Current health expenditure per capita (current US$),SH.XPD.CHEX.PC.CD,70.61806488
Comoros,COM,2003,Current health expenditure per capita (current US$),SH.XPD.CHEX.PC.CD,63.91786194
Comoros,COM,2002,Current health expenditure per capita (current US$),SH.XPD.CHEX.PC.CD,51.12133408
Comoros,COM,2001,Current health expenditure per capita (current US$),SH.XPD.CHEX.PC.CD,45.34594727
Comoros,COM,2000,Current health expenditure per capita (current US$),SH.XPD.CHEX.PC.CD,47.59433365
Comoros,COM,2022,"Current health expenditure per capita, PPP (current international $)",SH.XPD.CHEX.PP.CD,317.399337664992
Comoros,COM,2021,"Current health expenditure per capita, PPP (current international $)",SH.XPD.CHEX.PP.CD,225.934103567405
Comoros,COM,2020,"Current health expenditure per capita, PPP (current international $)",SH.XPD.CHEX.PP.CD,200.819909576335
Comoros,COM,2019,"Current health expenditure per capita, PPP (current international $)",SH.XPD.CHEX.PP.CD,177.63371259542
Comoros,COM,2018,"Current health expenditure per capita, PPP (current international $)",SH.XPD.CHEX.PP.CD,165.010693581565
Comoros,COM,2017,"Current health expenditure per capita, PPP (current international $)",SH.XPD.CHEX.PP.CD,171.821748855228
Comoros,COM,2016,"Current health expenditure per capita, PPP (current international $)",SH.XPD.CHEX.PP.CD,142.919163710337
Comoros,COM,2015,"Current health expenditure per capita, PPP (current international $)",SH.XPD.CHEX.PP.CD,133.371066631346
Comoros,COM,2014,"Current health expenditure per capita, PPP (current international $)",SH.XPD.CHEX.PP.CD,151.899804363255
Comoros,COM,2013,"Current health expenditure per capita, PPP (current international $)",SH.XPD.CHEX.PP.CD,143.296825691703
Comoros,COM,2012,"Current health expenditure per capita, PPP (current international $)",SH.XPD.CHEX.PP.CD,137.984963220956
Comoros,COM,2011,"Current health expenditure per capita, PPP (current international $)",SH.XPD.CHEX.PP.CD,131.057073077886
Comoros,COM,2010,"Current health expenditure per capita, PPP (current international $)",SH.XPD.CHEX.PP.CD,118.409575674382
Comoros,COM,2009,"Current health expenditure per capita, PPP (current international $)",SH.XPD.CHEX.PP.CD,113.513211440691
Comoros,COM,2008,"Current health expenditure per capita, PPP (current international $)",SH.XPD.CHEX.PP.CD,114.65685584444
Comoros,COM,2007,"Current health expenditure per capita, PPP (current international $)",SH.XPD.CHEX.PP.CD,117.970907980495
Comoros,COM,2006,"Current health expenditure per capita, PPP (current international $)",SH.XPD.CHEX.PP.CD,122.123302230685
Comoros,COM,2005,"Current health expenditure per capita, PPP (current international $)",SH.XPD.CHEX.PP.CD,127.164573548033
Comoros,COM,2004,"Current health expenditure per capita, PPP (current international $)",SH.XPD.CHEX.PP.CD,128.85080748379
Comoros,COM,2003,"Current health expenditure per capita, PPP (current international $)",SH.XPD.CHEX.PP.CD,129.128703024493
Comoros,COM,2002,"Current health expenditure per capita, PPP (current international $)",SH.XPD.CHEX.PP.CD,127.348954679716
Comoros,COM,2001,"Current health expenditure per capita, PPP (current international $)",SH.XPD.CHEX.PP.CD,122.32849798677
Comoros,COM,2000,"Current health expenditure per capita, PPP (current international $)",SH.XPD.CHEX.PP.CD,132.268625959748
Comoros,COM,2022,External health expenditure (% of current health expenditure),SH.XPD.EHEX.CH.ZS,42.8264122
Comoros,COM,2021,External health expenditure (% of current health expenditure),SH.XPD.EHEX.CH.ZS,25.486166
Comoros,COM,2020,External health expenditure (% of current health expenditure),SH.XPD.EHEX.CH.ZS,11.98889542
Comoros,COM,2019,External health expenditure (% of current health expenditure),SH.XPD.EHEX.CH.ZS,17.57010078
Comoros,COM,2018,External health expenditure (% of current health expenditure),SH.XPD.EHEX.CH.ZS,13.1380415
Comoros,COM,2017,External health expenditure (% of current health expenditure),SH.XPD.EHEX.CH.ZS,19.80408478
Comoros,COM,2016,External health expenditure (% of current health expenditure),SH.XPD.EHEX.CH.ZS,12.6648941
Comoros,COM,2015,External health expenditure (% of current health expenditure),SH.XPD.EHEX.CH.ZS,10.78688049
Comoros,COM,2014,External health expenditure (% of current health expenditure),SH.XPD.EHEX.CH.ZS,21.15483284
Comoros,COM,2013,External health expenditure (% of current health expenditure),SH.XPD.EHEX.CH.ZS,16.5729599
Comoros,COM,2012,External health expenditure (% of current health expenditure),SH.XPD.EHEX.CH.ZS,14.50089359
Comoros,COM,2011,External health expenditure (% of current health expenditure),SH.XPD.EHEX.CH.ZS,14.30095863
Comoros,COM,2010,External health expenditure (% of current health expenditure),SH.XPD.EHEX.CH.ZS,8.20615387
Comoros,COM,2009,External health expenditure (% of current health expenditure),SH.XPD.EHEX.CH.ZS,4.36777544
Comoros,COM,2008,External health expenditure (% of current health expenditure),SH.XPD.EHEX.CH.ZS,4.37350941
Comoros,COM,2007,External health expenditure (% of current health expenditure),SH.XPD.EHEX.CH.ZS,4.31240082
Comoros,COM,2006,External health expenditure (% of current health expenditure),SH.XPD.EHEX.CH.ZS,6.06418848
Comoros,COM,2005,External health expenditure (% of current health expenditure),SH.XPD.EHEX.CH.ZS,9.42740154
Comoros,COM,2004,External health expenditure (% of current health expenditure),SH.XPD.EHEX.CH.ZS,12.10379601
Comoros,COM,2003,External health expenditure (% of current health expenditure),SH.XPD.EHEX.CH.ZS,11.26682854
Comoros,COM,2002,External health expenditure (% of current health expenditure),SH.XPD.EHEX.CH.ZS,6.70341349
Comoros,COM,2001,External health expenditure (% of current health expenditure),SH.XPD.EHEX.CH.ZS,7.87049627
Comoros,COM,2000,External health expenditure (% of current health expenditure),SH.XPD.EHEX.CH.ZS,5.88652134
Comoros,COM,2022,External health expenditure per capita (current US$),SH.XPD.EHEX.PC.CD,52.64901064
Comoros,COM,2021,External health expenditure per capita (current US$),SH.XPD.EHEX.PC.CD,25.49689942
Comoros,COM,2020,External health expenditure per capita (current US$),SH.XPD.EHEX.PC.CD,10.75142283
Comoros,COM,2019,External health expenditure per capita (current US$),SH.XPD.EHEX.PC.CD,13.74627459
Comoros,COM,2018,External health expenditure per capita (current US$),SH.XPD.EHEX.PC.CD,9.8392788
Comoros,COM,2017,External health expenditure per capita (current US$),SH.XPD.EHEX.PC.CD,14.85571172
Comoros,COM,2016,External health expenditure per capita (current US$),SH.XPD.EHEX.PC.CD,8.04613313
Comoros,COM,2015,External health expenditure per capita (current US$),SH.XPD.EHEX.PC.CD,6.59757983
Comoros,COM,2014,External health expenditure per capita (current US$),SH.XPD.EHEX.PC.CD,17.90531447
Comoros,COM,2013,External health expenditure per capita (current US$),SH.XPD.EHEX.PC.CD,13.55960731
Comoros,COM,2012,External health expenditure per capita (current US$),SH.XPD.EHEX.PC.CD,11.18050754
Comoros,COM,2011,External health expenditure per capita (current US$),SH.XPD.EHEX.PC.CD,11.61218488
Comoros,COM,2010,External health expenditure per capita (current US$),SH.XPD.EHEX.PC.CD,5.67990796
Comoros,COM,2009,External health expenditure per capita (current US$),SH.XPD.EHEX.PC.CD,3.0349441
Comoros,COM,2008,External health expenditure per capita (current US$),SH.XPD.EHEX.PC.CD,3.22568155
Comoros,COM,2007,External health expenditure per capita (current US$),SH.XPD.EHEX.PC.CD,3.01316177
Comoros,COM,2006,External health expenditure per capita (current US$),SH.XPD.EHEX.PC.CD,3.98594005
Comoros,COM,2005,External health expenditure per capita (current US$),SH.XPD.EHEX.PC.CD,6.39164445
Comoros,COM,2004,External health expenditure per capita (current US$),SH.XPD.EHEX.PC.CD,8.54746728
Comoros,COM,2003,External health expenditure per capita (current US$),SH.XPD.EHEX.PC.CD,7.20151632
Comoros,COM,2002,External health expenditure per capita (current US$),SH.XPD.EHEX.PC.CD,3.42687472
Comoros,COM,2001,External health expenditure per capita (current US$),SH.XPD.EHEX.PC.CD,3.56895117
Comoros,COM,2000,External health expenditure per capita (current US$),SH.XPD.EHEX.PC.CD,2.80165063
Comoros,COM,2022,"External health expenditure per capita, PPP (current international $)",SH.XPD.EHEX.PP.CD,135.930747307179
Comoros,COM,2021,"External health expenditure per capita, PPP (current international $)",SH.XPD.EHEX.PP.CD,57.5819444280449
Comoros,COM,2020,"External health expenditure per capita, PPP (current international $)",SH.XPD.EHEX.PP.CD,24.0760895248758
Comoros,COM,2019,"External health expenditure per capita, PPP (current international $)",SH.XPD.EHEX.PP.CD,31.2104207456438
Comoros,COM,2018,"External health expenditure per capita, PPP (current international $)",SH.XPD.EHEX.PP.CD,21.67917253417
Comoros,COM,2017,"External health expenditure per capita, PPP (current international $)",SH.XPD.EHEX.PP.CD,34.0277255823913
Comoros,COM,2016,"External health expenditure per capita, PPP (current international $)",SH.XPD.EHEX.PP.CD,18.1005602045354
Comoros,COM,2015,"External health expenditure per capita, PPP (current international $)",SH.XPD.EHEX.PP.CD,14.3865774483427
Comoros,COM,2014,"External health expenditure per capita, PPP (current international $)",SH.XPD.EHEX.PP.CD,32.1341489201359
Comoros,COM,2013,"External health expenditure per capita, PPP (current international $)",SH.XPD.EHEX.PP.CD,23.7485247626162
Comoros,COM,2012,"External health expenditure per capita, PPP (current international $)",SH.XPD.EHEX.PP.CD,20.0090519257735
Comoros,COM,2011,"External health expenditure per capita, PPP (current international $)",SH.XPD.EHEX.PP.CD,18.7424189041488
Comoros,COM,2010,"External health expenditure per capita, PPP (current international $)",SH.XPD.EHEX.PP.CD,9.71687121214404
Comoros,COM,2009,"External health expenditure per capita, PPP (current international $)",SH.XPD.EHEX.PP.CD,4.95800233108401
Comoros,COM,2008,"External health expenditure per capita, PPP (current international $)",SH.XPD.EHEX.PP.CD,5.0145286089553
Comoros,COM,2007,"External health expenditure per capita, PPP (current international $)",SH.XPD.EHEX.PP.CD,5.08737843808975
Comoros,COM,2006,"External health expenditure per capita, PPP (current international $)",SH.XPD.EHEX.PP.CD,7.40578706126966
Comoros,COM,2005,"External health expenditure per capita, PPP (current international $)",SH.XPD.EHEX.PP.CD,11.9883149628726
Comoros,COM,2004,"External health expenditure per capita, PPP (current international $)",SH.XPD.EHEX.PP.CD,15.5958393388579
Comoros,COM,2003,"External health expenditure per capita, PPP (current international $)",SH.XPD.EHEX.PP.CD,14.5487101483902
Comoros,COM,2002,"External health expenditure per capita, PPP (current international $)",SH.XPD.EHEX.PP.CD,8.53672730187155
Comoros,COM,2001,"External health expenditure per capita, PPP (current international $)",SH.XPD.EHEX.PP.CD,9.62786000823158
Comoros,COM,2000,"External health expenditure per capita, PPP (current international $)",SH.XPD.EHEX.PP.CD,7.78602109132214
Comoros,COM,2022,Domestic general government health expenditure (% of current health expenditure),SH.XPD.GHED.CH.ZS,10.33240414
Comoros,COM,2021,Domestic general government health expenditure (% of current health expenditure),SH.XPD.GHED.CH.ZS,14.69096661
Comoros,COM,2020,Domestic general government health expenditure (% of current health expenditure),SH.XPD.GHED.CH.ZS,21.90417671
Comoros,COM,2019,Domestic general government health expenditure (% of current health expenditure),SH.XPD.GHED.CH.ZS,16.06903648
Comoros,COM,2018,Domestic general government health expenditure (% of current health expenditure),SH.XPD.GHED.CH.ZS,15.61307907
Comoros,COM,2017,Domestic general government health expenditure (% of current health expenditure),SH.XPD.GHED.CH.ZS,12.82911968
Comoros,COM,2016,Domestic general government health expenditure (% of current health expenditure),SH.XPD.GHED.CH.ZS,12.33709335
Comoros,COM,2015,Domestic general government health expenditure (% of current health expenditure),SH.XPD.GHED.CH.ZS,10.13119793
Comoros,COM,2014,Domestic general government health expenditure (% of current health expenditure),SH.XPD.GHED.CH.ZS,10.59300518
Comoros,COM,2013,Domestic general government health expenditure (% of current health expenditure),SH.XPD.GHED.CH.ZS,12.92933369
Comoros,COM,2012,Domestic general government health expenditure (% of current health expenditure),SH.XPD.GHED.CH.ZS,15.37328148
Comoros,COM,2011,Domestic general government health expenditure (% of current health expenditure),SH.XPD.GHED.CH.ZS,18.04415131
Comoros,COM,2010,Domestic general government health expenditure (% of current health expenditure),SH.XPD.GHED.CH.ZS,7.54602146
Comoros,COM,2009,Domestic general government health expenditure (% of current health expenditure),SH.XPD.GHED.CH.ZS,7.69386292
Comoros,COM,2008,Domestic general government health expenditure (% of current health expenditure),SH.XPD.GHED.CH.ZS,8.54952526
Comoros,COM,2007,Domestic general government health expenditure (% of current health expenditure),SH.XPD.GHED.CH.ZS,10.44716454
Comoros,COM,2006,Domestic general government health expenditure (% of current health expenditure),SH.XPD.GHED.CH.ZS,11.1784029
Comoros,COM,2005,Domestic general government health expenditure (% of current health expenditure),SH.XPD.GHED.CH.ZS,11.31961727
Comoros,COM,2004,Domestic general government health expenditure (% of current health expenditure),SH.XPD.GHED.CH.ZS,12.01578045
Comoros,COM,2003,Domestic general government health expenditure (% of current health expenditure),SH.XPD.GHED.CH.ZS,12.80636311
Comoros,COM,2002,Domestic general government health expenditure (% of current health expenditure),SH.XPD.GHED.CH.ZS,14.30921555
Comoros,COM,2001,Domestic general government health expenditure (% of current health expenditure),SH.XPD.GHED.CH.ZS,8.02641773
Comoros,COM,2000,Domestic general government health expenditure (% of current health expenditure),SH.XPD.GHED.CH.ZS,11.86565685
Comoros,COM,2022,Domestic general government health expenditure (% of GDP),SH.XPD.GHED.GD.ZS,0.86589533
Comoros,COM,2021,Domestic general government health expenditure (% of GDP),SH.XPD.GHED.GD.ZS,0.94517165
Comoros,COM,2020,Domestic general government health expenditure (% of GDP),SH.XPD.GHED.GD.ZS,1.29287672
Comoros,COM,2019,Domestic general government health expenditure (% of GDP),SH.XPD.GHED.GD.ZS,0.83244753
Comoros,COM,2018,Domestic general government health expenditure (% of GDP),SH.XPD.GHED.GD.ZS,0.76553828
Comoros,COM,2017,Domestic general government health expenditure (% of GDP),SH.XPD.GHED.GD.ZS,0.67584765
Comoros,COM,2016,Domestic general government health expenditure (% of GDP),SH.XPD.GHED.GD.ZS,0.57399994
Comoros,COM,2015,Domestic general government health expenditure (% of GDP),SH.XPD.GHED.GD.ZS,0.46612623
Comoros,COM,2014,Domestic general government health expenditure (% of GDP),SH.XPD.GHED.GD.ZS,0.55491424
Comoros,COM,2013,Domestic general government health expenditure (% of GDP),SH.XPD.GHED.GD.ZS,0.65978307
Comoros,COM,2012,Domestic general government health expenditure (% of GDP),SH.XPD.GHED.GD.ZS,0.79534382
Comoros,COM,2011,Domestic general government health expenditure (% of GDP),SH.XPD.GHED.GD.ZS,0.9567222
Comoros,COM,2010,Domestic general government health expenditure (% of GDP),SH.XPD.GHED.GD.ZS,0.37668347
Comoros,COM,2009,Domestic general government health expenditure (% of GDP),SH.XPD.GHED.GD.ZS,0.37907231
Comoros,COM,2008,Domestic general government health expenditure (% of GDP),SH.XPD.GHED.GD.ZS,0.43337327
Comoros,COM,2007,Domestic general government health expenditure (% of GDP),SH.XPD.GHED.GD.ZS,0.56597918
Comoros,COM,2006,Domestic general government health expenditure (% of GDP),SH.XPD.GHED.GD.ZS,0.64537597
Comoros,COM,2005,Domestic general government health expenditure (% of GDP),SH.XPD.GHED.GD.ZS,0.69351977
Comoros,COM,2004,Domestic general government health expenditure (% of GDP),SH.XPD.GHED.GD.ZS,0.79133064
Comoros,COM,2003,Domestic general government health expenditure (% of GDP),SH.XPD.GHED.GD.ZS,0.85293561
Comoros,COM,2002,Domestic general government health expenditure (% of GDP),SH.XPD.GHED.GD.ZS,0.95703292
Comoros,COM,2001,Domestic general government health expenditure (% of GDP),SH.XPD.GHED.GD.ZS,0.53460306
Comoros,COM,2000,Domestic general government health expenditure (% of GDP),SH.XPD.GHED.GD.ZS,0.89238626
Comoros,COM,2022,Domestic general government health expenditure (% of general government expenditure),SH.XPD.GHED.GE.ZS,4.73731661
Comoros,COM,2021,Domestic general government health expenditure (% of general government expenditure),SH.XPD.GHED.GE.ZS,4.73731661
Comoros,COM,2020,Domestic general government health expenditure (% of general government expenditure),SH.XPD.GHED.GE.ZS,6.88908243
Comoros,COM,2019,Domestic general government health expenditure (% of general government expenditure),SH.XPD.GHED.GE.ZS,4.13345671
Comoros,COM,2018,Domestic general government health expenditure (% of general government expenditure),SH.XPD.GHED.GE.ZS,3.99391246
Comoros,COM,2017,Domestic general government health expenditure (% of general government expenditure),SH.XPD.GHED.GE.ZS,3.58549595
Comoros,COM,2016,Domestic general government health expenditure (% of general government expenditure),SH.XPD.GHED.GE.ZS,3.03607512
Comoros,COM,2015,Domestic general government health expenditure (% of general government expenditure),SH.XPD.GHED.GE.ZS,2.44571519
Comoros,COM,2014,Domestic general government health expenditure (% of general government expenditure),SH.XPD.GHED.GE.ZS,3.81965494
Comoros,COM,2013,Domestic general government health expenditure (% of general government expenditure),SH.XPD.GHED.GE.ZS,4.449965
Comoros,COM,2012,Domestic general government health expenditure (% of general government expenditure),SH.XPD.GHED.GE.ZS,5.35224819
Comoros,COM,2011,Domestic general government health expenditure (% of general government expenditure),SH.XPD.GHED.GE.ZS,7.23844337
Comoros,COM,2010,Domestic general government health expenditure (% of general government expenditure),SH.XPD.GHED.GE.ZS,2.83923602
Comoros,COM,2009,Domestic general government health expenditure (% of general government expenditure),SH.XPD.GHED.GE.ZS,2.77465606
Comoros,COM,2008,Domestic general government health expenditure (% of general government expenditure),SH.XPD.GHED.GE.ZS,2.86453962
Comoros,COM,2007,Domestic general government health expenditure (% of general government expenditure),SH.XPD.GHED.GE.ZS,4.33239365
Comoros,COM,2006,Domestic general government health expenditure (% of general government expenditure),SH.XPD.GHED.GE.ZS,5.18173599
Comoros,COM,2005,Domestic general government health expenditure (% of general government expenditure),SH.XPD.GHED.GE.ZS,5.91186571
Comoros,COM,2004,Domestic general government health expenditure (% of general government expenditure),SH.XPD.GHED.GE.ZS,6.75573111
Comoros,COM,2003,Domestic general government health expenditure (% of general government expenditure),SH.XPD.GHED.GE.ZS,6.68444395
Comoros,COM,2002,Domestic general government health expenditure (% of general government expenditure),SH.XPD.GHED.GE.ZS,6.71067286
Comoros,COM,2001,Domestic general government health expenditure (% of general government expenditure),SH.XPD.GHED.GE.ZS,4.11414385
Comoros,COM,2000,Domestic general government health expenditure (% of general government expenditure),SH.XPD.GHED.GE.ZS,9.15514088
Comoros,COM,2022,Domestic general government health expenditure per capita (current US$),SH.XPD.GHED.PC.CD,12.702229
Comoros,COM,2021,Domestic general government health expenditure per capita (current US$),SH.XPD.GHED.PC.CD,14.69715369
Comoros,COM,2020,Domestic general government health expenditure per capita (current US$),SH.XPD.GHED.PC.CD,19.6432668
Comoros,COM,2019,Domestic general government health expenditure per capita (current US$),SH.XPD.GHED.PC.CD,12.57189089
Comoros,COM,2018,Domestic general government health expenditure per capita (current US$),SH.XPD.GHED.PC.CD,11.69287192
Comoros,COM,2017,Domestic general government health expenditure per capita (current US$),SH.XPD.GHED.PC.CD,9.62355554
Comoros,COM,2016,Domestic general government health expenditure per capita (current US$),SH.XPD.GHED.PC.CD,7.83787778
Comoros,COM,2015,Domestic general government health expenditure per capita (current US$),SH.XPD.GHED.PC.CD,6.19654436
Comoros,COM,2014,Domestic general government health expenditure per capita (current US$),SH.XPD.GHED.PC.CD,8.96585132
Comoros,COM,2013,Domestic general government health expenditure per capita (current US$),SH.XPD.GHED.PC.CD,10.57847839
Comoros,COM,2012,Domestic general government health expenditure per capita (current US$),SH.XPD.GHED.PC.CD,11.85313767
Comoros,COM,2011,Domestic general government health expenditure per capita (current US$),SH.XPD.GHED.PC.CD,14.65160628
Comoros,COM,2010,Domestic general government health expenditure per capita (current US$),SH.XPD.GHED.PC.CD,5.22299622
Comoros,COM,2009,Domestic general government health expenditure per capita (current US$),SH.XPD.GHED.PC.CD,5.34607209
Comoros,COM,2008,Domestic general government health expenditure per capita (current US$),SH.XPD.GHED.PC.CD,6.30570119
Comoros,COM,2007,Domestic general government health expenditure per capita (current US$),SH.XPD.GHED.PC.CD,7.29964503
Comoros,COM,2006,Domestic general government health expenditure per capita (current US$),SH.XPD.GHED.PC.CD,7.34747056
Comoros,COM,2005,Domestic general government health expenditure per capita (current US$),SH.XPD.GHED.PC.CD,7.67453963
Comoros,COM,2004,Domestic general government health expenditure per capita (current US$),SH.XPD.GHED.PC.CD,8.48531233
Comoros,COM,2003,Domestic general government health expenditure per capita (current US$),SH.XPD.GHED.PC.CD,8.18555392
Comoros,COM,2002,Domestic general government health expenditure per capita (current US$),SH.XPD.GHED.PC.CD,7.31506231
Comoros,COM,2001,Domestic general government health expenditure per capita (current US$),SH.XPD.GHED.PC.CD,3.63965532
Comoros,COM,2000,Domestic general government health expenditure per capita (current US$),SH.XPD.GHED.PC.CD,5.64738022
Comoros,COM,2022,"Domestic general government health expenditure per capita, PPP (current international $)",SH.XPD.GHED.PP.CD,32.7949843518076
Comoros,COM,2021,"Domestic general government health expenditure per capita, PPP (current international $)",SH.XPD.GHED.PP.CD,33.1919059140523
Comoros,COM,2020,"Domestic general government health expenditure per capita, PPP (current international $)",SH.XPD.GHED.PP.CD,43.9879500009948
Comoros,COM,2019,"Domestic general government health expenditure per capita, PPP (current international $)",SH.XPD.GHED.PP.CD,28.5440249089857
Comoros,COM,2018,"Domestic general government health expenditure per capita, PPP (current international $)",SH.XPD.GHED.PP.CD,25.7632488123848
Comoros,COM,2017,"Domestic general government health expenditure per capita, PPP (current international $)",SH.XPD.GHED.PP.CD,22.0432190051293
Comoros,COM,2016,"Domestic general government health expenditure per capita, PPP (current international $)",SH.XPD.GHED.PP.CD,17.6320695089429
Comoros,COM,2015,"Domestic general government health expenditure per capita, PPP (current international $)",SH.XPD.GHED.PP.CD,13.512085890436
Comoros,COM,2014,"Domestic general government health expenditure per capita, PPP (current international $)",SH.XPD.GHED.PP.CD,16.0907535071052
Comoros,COM,2013,"Domestic general government health expenditure per capita, PPP (current international $)",SH.XPD.GHED.PP.CD,18.5273253284123
Comoros,COM,2012,"Domestic general government health expenditure per capita, PPP (current international $)",SH.XPD.GHED.PP.CD,21.2128158033659
Comoros,COM,2011,"Domestic general government health expenditure per capita, PPP (current international $)",SH.XPD.GHED.PP.CD,23.6481373118037
Comoros,COM,2010,"Domestic general government health expenditure per capita, PPP (current international $)",SH.XPD.GHED.PP.CD,8.93521197350423
Comoros,COM,2009,"Domestic general government health expenditure per capita, PPP (current international $)",SH.XPD.GHED.PP.CD,8.73355061209408
Comoros,COM,2008,"Domestic general government health expenditure per capita, PPP (current international $)",SH.XPD.GHED.PP.CD,9.80261644299571
Comoros,COM,2007,"Domestic general government health expenditure per capita, PPP (current international $)",SH.XPD.GHED.PP.CD,12.3246143435619
Comoros,COM,2006,"Domestic general government health expenditure per capita, PPP (current international $)",SH.XPD.GHED.PP.CD,13.6514352288136
Comoros,COM,2005,"Domestic general government health expenditure per capita, PPP (current international $)",SH.XPD.GHED.PP.CD,14.3945426007778
Comoros,COM,2004,"Domestic general government health expenditure per capita, PPP (current international $)",SH.XPD.GHED.PP.CD,15.4824304641436
Comoros,COM,2003,"Domestic general government health expenditure per capita, PPP (current international $)",SH.XPD.GHED.PP.CD,16.5366911628718
Comoros,COM,2002,"Domestic general government health expenditure per capita, PPP (current international $)",SH.XPD.GHED.PP.CD,18.2226364388912
Comoros,COM,2001,"Domestic general government health expenditure per capita, PPP (current international $)",SH.XPD.GHED.PP.CD,9.81859661832538
Comoros,COM,2000,"Domestic general government health expenditure per capita, PPP (current international $)",SH.XPD.GHED.PP.CD,15.6945412767354
Comoros,COM,2022,Out-of-pocket expenditure (% of current health expenditure),SH.XPD.OOPC.CH.ZS,43.93103027
Comoros,COM,2021,Out-of-pocket expenditure (% of current health expenditure),SH.XPD.OOPC.CH.ZS,55.80695724
Comoros,COM,2020,Out-of-pocket expenditure (% of current health expenditure),SH.XPD.OOPC.CH.ZS,61.9016304
Comoros,COM,2019,Out-of-pocket expenditure (% of current health expenditure),SH.XPD.OOPC.CH.ZS,61.82796478
Comoros,COM,2018,Out-of-pocket expenditure (% of current health expenditure),SH.XPD.OOPC.CH.ZS,67.24486542
Comoros,COM,2017,Out-of-pocket expenditure (% of current health expenditure),SH.XPD.OOPC.CH.ZS,63.84443665
Comoros,COM,2016,Out-of-pocket expenditure (% of current health expenditure),SH.XPD.OOPC.CH.ZS,71.2664566
Comoros,COM,2015,Out-of-pocket expenditure (% of current health expenditure),SH.XPD.OOPC.CH.ZS,74.98792267
Comoros,COM,2014,Out-of-pocket expenditure (% of current health expenditure),SH.XPD.OOPC.CH.ZS,65.51406097
Comoros,COM,2013,Out-of-pocket expenditure (% of current health expenditure),SH.XPD.OOPC.CH.ZS,68.00801849
Comoros,COM,2012,Out-of-pocket expenditure (% of current health expenditure),SH.XPD.OOPC.CH.ZS,67.96592712
Comoros,COM,2011,Out-of-pocket expenditure (% of current health expenditure),SH.XPD.OOPC.CH.ZS,64.04379272
Comoros,COM,2010,Out-of-pocket expenditure (% of current health expenditure),SH.XPD.OOPC.CH.ZS,80.46083832
Comoros,COM,2009,Out-of-pocket expenditure (% of current health expenditure),SH.XPD.OOPC.CH.ZS,84.12468719
Comoros,COM,2008,Out-of-pocket expenditure (% of current health expenditure),SH.XPD.OOPC.CH.ZS,83.37431335
Comoros,COM,2007,Out-of-pocket expenditure (% of current health expenditure),SH.XPD.OOPC.CH.ZS,81.81255341
Comoros,COM,2006,Out-of-pocket expenditure (% of current health expenditure),SH.XPD.OOPC.CH.ZS,79.49471283
Comoros,COM,2005,Out-of-pocket expenditure (% of current health expenditure),SH.XPD.OOPC.CH.ZS,76.20360565
Comoros,COM,2004,Out-of-pocket expenditure (% of current health expenditure),SH.XPD.OOPC.CH.ZS,73.01578522
Comoros,COM,2003,Out-of-pocket expenditure (% of current health expenditure),SH.XPD.OOPC.CH.ZS,73.11751556
Comoros,COM,2002,Out-of-pocket expenditure (% of current health expenditure),SH.XPD.OOPC.CH.ZS,76.19380951
Comoros,COM,2001,Out-of-pocket expenditure (% of current health expenditure),SH.XPD.OOPC.CH.ZS,81.27288818
Comoros,COM,2000,Out-of-pocket expenditure (% of current health expenditure),SH.XPD.OOPC.CH.ZS,79.71902466
Comoros,COM,2022,Out-of-pocket expenditure per capita (current US$),SH.XPD.OOPC.PC.CD,54.00698202
Comoros,COM,2021,Out-of-pocket expenditure per capita (current US$),SH.XPD.OOPC.PC.CD,55.83046015
Comoros,COM,2020,Out-of-pocket expenditure per capita (current US$),SH.XPD.OOPC.PC.CD,55.51225266
Comoros,COM,2019,Out-of-pocket expenditure per capita (current US$),SH.XPD.OOPC.PC.CD,48.37218739
Comoros,COM,2018,Out-of-pocket expenditure per capita (current US$),SH.XPD.OOPC.PC.CD,50.36070026
Comoros,COM,2017,Out-of-pocket expenditure per capita (current US$),SH.XPD.OOPC.PC.CD,47.89186523
Comoros,COM,2016,Out-of-pocket expenditure per capita (current US$),SH.XPD.OOPC.PC.CD,45.276289
Comoros,COM,2015,Out-of-pocket expenditure per capita (current US$),SH.XPD.OOPC.PC.CD,45.86486046
Comoros,COM,2014,Out-of-pocket expenditure per capita (current US$),SH.XPD.OOPC.PC.CD,55.45068318
Comoros,COM,2013,Out-of-pocket expenditure per capita (current US$),SH.XPD.OOPC.PC.CD,55.64256913
Comoros,COM,2012,Out-of-pocket expenditure per capita (current US$),SH.XPD.OOPC.PC.CD,52.40322176
Comoros,COM,2011,Out-of-pocket expenditure per capita (current US$),SH.XPD.OOPC.PC.CD,52.00269521
Comoros,COM,2010,Out-of-pocket expenditure per capita (current US$),SH.XPD.OOPC.PC.CD,55.69115361
Comoros,COM,2009,Out-of-pocket expenditure per capita (current US$),SH.XPD.OOPC.PC.CD,58.45394859
Comoros,COM,2008,Out-of-pocket expenditure per capita (current US$),SH.XPD.OOPC.PC.CD,61.49271438
Comoros,COM,2007,Out-of-pocket expenditure per capita (current US$),SH.XPD.OOPC.PC.CD,57.16408605
Comoros,COM,2006,Out-of-pocket expenditure per capita (current US$),SH.XPD.OOPC.PC.CD,52.25120769
Comoros,COM,2005,Out-of-pocket expenditure per capita (current US$),SH.XPD.OOPC.PC.CD,51.66496497
Comoros,COM,2004,Out-of-pocket expenditure per capita (current US$),SH.XPD.OOPC.PC.CD,51.56234172
Comoros,COM,2003,Out-of-pocket expenditure per capita (current US$),SH.XPD.OOPC.PC.CD,46.73515408
Comoros,COM,2002,Out-of-pocket expenditure per capita (current US$),SH.XPD.OOPC.PC.CD,38.95129574
Comoros,COM,2001,Out-of-pocket expenditure per capita (current US$),SH.XPD.OOPC.PC.CD,36.85396164
Comoros,COM,2000,Out-of-pocket expenditure per capita (current US$),SH.XPD.OOPC.PC.CD,37.94173776
Comoros,COM,2022,"Out-of-pocket expenditure per capita, PPP (current international $)",SH.XPD.OOPC.PP.CD,139.436797304083
Comoros,COM,2021,"Out-of-pocket expenditure per capita, PPP (current international $)",SH.XPD.OOPC.PP.CD,126.086956709973
Comoros,COM,2020,"Out-of-pocket expenditure per capita, PPP (current international $)",SH.XPD.OOPC.PP.CD,124.310799184886
Comoros,COM,2019,"Out-of-pocket expenditure per capita, PPP (current international $)",SH.XPD.OOPC.PP.CD,109.827307133837
Comoros,COM,2018,"Out-of-pocket expenditure per capita, PPP (current international $)",SH.XPD.OOPC.PP.CD,110.961212909084
Comoros,COM,2017,"Out-of-pocket expenditure per capita, PPP (current international $)",SH.XPD.OOPC.PP.CD,109.698631627759
Comoros,COM,2016,"Out-of-pocket expenditure per capita, PPP (current international $)",SH.XPD.OOPC.PP.CD,101.853422181006
Comoros,COM,2015,"Out-of-pocket expenditure per capita, PPP (current international $)",SH.XPD.OOPC.PP.CD,100.012183933981
Comoros,COM,2014,"Out-of-pocket expenditure per capita, PPP (current international $)",SH.XPD.OOPC.PP.CD,99.5157339512631
Comoros,COM,2013,"Out-of-pocket expenditure per capita, PPP (current international $)",SH.XPD.OOPC.PP.CD,97.4533333243791
Comoros,COM,2012,"Out-of-pocket expenditure per capita, PPP (current international $)",SH.XPD.OOPC.PP.CD,93.7827537414329
Comoros,COM,2011,"Out-of-pocket expenditure per capita, PPP (current international $)",SH.XPD.OOPC.PP.CD,83.9339286742069
Comoros,COM,2010,"Out-of-pocket expenditure per capita, PPP (current international $)",SH.XPD.OOPC.PP.CD,95.273333861811
Comoros,COM,2009,"Out-of-pocket expenditure per capita, PPP (current international $)",SH.XPD.OOPC.PP.CD,95.4926364061605
Comoros,COM,2008,"Out-of-pocket expenditure per capita, PPP (current international $)",SH.XPD.OOPC.PP.CD,95.594363732651
Comoros,COM,2007,"Out-of-pocket expenditure per capita, PPP (current international $)",SH.XPD.OOPC.PP.CD,96.5150103080682
Comoros,COM,2006,"Out-of-pocket expenditure per capita, PPP (current international $)",SH.XPD.OOPC.PP.CD,97.0815699561498
Comoros,COM,2005,"Out-of-pocket expenditure per capita, PPP (current international $)",SH.XPD.OOPC.PP.CD,96.9039936297599
Comoros,COM,2004,"Out-of-pocket expenditure per capita, PPP (current international $)",SH.XPD.OOPC.PP.CD,94.0814361473922
Comoros,COM,2003,"Out-of-pocket expenditure per capita, PPP (current international $)",SH.XPD.OOPC.PP.CD,94.415700793483
Comoros,COM,2002,"Out-of-pocket expenditure per capita, PPP (current international $)",SH.XPD.OOPC.PP.CD,97.0320239907426
Comoros,COM,2001,"Out-of-pocket expenditure per capita, PPP (current international $)",SH.XPD.OOPC.PP.CD,99.4199041506393
Comoros,COM,2000,"Out-of-pocket expenditure per capita, PPP (current international $)",SH.XPD.OOPC.PP.CD,105.443257924933
Comoros,COM,2022,Domestic private health expenditure (% of current health expenditure),SH.XPD.PVTD.CH.ZS,46.84118271
Comoros,COM,2021,Domestic private health expenditure (% of current health expenditure),SH.XPD.PVTD.CH.ZS,59.82286453
Comoros,COM,2020,Domestic private health expenditure (% of current health expenditure),SH.XPD.PVTD.CH.ZS,66.10692596
Comoros,COM,2019,Domestic private health expenditure (% of current health expenditure),SH.XPD.PVTD.CH.ZS,66.36086273
Comoros,COM,2018,Domestic private health expenditure (% of current health expenditure),SH.XPD.PVTD.CH.ZS,71.24888611
Comoros,COM,2017,Domestic private health expenditure (% of current health expenditure),SH.XPD.PVTD.CH.ZS,67.36679077
Comoros,COM,2016,Domestic private health expenditure (% of current health expenditure),SH.XPD.PVTD.CH.ZS,74.99801636
Comoros,COM,2015,Domestic private health expenditure (% of current health expenditure),SH.XPD.PVTD.CH.ZS,79.08192444
Comoros,COM,2014,Domestic private health expenditure (% of current health expenditure),SH.XPD.PVTD.CH.ZS,68.25216675
Comoros,COM,2013,Domestic private health expenditure (% of current health expenditure),SH.XPD.PVTD.CH.ZS,70.49770355
Comoros,COM,2012,Domestic private health expenditure (% of current health expenditure),SH.XPD.PVTD.CH.ZS,70.12582397
Comoros,COM,2011,Domestic private health expenditure (% of current health expenditure),SH.XPD.PVTD.CH.ZS,67.65488434
Comoros,COM,2010,Domestic private health expenditure (% of current health expenditure),SH.XPD.PVTD.CH.ZS,84.24782562
Comoros,COM,2009,Domestic private health expenditure (% of current health expenditure),SH.XPD.PVTD.CH.ZS,87.93836212
Comoros,COM,2008,Domestic private health expenditure (% of current health expenditure),SH.XPD.PVTD.CH.ZS,87.07696533
Comoros,COM,2007,Domestic private health expenditure (% of current health expenditure),SH.XPD.PVTD.CH.ZS,85.24043274
Comoros,COM,2006,Domestic private health expenditure (% of current health expenditure),SH.XPD.PVTD.CH.ZS,82.75740814
Comoros,COM,2005,Domestic private health expenditure (% of current health expenditure),SH.XPD.PVTD.CH.ZS,79.25298309
Comoros,COM,2004,Domestic private health expenditure (% of current health expenditure),SH.XPD.PVTD.CH.ZS,75.88041687
Comoros,COM,2003,Domestic private health expenditure (% of current health expenditure),SH.XPD.PVTD.CH.ZS,75.92680359
Comoros,COM,2002,Domestic private health expenditure (% of current health expenditure),SH.XPD.PVTD.CH.ZS,78.98736572
Comoros,COM,2001,Domestic private health expenditure (% of current health expenditure),SH.XPD.PVTD.CH.ZS,84.10308838
Comoros,COM,2000,Domestic private health expenditure (% of current health expenditure),SH.XPD.PVTD.CH.ZS,82.24781799
Comoros,COM,2022,Domestic private health expenditure per capita (current US$),SH.XPD.PVTD.PC.CD,57.58460506
Comoros,COM,2021,Domestic private health expenditure per capita (current US$),SH.XPD.PVTD.PC.CD,59.84805582
Comoros,COM,2020,Domestic private health expenditure per capita (current US$),SH.XPD.PVTD.PC.CD,59.28348369
Comoros,COM,2019,Domestic private health expenditure per capita (current US$),SH.XPD.PVTD.PC.CD,51.91858188
Comoros,COM,2018,Domestic private health expenditure per capita (current US$),SH.XPD.PVTD.PC.CD,53.35937285
Comoros,COM,2017,Domestic private health expenditure per capita (current US$),SH.XPD.PVTD.PC.CD,50.53410475
Comoros,COM,2016,Domestic private health expenditure per capita (current US$),SH.XPD.PVTD.PC.CD,47.6469851
Comoros,COM,2015,Domestic private health expenditure per capita (current US$),SH.XPD.PVTD.PC.CD,48.36887803
Comoros,COM,2014,Domestic private health expenditure per capita (current US$),SH.XPD.PVTD.PC.CD,57.76819363
Comoros,COM,2013,Domestic private health expenditure per capita (current US$),SH.XPD.PVTD.PC.CD,57.67957209
Comoros,COM,2012,Domestic private health expenditure per capita (current US$),SH.XPD.PVTD.PC.CD,54.06855351
Comoros,COM,2011,Domestic private health expenditure per capita (current US$),SH.XPD.PVTD.PC.CD,54.93485154
Comoros,COM,2010,Domestic private health expenditure per capita (current US$),SH.XPD.PVTD.PC.CD,58.31232586
Comoros,COM,2009,Domestic private health expenditure per capita (current US$),SH.XPD.PVTD.PC.CD,61.10387666
Comoros,COM,2008,Domestic private health expenditure per capita (current US$),SH.XPD.PVTD.PC.CD,64.22360649
Comoros,COM,2007,Domestic private health expenditure per capita (current US$),SH.XPD.PVTD.PC.CD,59.55921575
Comoros,COM,2006,Domestic private health expenditure per capita (current US$),SH.XPD.PVTD.PC.CD,54.3957498
Comoros,COM,2005,Domestic private health expenditure per capita (current US$),SH.XPD.PVTD.PC.CD,53.73239807
Comoros,COM,2004,Domestic private health expenditure per capita (current US$),SH.XPD.PVTD.PC.CD,53.58528908
Comoros,COM,2003,Domestic private health expenditure per capita (current US$),SH.XPD.PVTD.PC.CD,48.53079213
Comoros,COM,2002,Domestic private health expenditure per capita (current US$),SH.XPD.PVTD.PC.CD,40.3793985
Comoros,COM,2001,Domestic private health expenditure per capita (current US$),SH.XPD.PVTD.PC.CD,38.13734092
Comoros,COM,2000,Domestic private health expenditure per capita (current US$),SH.XPD.PVTD.PC.CD,39.14530083
Comoros,COM,2022,"Domestic private health expenditure per capita, PPP (current international $)",SH.XPD.PVTD.PP.CD,148.673608561537
Comoros,COM,2021,"Domestic private health expenditure per capita, PPP (current international $)",SH.XPD.PVTD.PP.CD,135.160254863004
Comoros,COM,2020,"Domestic private health expenditure per capita, PPP (current international $)",SH.XPD.PVTD.PP.CD,132.755867081193
Comoros,COM,2019,"Domestic private health expenditure per capita, PPP (current international $)",SH.XPD.PVTD.PP.CD,117.87926792268
Comoros,COM,2018,"Domestic private health expenditure per capita, PPP (current international $)",SH.XPD.PVTD.PP.CD,117.568276470264
Comoros,COM,2017,"Domestic private health expenditure per capita, PPP (current international $)",SH.XPD.PVTD.PP.CD,115.750808934804
Comoros,COM,2016,"Domestic private health expenditure per capita, PPP (current international $)",SH.XPD.PVTD.PP.CD,107.18653398055
Comoros,COM,2015,"Domestic private health expenditure per capita, PPP (current international $)",SH.XPD.PVTD.PP.CD,105.472404741543
Comoros,COM,2014,"Domestic private health expenditure per capita, PPP (current international $)",SH.XPD.PVTD.PP.CD,103.674902791043
Comoros,COM,2013,"Domestic private health expenditure per capita, PPP (current international $)",SH.XPD.PVTD.PP.CD,101.020974643696
Comoros,COM,2012,"Domestic private health expenditure per capita, PPP (current international $)",SH.XPD.PVTD.PP.CD,96.7630933504173
Comoros,COM,2011,"Domestic private health expenditure per capita, PPP (current international $)",SH.XPD.PVTD.PP.CD,88.6665180046697
Comoros,COM,2010,"Domestic private health expenditure per capita, PPP (current international $)",SH.XPD.PVTD.PP.CD,99.7574898286356
Comoros,COM,2009,"Domestic private health expenditure per capita, PPP (current international $)",SH.XPD.PVTD.PP.CD,99.8216616231952
Comoros,COM,2008,"Domestic private health expenditure per capita, PPP (current international $)",SH.XPD.PVTD.PP.CD,99.8397104525582
Comoros,COM,2007,"Domestic private health expenditure per capita, PPP (current international $)",SH.XPD.PVTD.PP.CD,100.558912405317
Comoros,COM,2006,"Domestic private health expenditure per capita, PPP (current international $)",SH.XPD.PVTD.PP.CD,101.066081019929
Comoros,COM,2005,"Domestic private health expenditure per capita, PPP (current international $)",SH.XPD.PVTD.PP.CD,100.781718566171
Comoros,COM,2004,"Domestic private health expenditure per capita, PPP (current international $)",SH.XPD.PVTD.PP.CD,97.7725367829817
Comoros,COM,2003,"Domestic private health expenditure per capita, PPP (current international $)",SH.XPD.PVTD.PP.CD,98.043300356157
Comoros,COM,2002,"Domestic private health expenditure per capita, PPP (current international $)",SH.XPD.PVTD.PP.CD,100.589587305761
Comoros,COM,2001,"Domestic private health expenditure per capita, PPP (current international $)",SH.XPD.PVTD.PP.CD,102.882040624738
Comoros,COM,2000,"Domestic private health expenditure per capita, PPP (current international $)",SH.XPD.PVTD.PP.CD,108.788060212752
Comoros,COM,2024,Net migration,SM.POP.NETM,-2051
Comoros,COM,2023,Net migration,SM.POP.NETM,-2002
Comoros,COM,2022,Net migration,SM.POP.NETM,-2002
Comoros,COM,2021,Net migration,SM.POP.NETM,-1766
Comoros,COM,2020,Net migration,SM.POP.NETM,-1766
Comoros,COM,2019,Net migration,SM.POP.NETM,-2916
Comoros,COM,2018,Net migration,SM.POP.NETM,-2917
Comoros,COM,2017,Net migration,SM.POP.NETM,-2920
Comoros,COM,2016,Net migration,SM.POP.NETM,-2938
Comoros,COM,2015,Net migration,SM.POP.NETM,-2815
Comoros,COM,2014,Net migration,SM.POP.NETM,-2667
Comoros,COM,2013,Net migration,SM.POP.NETM,-2365
Comoros,COM,2012,Net migration,SM.POP.NETM,-3835
Comoros,COM,2011,Net migration,SM.POP.NETM,-3897
Comoros,COM,2010,Net migration,SM.POP.NETM,-3832
Comoros,COM,2009,Net migration,SM.POP.NETM,-3553
Comoros,COM,2008,Net migration,SM.POP.NETM,-3294
Comoros,COM,2007,Net migration,SM.POP.NETM,-3147
Comoros,COM,2006,Net migration,SM.POP.NETM,-3020
Comoros,COM,2005,Net migration,SM.POP.NETM,-2760
Comoros,COM,2004,Net migration,SM.POP.NETM,-2455
Comoros,COM,2003,Net migration,SM.POP.NETM,-4112
Comoros,COM,2002,Net migration,SM.POP.NETM,-1925
Comoros,COM,2001,Net migration,SM.POP.NETM,-2029
Comoros,COM,2000,Net migration,SM.POP.NETM,-2557
Comoros,COM,1999,Net migration,SM.POP.NETM,-3490
Comoros,COM,1998,Net migration,SM.POP.NETM,-4194
Comoros,COM,1997,Net migration,SM.POP.NETM,-4508
Comoros,COM,1996,Net migration,SM.POP.NETM,-4805
Comoros,COM,1995,Net migration,SM.POP.NETM,-4951
Comoros,COM,1994,Net migration,SM.POP.NETM,-5024
Comoros,COM,1993,Net migration,SM.POP.NETM,-5196
Comoros,COM,1992,Net migration,SM.POP.NETM,-5198
Comoros,COM,1991,Net migration,SM.POP.NETM,-3323
Comoros,COM,1990,Net migration,SM.POP.NETM,-2141
Comoros,COM,1989,Net migration,SM.POP.NETM,-1860
Comoros,COM,1988,Net migration,SM.POP.NETM,-1832
Comoros,COM,1987,Net migration,SM.POP.NETM,-1687
Comoros,COM,1986,Net migration,SM.POP.NETM,-1502
Comoros,COM,1985,Net migration,SM.POP.NETM,-1339
Comoros,COM,1984,Net migration,SM.POP.NETM,-1259
Comoros,COM,1983,Net migration,SM.POP.NETM,-1122
Comoros,COM,1982,Net migration,SM.POP.NETM,-1065
Comoros,COM,1981,Net migration,SM.POP.NETM,-999
Comoros,COM,1980,Net migration,SM.POP.NETM,-344
Comoros,COM,1979,Net migration,SM.POP.NETM,468
Comoros,COM,1978,Net migration,SM.POP.NETM,909
Comoros,COM,1977,Net migration,SM.POP.NETM,1377
Comoros,COM,1976,Net migration,SM.POP.NETM,1585
Comoros,COM,1975,Net migration,SM.POP.NETM,1986
Comoros,COM,1974,Net migration,SM.POP.NETM,1840
Comoros,COM,1973,Net migration,SM.POP.NETM,1684
Comoros,COM,1972,Net migration,SM.POP.NETM,1461
Comoros,COM,1971,Net migration,SM.POP.NETM,1216
Comoros,COM,1970,Net migration,SM.POP.NETM,966
Comoros,COM,1969,Net migration,SM.POP.NETM,769
Comoros,COM,1968,Net migration,SM.POP.NETM,592
Comoros,COM,1967,Net migration,SM.POP.NETM,465
Comoros,COM,1966,Net migration,SM.POP.NETM,-1408
Comoros,COM,1965,Net migration,SM.POP.NETM,-2261
Comoros,COM,1964,Net migration,SM.POP.NETM,-1924
Comoros,COM,1963,Net migration,SM.POP.NETM,-1764
Comoros,COM,1962,Net migration,SM.POP.NETM,-1667
Comoros,COM,1961,Net migration,SM.POP.NETM,-1518
Comoros,COM,1960,Net migration,SM.POP.NETM,-1406
Comoros,COM,2015,"International migrant stock, total",SM.POP.TOTL,12555
Comoros,COM,2010,"International migrant stock, total",SM.POP.TOTL,12618
Comoros,COM,2005,"International migrant stock, total",SM.POP.TOTL,13209
Comoros,COM,2000,"International migrant stock, total",SM.POP.TOTL,13799
Comoros,COM,1995,"International migrant stock, total",SM.POP.TOTL,13939
Comoros,COM,1990,"International migrant stock, total",SM.POP.TOTL,14079
Comoros,COM,1985,"International migrant stock, total",SM.POP.TOTL,14364
Comoros,COM,1980,"International migrant stock, total",SM.POP.TOTL,14655
Comoros,COM,1975,"International migrant stock, total",SM.POP.TOTL,7098
Comoros,COM,1970,"International migrant stock, total",SM.POP.TOTL,3614
Comoros,COM,1965,"International migrant stock, total",SM.POP.TOTL,2138
Comoros,COM,1960,"International migrant stock, total",SM.POP.TOTL,1507
Comoros,COM,2015,International migrant stock (% of population),SM.POP.TOTL.ZS,1.59231629704974
Comoros,COM,2010,International migrant stock (% of population),SM.POP.TOTL.ZS,1.80593821338352
Comoros,COM,2005,International migrant stock (% of population),SM.POP.TOTL.ZS,2.13519507558613
Comoros,COM,2000,International migrant stock (% of population),SM.POP.TOTL.ZS,2.51946335193246
Comoros,COM,1995,International migrant stock (% of population),SM.POP.TOTL.ZS,2.9065378857069
Comoros,COM,1990,International migrant stock (% of population),SM.POP.TOTL.ZS,3.39135336172509
Comoros,COM,2022,Prevalence of undernourishment (% of population),SN.ITK.DEFC.ZS,16.9
Comoros,COM,2021,Prevalence of undernourishment (% of population),SN.ITK.DEFC.ZS,15.7
Comoros,COM,2020,Prevalence of undernourishment (% of population),SN.ITK.DEFC.ZS,13.9
Comoros,COM,2019,Prevalence of undernourishment (% of population),SN.ITK.DEFC.ZS,13.4
Comoros,COM,2018,Prevalence of undernourishment (% of population),SN.ITK.DEFC.ZS,13.1
Comoros,COM,2017,Prevalence of undernourishment (% of population),SN.ITK.DEFC.ZS,13.1
Comoros,COM,2016,Prevalence of undernourishment (% of population),SN.ITK.DEFC.ZS,13.5
Comoros,COM,2015,Prevalence of undernourishment (% of population),SN.ITK.DEFC.ZS,13.9
Comoros,COM,2014,Prevalence of undernourishment (% of population),SN.ITK.DEFC.ZS,14.4
Comoros,COM,2013,Prevalence of undernourishment (% of population),SN.ITK.DEFC.ZS,14.8
Comoros,COM,2012,Prevalence of undernourishment (% of population),SN.ITK.DEFC.ZS,15.4
Comoros,COM,2011,Prevalence of undernourishment (% of population),SN.ITK.DEFC.ZS,15.7
Comoros,COM,2010,Prevalence of undernourishment (% of population),SN.ITK.DEFC.ZS,17.3
Comoros,COM,2009,Prevalence of undernourishment (% of population),SN.ITK.DEFC.ZS,18.7
Comoros,COM,2008,Prevalence of undernourishment (% of population),SN.ITK.DEFC.ZS,19.9
Comoros,COM,2007,Prevalence of undernourishment (% of population),SN.ITK.DEFC.ZS,18.6
Comoros,COM,2006,Prevalence of undernourishment (% of population),SN.ITK.DEFC.ZS,17.4
Comoros,COM,2005,Prevalence of undernourishment (% of population),SN.ITK.DEFC.ZS,16.6
Comoros,COM,2004,Prevalence of undernourishment (% of population),SN.ITK.DEFC.ZS,16.6
Comoros,COM,2003,Prevalence of undernourishment (% of population),SN.ITK.DEFC.ZS,18
Comoros,COM,2002,Prevalence of undernourishment (% of population),SN.ITK.DEFC.ZS,20.9
Comoros,COM,2001,Prevalence of undernourishment (% of population),SN.ITK.DEFC.ZS,24.9
Comoros,COM,2022,Prevalence of moderate or severe food insecurity in the population (%),SN.ITK.MSFI.ZS,79.7
Comoros,COM,2021,Prevalence of moderate or severe food insecurity in the population (%),SN.ITK.MSFI.ZS,79.7
Comoros,COM,2020,Prevalence of moderate or severe food insecurity in the population (%),SN.ITK.MSFI.ZS,79.7
Comoros,COM,2012,Consumption of iodized salt (% of households),SN.ITK.SALT.ZS,81.9
Comoros,COM,2000,Consumption of iodized salt (% of households),SN.ITK.SALT.ZS,91
Comoros,COM,2022,Prevalence of severe food insecurity in the population (%),SN.ITK.SVFI.ZS,27.4
Comoros,COM,2021,Prevalence of severe food insecurity in the population (%),SN.ITK.SVFI.ZS,27.4
Comoros,COM,2020,Prevalence of severe food insecurity in the population (%),SN.ITK.SVFI.ZS,27.4
Comoros,COM,2022,Vitamin A supplementation coverage rate (% of children ages 6-59 months),SN.ITK.VITA.ZS,16
Comoros,COM,2021,Vitamin A supplementation coverage rate (% of children ages 6-59 months),SN.ITK.VITA.ZS,10
Comoros,COM,2020,Vitamin A supplementation coverage rate (% of children ages 6-59 months),SN.ITK.VITA.ZS,23
Comoros,COM,2019,Vitamin A supplementation coverage rate (% of children ages 6-59 months),SN.ITK.VITA.ZS,78
Comoros,COM,2018,Vitamin A supplementation coverage rate (% of children ages 6-59 months),SN.ITK.VITA.ZS,11
Comoros,COM,2017,Vitamin A supplementation coverage rate (% of children ages 6-59 months),SN.ITK.VITA.ZS,21
Comoros,COM,2016,Vitamin A supplementation coverage rate (% of children ages 6-59 months),SN.ITK.VITA.ZS,17
Comoros,COM,2015,Vitamin A supplementation coverage rate (% of children ages 6-59 months),SN.ITK.VITA.ZS,12
Comoros,COM,2014,Vitamin A supplementation coverage rate (% of children ages 6-59 months),SN.ITK.VITA.ZS,14
Comoros,COM,2010,Vitamin A supplementation coverage rate (% of children ages 6-59 months),SN.ITK.VITA.ZS,18
Comoros,COM,2009,Vitamin A supplementation coverage rate (% of children ages 6-59 months),SN.ITK.VITA.ZS,40
Comoros,COM,2008,Vitamin A supplementation coverage rate (% of children ages 6-59 months),SN.ITK.VITA.ZS,20
Comoros,COM,2004,Vitamin A supplementation coverage rate (% of children ages 6-59 months),SN.ITK.VITA.ZS,7
Comoros,COM,2023,"Adolescent fertility rate (births per 1,000 women ages 15-19)",SP.ADO.TFRT,55.233
Comoros,COM,2022,"Adolescent fertility rate (births per 1,000 women ages 15-19)",SP.ADO.TFRT,56.298
Comoros,COM,2021,"Adolescent fertility rate (births per 1,000 women ages 15-19)",SP.ADO.TFRT,57.386
Comoros,COM,2020,"Adolescent fertility rate (births per 1,000 women ages 15-19)",SP.ADO.TFRT,58.543
Comoros,COM,2019,"Adolescent fertility rate (births per 1,000 women ages 15-19)",SP.ADO.TFRT,59.294
Comoros,COM,2018,"Adolescent fertility rate (births per 1,000 women ages 15-19)",SP.ADO.TFRT,59.952
Comoros,COM,2017,"Adolescent fertility rate (births per 1,000 women ages 15-19)",SP.ADO.TFRT,60.415
Comoros,COM,2016,"Adolescent fertility rate (births per 1,000 women ages 15-19)",SP.ADO.TFRT,62.209
Comoros,COM,2015,"Adolescent fertility rate (births per 1,000 women ages 15-19)",SP.ADO.TFRT,64.414
Comoros,COM,2014,"Adolescent fertility rate (births per 1,000 women ages 15-19)",SP.ADO.TFRT,66.558
Comoros,COM,2013,"Adolescent fertility rate (births per 1,000 women ages 15-19)",SP.ADO.TFRT,68.911
Comoros,COM,2012,"Adolescent fertility rate (births per 1,000 women ages 15-19)",SP.ADO.TFRT,70.802
Comoros,COM,2011,"Adolescent fertility rate (births per 1,000 women ages 15-19)",SP.ADO.TFRT,72.815
Comoros,COM,2010,"Adolescent fertility rate (births per 1,000 women ages 15-19)",SP.ADO.TFRT,74.306
Comoros,COM,2009,"Adolescent fertility rate (births per 1,000 women ages 15-19)",SP.ADO.TFRT,76.258
Comoros,COM,2008,"Adolescent fertility rate (births per 1,000 women ages 15-19)",SP.ADO.TFRT,78.28
Comoros,COM,2007,"Adolescent fertility rate (births per 1,000 women ages 15-19)",SP.ADO.TFRT,81.061
Comoros,COM,2006,"Adolescent fertility rate (births per 1,000 women ages 15-19)",SP.ADO.TFRT,84.098
Comoros,COM,2005,"Adolescent fertility rate (births per 1,000 women ages 15-19)",SP.ADO.TFRT,86.863
Comoros,COM,2004,"Adolescent fertility rate (births per 1,000 women ages 15-19)",SP.ADO.TFRT,87.491
Comoros,COM,2003,"Adolescent fertility rate (births per 1,000 women ages 15-19)",SP.ADO.TFRT,87.979
Comoros,COM,2002,"Adolescent fertility rate (births per 1,000 women ages 15-19)",SP.ADO.TFRT,89.262
Comoros,COM,2001,"Adolescent fertility rate (births per 1,000 women ages 15-19)",SP.ADO.TFRT,90.544
Comoros,COM,2000,"Adolescent fertility rate (births per 1,000 women ages 15-19)",SP.ADO.TFRT,92.011
Comoros,COM,1999,"Adolescent fertility rate (births per 1,000 women ages 15-19)",SP.ADO.TFRT,93.71
Comoros,COM,1998,"Adolescent fertility rate (births per 1,000 women ages 15-19)",SP.ADO.TFRT,95.623
Comoros,COM,1997,"Adolescent fertility rate (births per 1,000 women ages 15-19)",SP.ADO.TFRT,97.972
Comoros,COM,1996,"Adolescent fertility rate (births per 1,000 women ages 15-19)",SP.ADO.TFRT,100.26
Comoros,COM,1995,"Adolescent fertility rate (births per 1,000 women ages 15-19)",SP.ADO.TFRT,98.748
Comoros,COM,1994,"Adolescent fertility rate (births per 1,000 women ages 15-19)",SP.ADO.TFRT,94.159
Comoros,COM,1993,"Adolescent fertility rate (births per 1,000 women ages 15-19)",SP.ADO.TFRT,96.817
Comoros,COM,1992,"Adolescent fertility rate (births per 1,000 women ages 15-19)",SP.ADO.TFRT,99.267
Comoros,COM,1991,"Adolescent fertility rate (births per 1,000 women ages 15-19)",SP.ADO.TFRT,101.537
Comoros,COM,1990,"Adolescent fertility rate (births per 1,000 women ages 15-19)",SP.ADO.TFRT,105.123
Comoros,COM,1989,"Adolescent fertility rate (births per 1,000 women ages 15-19)",SP.ADO.TFRT,107.343
Comoros,COM,1988,"Adolescent fertility rate (births per 1,000 women ages 15-19)",SP.ADO.TFRT,109.244
Comoros,COM,1987,"Adolescent fertility rate (births per 1,000 women ages 15-19)",SP.ADO.TFRT,112.851
Comoros,COM,1986,"Adolescent fertility rate (births per 1,000 women ages 15-19)",SP.ADO.TFRT,115.95
Comoros,COM,1985,"Adolescent fertility rate (births per 1,000 women ages 15-19)",SP.ADO.TFRT,118.812
Comoros,COM,1984,"Adolescent fertility rate (births per 1,000 women ages 15-19)",SP.ADO.TFRT,122.687
Comoros,COM,1983,"Adolescent fertility rate (births per 1,000 women ages 15-19)",SP.ADO.TFRT,124.248
Comoros,COM,1982,"Adolescent fertility rate (births per 1,000 women ages 15-19)",SP.ADO.TFRT,127.499
Comoros,COM,1981,"Adolescent fertility rate (births per 1,000 women ages 15-19)",SP.ADO.TFRT,129.723
Comoros,COM,1980,"Adolescent fertility rate (births per 1,000 women ages 15-19)",SP.ADO.TFRT,132.128
Comoros,COM,1979,"Adolescent fertility rate (births per 1,000 women ages 15-19)",SP.ADO.TFRT,134.553
Comoros,COM,1978,"Adolescent fertility rate (births per 1,000 women ages 15-19)",SP.ADO.TFRT,137.23
Comoros,COM,1977,"Adolescent fertility rate (births per 1,000 women ages 15-19)",SP.ADO.TFRT,139.797
Comoros,COM,1976,"Adolescent fertility rate (births per 1,000 women ages 15-19)",SP.ADO.TFRT,142.686
Comoros,COM,1975,"Adolescent fertility rate (births per 1,000 women ages 15-19)",SP.ADO.TFRT,143.618
Comoros,COM,1974,"Adolescent fertility rate (births per 1,000 women ages 15-19)",SP.ADO.TFRT,144.348
Comoros,COM,1973,"Adolescent fertility rate (births per 1,000 women ages 15-19)",SP.ADO.TFRT,144.783
Comoros,COM,1972,"Adolescent fertility rate (births per 1,000 women ages 15-19)",SP.ADO.TFRT,148.665
Comoros,COM,1971,"Adolescent fertility rate (births per 1,000 women ages 15-19)",SP.ADO.TFRT,152.56
Comoros,COM,1970,"Adolescent fertility rate (births per 1,000 women ages 15-19)",SP.ADO.TFRT,157.072
Comoros,COM,1969,"Adolescent fertility rate (births per 1,000 women ages 15-19)",SP.ADO.TFRT,155.614
Comoros,COM,1968,"Adolescent fertility rate (births per 1,000 women ages 15-19)",SP.ADO.TFRT,153.752
Comoros,COM,1967,"Adolescent fertility rate (births per 1,000 women ages 15-19)",SP.ADO.TFRT,150.706
Comoros,COM,1966,"Adolescent fertility rate (births per 1,000 women ages 15-19)",SP.ADO.TFRT,150.719
Comoros,COM,1965,"Adolescent fertility rate (births per 1,000 women ages 15-19)",SP.ADO.TFRT,153.994
Comoros,COM,1964,"Adolescent fertility rate (births per 1,000 women ages 15-19)",SP.ADO.TFRT,156.069
Comoros,COM,1963,"Adolescent fertility rate (births per 1,000 women ages 15-19)",SP.ADO.TFRT,155.942
Comoros,COM,1962,"Adolescent fertility rate (births per 1,000 women ages 15-19)",SP.ADO.TFRT,155.493
Comoros,COM,1961,"Adolescent fertility rate (births per 1,000 women ages 15-19)",SP.ADO.TFRT,154.636
Comoros,COM,1960,"Adolescent fertility rate (births per 1,000 women ages 15-19)",SP.ADO.TFRT,153.588
Comoros,COM,2023,"Mortality rate, adult, female (per 1,000 female adults)",SP.DYN.AMRT.FE,165.765
Comoros,COM,2022,"Mortality rate, adult, female (per 1,000 female adults)",SP.DYN.AMRT.FE,168.988
Comoros,COM,2021,"Mortality rate, adult, female (per 1,000 female adults)",SP.DYN.AMRT.FE,192.351
Comoros,COM,2020,"Mortality rate, adult, female (per 1,000 female adults)",SP.DYN.AMRT.FE,174.852
Comoros,COM,2019,"Mortality rate, adult, female (per 1,000 female adults)",SP.DYN.AMRT.FE,178.417
Comoros,COM,2018,"Mortality rate, adult, female (per 1,000 female adults)",SP.DYN.AMRT.FE,181.308
Comoros,COM,2017,"Mortality rate, adult, female (per 1,000 female adults)",SP.DYN.AMRT.FE,184.776
Comoros,COM,2016,"Mortality rate, adult, female (per 1,000 female adults)",SP.DYN.AMRT.FE,188.349
Comoros,COM,2015,"Mortality rate, adult, female (per 1,000 female adults)",SP.DYN.AMRT.FE,192.036
Comoros,COM,2014,"Mortality rate, adult, female (per 1,000 female adults)",SP.DYN.AMRT.FE,195.916
Comoros,COM,2013,"Mortality rate, adult, female (per 1,000 female adults)",SP.DYN.AMRT.FE,199.894
Comoros,COM,2012,"Mortality rate, adult, female (per 1,000 female adults)",SP.DYN.AMRT.FE,204.251
Comoros,COM,2011,"Mortality rate, adult, female (per 1,000 female adults)",SP.DYN.AMRT.FE,208.987
Comoros,COM,2010,"Mortality rate, adult, female (per 1,000 female adults)",SP.DYN.AMRT.FE,212.925
Comoros,COM,2009,"Mortality rate, adult, female (per 1,000 female adults)",SP.DYN.AMRT.FE,218
Comoros,COM,2008,"Mortality rate, adult, female (per 1,000 female adults)",SP.DYN.AMRT.FE,221.644
Comoros,COM,2007,"Mortality rate, adult, female (per 1,000 female adults)",SP.DYN.AMRT.FE,227.218
Comoros,COM,2006,"Mortality rate, adult, female (per 1,000 female adults)",SP.DYN.AMRT.FE,229.445
Comoros,COM,2005,"Mortality rate, adult, female (per 1,000 female adults)",SP.DYN.AMRT.FE,232.922
Comoros,COM,2004,"Mortality rate, adult, female (per 1,000 female adults)",SP.DYN.AMRT.FE,235.984
Comoros,COM,2003,"Mortality rate, adult, female (per 1,000 female adults)",SP.DYN.AMRT.FE,239.038
Comoros,COM,2002,"Mortality rate, adult, female (per 1,000 female adults)",SP.DYN.AMRT.FE,245.281
Comoros,COM,2001,"Mortality rate, adult, female (per 1,000 female adults)",SP.DYN.AMRT.FE,245.868
Comoros,COM,2000,"Mortality rate, adult, female (per 1,000 female adults)",SP.DYN.AMRT.FE,253.858
Comoros,COM,1999,"Mortality rate, adult, female (per 1,000 female adults)",SP.DYN.AMRT.FE,253.422
Comoros,COM,1998,"Mortality rate, adult, female (per 1,000 female adults)",SP.DYN.AMRT.FE,259.264
Comoros,COM,1997,"Mortality rate, adult, female (per 1,000 female adults)",SP.DYN.AMRT.FE,256.949
Comoros,COM,1996,"Mortality rate, adult, female (per 1,000 female adults)",SP.DYN.AMRT.FE,261.642
Comoros,COM,1995,"Mortality rate, adult, female (per 1,000 female adults)",SP.DYN.AMRT.FE,266.526
Comoros,COM,1994,"Mortality rate, adult, female (per 1,000 female adults)",SP.DYN.AMRT.FE,272.554
Comoros,COM,1993,"Mortality rate, adult, female (per 1,000 female adults)",SP.DYN.AMRT.FE,280.084
Comoros,COM,1992,"Mortality rate, adult, female (per 1,000 female adults)",SP.DYN.AMRT.FE,287.037
Comoros,COM,1991,"Mortality rate, adult, female (per 1,000 female adults)",SP.DYN.AMRT.FE,293.338
Comoros,COM,1990,"Mortality rate, adult, female (per 1,000 female adults)",SP.DYN.AMRT.FE,298.616
Comoros,COM,1989,"Mortality rate, adult, female (per 1,000 female adults)",SP.DYN.AMRT.FE,303.319
Comoros,COM,1988,"Mortality rate, adult, female (per 1,000 female adults)",SP.DYN.AMRT.FE,305.516
Comoros,COM,1987,"Mortality rate, adult, female (per 1,000 female adults)",SP.DYN.AMRT.FE,308.267
Comoros,COM,1986,"Mortality rate, adult, female (per 1,000 female adults)",SP.DYN.AMRT.FE,308.609
Comoros,COM,1985,"Mortality rate, adult, female (per 1,000 female adults)",SP.DYN.AMRT.FE,310.889
Comoros,COM,1984,"Mortality rate, adult, female (per 1,000 female adults)",SP.DYN.AMRT.FE,313.133
Comoros,COM,1983,"Mortality rate, adult, female (per 1,000 female adults)",SP.DYN.AMRT.FE,318.047
Comoros,COM,1982,"Mortality rate, adult, female (per 1,000 female adults)",SP.DYN.AMRT.FE,318.297
Comoros,COM,1981,"Mortality rate, adult, female (per 1,000 female adults)",SP.DYN.AMRT.FE,321.095
Comoros,COM,1980,"Mortality rate, adult, female (per 1,000 female adults)",SP.DYN.AMRT.FE,323.821
Comoros,COM,1979,"Mortality rate, adult, female (per 1,000 female adults)",SP.DYN.AMRT.FE,327.432
Comoros,COM,1978,"Mortality rate, adult, female (per 1,000 female adults)",SP.DYN.AMRT.FE,329.846
Comoros,COM,1977,"Mortality rate, adult, female (per 1,000 female adults)",SP.DYN.AMRT.FE,332.56
Comoros,COM,1976,"Mortality rate, adult, female (per 1,000 female adults)",SP.DYN.AMRT.FE,335.18
Comoros,COM,1975,"Mortality rate, adult, female (per 1,000 female adults)",SP.DYN.AMRT.FE,359.731
Comoros,COM,1974,"Mortality rate, adult, female (per 1,000 female adults)",SP.DYN.AMRT.FE,341.851
Comoros,COM,1973,"Mortality rate, adult, female (per 1,000 female adults)",SP.DYN.AMRT.FE,346.66
Comoros,COM,1972,"Mortality rate, adult, female (per 1,000 female adults)",SP.DYN.AMRT.FE,352.138
Comoros,COM,1971,"Mortality rate, adult, female (per 1,000 female adults)",SP.DYN.AMRT.FE,358.585
Comoros,COM,1970,"Mortality rate, adult, female (per 1,000 female adults)",SP.DYN.AMRT.FE,365.06
Comoros,COM,1969,"Mortality rate, adult, female (per 1,000 female adults)",SP.DYN.AMRT.FE,371.02
Comoros,COM,1968,"Mortality rate, adult, female (per 1,000 female adults)",SP.DYN.AMRT.FE,376.126
Comoros,COM,1967,"Mortality rate, adult, female (per 1,000 female adults)",SP.DYN.AMRT.FE,380.138
Comoros,COM,1966,"Mortality rate, adult, female (per 1,000 female adults)",SP.DYN.AMRT.FE,383.281
Comoros,COM,1965,"Mortality rate, adult, female (per 1,000 female adults)",SP.DYN.AMRT.FE,385.959
Comoros,COM,1964,"Mortality rate, adult, female (per 1,000 female adults)",SP.DYN.AMRT.FE,388.14
Comoros,COM,1963,"Mortality rate, adult, female (per 1,000 female adults)",SP.DYN.AMRT.FE,390.067
Comoros,COM,1962,"Mortality rate, adult, female (per 1,000 female adults)",SP.DYN.AMRT.FE,392.214
Comoros,COM,1961,"Mortality rate, adult, female (per 1,000 female adults)",SP.DYN.AMRT.FE,394.397
Comoros,COM,1960,"Mortality rate, adult, female (per 1,000 female adults)",SP.DYN.AMRT.FE,396.318
Comoros,COM,2023,"Mortality rate, adult, male (per 1,000 male adults)",SP.DYN.AMRT.MA,229.855
Comoros,COM,2022,"Mortality rate, adult, male (per 1,000 male adults)",SP.DYN.AMRT.MA,232.952
Comoros,COM,2021,"Mortality rate, adult, male (per 1,000 male adults)",SP.DYN.AMRT.MA,259.91
Comoros,COM,2020,"Mortality rate, adult, male (per 1,000 male adults)",SP.DYN.AMRT.MA,240.094
Comoros,COM,2019,"Mortality rate, adult, male (per 1,000 male adults)",SP.DYN.AMRT.MA,239.714
Comoros,COM,2018,"Mortality rate, adult, male (per 1,000 male adults)",SP.DYN.AMRT.MA,242.051
Comoros,COM,2017,"Mortality rate, adult, male (per 1,000 male adults)",SP.DYN.AMRT.MA,243.822
Comoros,COM,2016,"Mortality rate, adult, male (per 1,000 male adults)",SP.DYN.AMRT.MA,247.338
Comoros,COM,2015,"Mortality rate, adult, male (per 1,000 male adults)",SP.DYN.AMRT.MA,250.135
Comoros,COM,2014,"Mortality rate, adult, male (per 1,000 male adults)",SP.DYN.AMRT.MA,253.106
Comoros,COM,2013,"Mortality rate, adult, male (per 1,000 male adults)",SP.DYN.AMRT.MA,255.23
Comoros,COM,2012,"Mortality rate, adult, male (per 1,000 male adults)",SP.DYN.AMRT.MA,259.155
Comoros,COM,2011,"Mortality rate, adult, male (per 1,000 male adults)",SP.DYN.AMRT.MA,262.682
Comoros,COM,2010,"Mortality rate, adult, male (per 1,000 male adults)",SP.DYN.AMRT.MA,266.943
Comoros,COM,2009,"Mortality rate, adult, male (per 1,000 male adults)",SP.DYN.AMRT.MA,272.783
Comoros,COM,2008,"Mortality rate, adult, male (per 1,000 male adults)",SP.DYN.AMRT.MA,277.069
Comoros,COM,2007,"Mortality rate, adult, male (per 1,000 male adults)",SP.DYN.AMRT.MA,283.185
Comoros,COM,2006,"Mortality rate, adult, male (per 1,000 male adults)",SP.DYN.AMRT.MA,285.564
Comoros,COM,2005,"Mortality rate, adult, male (per 1,000 male adults)",SP.DYN.AMRT.MA,289.455
Comoros,COM,2004,"Mortality rate, adult, male (per 1,000 male adults)",SP.DYN.AMRT.MA,293.07
Comoros,COM,2003,"Mortality rate, adult, male (per 1,000 male adults)",SP.DYN.AMRT.MA,296.331
Comoros,COM,2002,"Mortality rate, adult, male (per 1,000 male adults)",SP.DYN.AMRT.MA,302.537
Comoros,COM,2001,"Mortality rate, adult, male (per 1,000 male adults)",SP.DYN.AMRT.MA,302.896
Comoros,COM,2000,"Mortality rate, adult, male (per 1,000 male adults)",SP.DYN.AMRT.MA,311.187
Comoros,COM,1999,"Mortality rate, adult, male (per 1,000 male adults)",SP.DYN.AMRT.MA,310.805
Comoros,COM,1998,"Mortality rate, adult, male (per 1,000 male adults)",SP.DYN.AMRT.MA,318.534
Comoros,COM,1997,"Mortality rate, adult, male (per 1,000 male adults)",SP.DYN.AMRT.MA,323.4
Comoros,COM,1996,"Mortality rate, adult, male (per 1,000 male adults)",SP.DYN.AMRT.MA,311.506
Comoros,COM,1995,"Mortality rate, adult, male (per 1,000 male adults)",SP.DYN.AMRT.MA,311.659
Comoros,COM,1994,"Mortality rate, adult, male (per 1,000 male adults)",SP.DYN.AMRT.MA,312.243
Comoros,COM,1993,"Mortality rate, adult, male (per 1,000 male adults)",SP.DYN.AMRT.MA,313.308
Comoros,COM,1992,"Mortality rate, adult, male (per 1,000 male adults)",SP.DYN.AMRT.MA,315.392
Comoros,COM,1991,"Mortality rate, adult, male (per 1,000 male adults)",SP.DYN.AMRT.MA,318.541
Comoros,COM,1990,"Mortality rate, adult, male (per 1,000 male adults)",SP.DYN.AMRT.MA,322.929
Comoros,COM,1989,"Mortality rate, adult, male (per 1,000 male adults)",SP.DYN.AMRT.MA,335.275
Comoros,COM,1988,"Mortality rate, adult, male (per 1,000 male adults)",SP.DYN.AMRT.MA,333.132
Comoros,COM,1987,"Mortality rate, adult, male (per 1,000 male adults)",SP.DYN.AMRT.MA,339.412
Comoros,COM,1986,"Mortality rate, adult, male (per 1,000 male adults)",SP.DYN.AMRT.MA,344.624
Comoros,COM,1985,"Mortality rate, adult, male (per 1,000 male adults)",SP.DYN.AMRT.MA,349.964
Comoros,COM,1984,"Mortality rate, adult, male (per 1,000 male adults)",SP.DYN.AMRT.MA,354.718
Comoros,COM,1983,"Mortality rate, adult, male (per 1,000 male adults)",SP.DYN.AMRT.MA,360.905
Comoros,COM,1982,"Mortality rate, adult, male (per 1,000 male adults)",SP.DYN.AMRT.MA,365.12
Comoros,COM,1981,"Mortality rate, adult, male (per 1,000 male adults)",SP.DYN.AMRT.MA,370.507
Comoros,COM,1980,"Mortality rate, adult, male (per 1,000 male adults)",SP.DYN.AMRT.MA,375.488
Comoros,COM,1979,"Mortality rate, adult, male (per 1,000 male adults)",SP.DYN.AMRT.MA,380.473
Comoros,COM,1978,"Mortality rate, adult, male (per 1,000 male adults)",SP.DYN.AMRT.MA,382.198
Comoros,COM,1977,"Mortality rate, adult, male (per 1,000 male adults)",SP.DYN.AMRT.MA,387.252
Comoros,COM,1976,"Mortality rate, adult, male (per 1,000 male adults)",SP.DYN.AMRT.MA,392.838
Comoros,COM,1975,"Mortality rate, adult, male (per 1,000 male adults)",SP.DYN.AMRT.MA,420.371
Comoros,COM,1974,"Mortality rate, adult, male (per 1,000 male adults)",SP.DYN.AMRT.MA,404.755
Comoros,COM,1973,"Mortality rate, adult, male (per 1,000 male adults)",SP.DYN.AMRT.MA,412.081
Comoros,COM,1972,"Mortality rate, adult, male (per 1,000 male adults)",SP.DYN.AMRT.MA,420.521
Comoros,COM,1971,"Mortality rate, adult, male (per 1,000 male adults)",SP.DYN.AMRT.MA,429.678
Comoros,COM,1970,"Mortality rate, adult, male (per 1,000 male adults)",SP.DYN.AMRT.MA,439.392
Comoros,COM,1969,"Mortality rate, adult, male (per 1,000 male adults)",SP.DYN.AMRT.MA,448.028
Comoros,COM,1968,"Mortality rate, adult, male (per 1,000 male adults)",SP.DYN.AMRT.MA,455.633
Comoros,COM,1967,"Mortality rate, adult, male (per 1,000 male adults)",SP.DYN.AMRT.MA,462.304
Comoros,COM,1966,"Mortality rate, adult, male (per 1,000 male adults)",SP.DYN.AMRT.MA,466.859
Comoros,COM,1965,"Mortality rate, adult, male (per 1,000 male adults)",SP.DYN.AMRT.MA,472.869
Comoros,COM,1964,"Mortality rate, adult, male (per 1,000 male adults)",SP.DYN.AMRT.MA,474.679
Comoros,COM,1963,"Mortality rate, adult, male (per 1,000 male adults)",SP.DYN.AMRT.MA,479.149
Comoros,COM,1962,"Mortality rate, adult, male (per 1,000 male adults)",SP.DYN.AMRT.MA,481.929
Comoros,COM,1961,"Mortality rate, adult, male (per 1,000 male adults)",SP.DYN.AMRT.MA,484.762
Comoros,COM,1960,"Mortality rate, adult, male (per 1,000 male adults)",SP.DYN.AMRT.MA,488.049
Comoros,COM,2023,"Birth rate, crude (per 1,000 people)",SP.DYN.CBRT.IN,28.653
Comoros,COM,2022,"Birth rate, crude (per 1,000 people)",SP.DYN.CBRT.IN,29.062
Comoros,COM,2021,"Birth rate, crude (per 1,000 people)",SP.DYN.CBRT.IN,29.498
Comoros,COM,2020,"Birth rate, crude (per 1,000 people)",SP.DYN.CBRT.IN,29.985
Comoros,COM,2019,"Birth rate, crude (per 1,000 people)",SP.DYN.CBRT.IN,30.447
Comoros,COM,2018,"Birth rate, crude (per 1,000 people)",SP.DYN.CBRT.IN,30.91
Comoros,COM,2017,"Birth rate, crude (per 1,000 people)",SP.DYN.CBRT.IN,31.35
Comoros,COM,2016,"Birth rate, crude (per 1,000 people)",SP.DYN.CBRT.IN,32.093
Comoros,COM,2015,"Birth rate, crude (per 1,000 people)",SP.DYN.CBRT.IN,32.78
Comoros,COM,2014,"Birth rate, crude (per 1,000 people)",SP.DYN.CBRT.IN,33.322
Comoros,COM,2013,"Birth rate, crude (per 1,000 people)",SP.DYN.CBRT.IN,33.856
Comoros,COM,2012,"Birth rate, crude (per 1,000 people)",SP.DYN.CBRT.IN,34.241
Comoros,COM,2011,"Birth rate, crude (per 1,000 people)",SP.DYN.CBRT.IN,34.512
Comoros,COM,2010,"Birth rate, crude (per 1,000 people)",SP.DYN.CBRT.IN,34.437
Comoros,COM,2009,"Birth rate, crude (per 1,000 people)",SP.DYN.CBRT.IN,34.279
Comoros,COM,2008,"Birth rate, crude (per 1,000 people)",SP.DYN.CBRT.IN,34.099
Comoros,COM,2007,"Birth rate, crude (per 1,000 people)",SP.DYN.CBRT.IN,34.137
Comoros,COM,2006,"Birth rate, crude (per 1,000 people)",SP.DYN.CBRT.IN,34.3
Comoros,COM,2005,"Birth rate, crude (per 1,000 people)",SP.DYN.CBRT.IN,34.445
Comoros,COM,2004,"Birth rate, crude (per 1,000 people)",SP.DYN.CBRT.IN,34.333
Comoros,COM,2003,"Birth rate, crude (per 1,000 people)",SP.DYN.CBRT.IN,34.459
Comoros,COM,2002,"Birth rate, crude (per 1,000 people)",SP.DYN.CBRT.IN,34.744
Comoros,COM,2001,"Birth rate, crude (per 1,000 people)",SP.DYN.CBRT.IN,35.089
Comoros,COM,2000,"Birth rate, crude (per 1,000 people)",SP.DYN.CBRT.IN,35.359
Comoros,COM,1999,"Birth rate, crude (per 1,000 people)",SP.DYN.CBRT.IN,35.731
Comoros,COM,1998,"Birth rate, crude (per 1,000 people)",SP.DYN.CBRT.IN,36.417
Comoros,COM,1997,"Birth rate, crude (per 1,000 people)",SP.DYN.CBRT.IN,37.252
Comoros,COM,1996,"Birth rate, crude (per 1,000 people)",SP.DYN.CBRT.IN,38.124
Comoros,COM,1995,"Birth rate, crude (per 1,000 people)",SP.DYN.CBRT.IN,38.854
Comoros,COM,1994,"Birth rate, crude (per 1,000 people)",SP.DYN.CBRT.IN,39.747
Comoros,COM,1993,"Birth rate, crude (per 1,000 people)",SP.DYN.CBRT.IN,41.008
Comoros,COM,1992,"Birth rate, crude (per 1,000 people)",SP.DYN.CBRT.IN,42.291
Comoros,COM,1991,"Birth rate, crude (per 1,000 people)",SP.DYN.CBRT.IN,43.012
Comoros,COM,1990,"Birth rate, crude (per 1,000 people)",SP.DYN.CBRT.IN,43.716
Comoros,COM,1989,"Birth rate, crude (per 1,000 people)",SP.DYN.CBRT.IN,44.424
Comoros,COM,1988,"Birth rate, crude (per 1,000 people)",SP.DYN.CBRT.IN,45.007
Comoros,COM,1987,"Birth rate, crude (per 1,000 people)",SP.DYN.CBRT.IN,45.609
Comoros,COM,1986,"Birth rate, crude (per 1,000 people)",SP.DYN.CBRT.IN,46.032
Comoros,COM,1985,"Birth rate, crude (per 1,000 people)",SP.DYN.CBRT.IN,46.366
Comoros,COM,1984,"Birth rate, crude (per 1,000 people)",SP.DYN.CBRT.IN,46.639
Comoros,COM,1983,"Birth rate, crude (per 1,000 people)",SP.DYN.CBRT.IN,46.748
Comoros,COM,1982,"Birth rate, crude (per 1,000 people)",SP.DYN.CBRT.IN,46.891
Comoros,COM,1981,"Birth rate, crude (per 1,000 people)",SP.DYN.CBRT.IN,46.901
Comoros,COM,1980,"Birth rate, crude (per 1,000 people)",SP.DYN.CBRT.IN,46.81
Comoros,COM,1979,"Birth rate, crude (per 1,000 people)",SP.DYN.CBRT.IN,46.732
Comoros,COM,1978,"Birth rate, crude (per 1,000 people)",SP.DYN.CBRT.IN,46.561
Comoros,COM,1977,"Birth rate, crude (per 1,000 people)",SP.DYN.CBRT.IN,46.444
Comoros,COM,1976,"Birth rate, crude (per 1,000 people)",SP.DYN.CBRT.IN,46.487
Comoros,COM,1975,"Birth rate, crude (per 1,000 people)",SP.DYN.CBRT.IN,46.477
Comoros,COM,1974,"Birth rate, crude (per 1,000 people)",SP.DYN.CBRT.IN,46.538
Comoros,COM,1973,"Birth rate, crude (per 1,000 people)",SP.DYN.CBRT.IN,46.658
Comoros,COM,1972,"Birth rate, crude (per 1,000 people)",SP.DYN.CBRT.IN,46.796
Comoros,COM,1971,"Birth rate, crude (per 1,000 people)",SP.DYN.CBRT.IN,46.952
Comoros,COM,1970,"Birth rate, crude (per 1,000 people)",SP.DYN.CBRT.IN,47.197
Comoros,COM,1969,"Birth rate, crude (per 1,000 people)",SP.DYN.CBRT.IN,47.354
Comoros,COM,1968,"Birth rate, crude (per 1,000 people)",SP.DYN.CBRT.IN,47.608
Comoros,COM,1967,"Birth rate, crude (per 1,000 people)",SP.DYN.CBRT.IN,47.848
Comoros,COM,1966,"Birth rate, crude (per 1,000 people)",SP.DYN.CBRT.IN,48.31
Comoros,COM,1965,"Birth rate, crude (per 1,000 people)",SP.DYN.CBRT.IN,48.538
Comoros,COM,1964,"Birth rate, crude (per 1,000 people)",SP.DYN.CBRT.IN,48.719
Comoros,COM,1963,"Birth rate, crude (per 1,000 people)",SP.DYN.CBRT.IN,48.98
Comoros,COM,1962,"Birth rate, crude (per 1,000 people)",SP.DYN.CBRT.IN,49.283
Comoros,COM,1961,"Birth rate, crude (per 1,000 people)",SP.DYN.CBRT.IN,49.37
Comoros,COM,1960,"Birth rate, crude (per 1,000 people)",SP.DYN.CBRT.IN,49.392
Comoros,COM,2023,"Death rate, crude (per 1,000 people)",SP.DYN.CDRT.IN,7.196
Comoros,COM,2022,"Death rate, crude (per 1,000 people)",SP.DYN.CDRT.IN,7.3
Comoros,COM,2021,"Death rate, crude (per 1,000 people)",SP.DYN.CDRT.IN,7.932
Comoros,COM,2020,"Death rate, crude (per 1,000 people)",SP.DYN.CDRT.IN,7.662
Comoros,COM,2019,"Death rate, crude (per 1,000 people)",SP.DYN.CDRT.IN,7.644
Comoros,COM,2018,"Death rate, crude (per 1,000 people)",SP.DYN.CDRT.IN,7.733
Comoros,COM,2017,"Death rate, crude (per 1,000 people)",SP.DYN.CDRT.IN,7.828
Comoros,COM,2016,"Death rate, crude (per 1,000 people)",SP.DYN.CDRT.IN,7.943
Comoros,COM,2015,"Death rate, crude (per 1,000 people)",SP.DYN.CDRT.IN,8.063
Comoros,COM,2014,"Death rate, crude (per 1,000 people)",SP.DYN.CDRT.IN,8.198
Comoros,COM,2013,"Death rate, crude (per 1,000 people)",SP.DYN.CDRT.IN,8.323
Comoros,COM,2012,"Death rate, crude (per 1,000 people)",SP.DYN.CDRT.IN,8.471
Comoros,COM,2011,"Death rate, crude (per 1,000 people)",SP.DYN.CDRT.IN,8.596
Comoros,COM,2010,"Death rate, crude (per 1,000 people)",SP.DYN.CDRT.IN,8.706
Comoros,COM,2009,"Death rate, crude (per 1,000 people)",SP.DYN.CDRT.IN,8.865
Comoros,COM,2008,"Death rate, crude (per 1,000 people)",SP.DYN.CDRT.IN,8.985
Comoros,COM,2007,"Death rate, crude (per 1,000 people)",SP.DYN.CDRT.IN,9.186
Comoros,COM,2006,"Death rate, crude (per 1,000 people)",SP.DYN.CDRT.IN,9.293
Comoros,COM,2005,"Death rate, crude (per 1,000 people)",SP.DYN.CDRT.IN,9.456
Comoros,COM,2004,"Death rate, crude (per 1,000 people)",SP.DYN.CDRT.IN,9.623
Comoros,COM,2003,"Death rate, crude (per 1,000 people)",SP.DYN.CDRT.IN,9.834
Comoros,COM,2002,"Death rate, crude (per 1,000 people)",SP.DYN.CDRT.IN,10.125
Comoros,COM,2001,"Death rate, crude (per 1,000 people)",SP.DYN.CDRT.IN,10.24
Comoros,COM,2000,"Death rate, crude (per 1,000 people)",SP.DYN.CDRT.IN,10.606
Comoros,COM,1999,"Death rate, crude (per 1,000 people)",SP.DYN.CDRT.IN,10.705
Comoros,COM,1998,"Death rate, crude (per 1,000 people)",SP.DYN.CDRT.IN,11.06
Comoros,COM,1997,"Death rate, crude (per 1,000 people)",SP.DYN.CDRT.IN,11.149
Comoros,COM,1996,"Death rate, crude (per 1,000 people)",SP.DYN.CDRT.IN,11.296
Comoros,COM,1995,"Death rate, crude (per 1,000 people)",SP.DYN.CDRT.IN,11.535
Comoros,COM,1994,"Death rate, crude (per 1,000 people)",SP.DYN.CDRT.IN,11.819
Comoros,COM,1993,"Death rate, crude (per 1,000 people)",SP.DYN.CDRT.IN,12.155
Comoros,COM,1992,"Death rate, crude (per 1,000 people)",SP.DYN.CDRT.IN,12.478
Comoros,COM,1991,"Death rate, crude (per 1,000 people)",SP.DYN.CDRT.IN,12.758
Comoros,COM,1990,"Death rate, crude (per 1,000 people)",SP.DYN.CDRT.IN,13.104
Comoros,COM,1989,"Death rate, crude (per 1,000 people)",SP.DYN.CDRT.IN,13.546
Comoros,COM,1988,"Death rate, crude (per 1,000 people)",SP.DYN.CDRT.IN,13.837
Comoros,COM,1987,"Death rate, crude (per 1,000 people)",SP.DYN.CDRT.IN,14.254
Comoros,COM,1986,"Death rate, crude (per 1,000 people)",SP.DYN.CDRT.IN,14.564
Comoros,COM,1985,"Death rate, crude (per 1,000 people)",SP.DYN.CDRT.IN,14.946
Comoros,COM,1984,"Death rate, crude (per 1,000 people)",SP.DYN.CDRT.IN,15.313
Comoros,COM,1983,"Death rate, crude (per 1,000 people)",SP.DYN.CDRT.IN,15.794
Comoros,COM,1982,"Death rate, crude (per 1,000 people)",SP.DYN.CDRT.IN,16.086
Comoros,COM,1981,"Death rate, crude (per 1,000 people)",SP.DYN.CDRT.IN,16.475
Comoros,COM,1980,"Death rate, crude (per 1,000 people)",SP.DYN.CDRT.IN,16.917
Comoros,COM,1979,"Death rate, crude (per 1,000 people)",SP.DYN.CDRT.IN,17.333
Comoros,COM,1978,"Death rate, crude (per 1,000 people)",SP.DYN.CDRT.IN,17.636
Comoros,COM,1977,"Death rate, crude (per 1,000 people)",SP.DYN.CDRT.IN,17.996
Comoros,COM,1976,"Death rate, crude (per 1,000 people)",SP.DYN.CDRT.IN,18.353
Comoros,COM,1975,"Death rate, crude (per 1,000 people)",SP.DYN.CDRT.IN,19.533
Comoros,COM,1974,"Death rate, crude (per 1,000 people)",SP.DYN.CDRT.IN,19.015
Comoros,COM,1973,"Death rate, crude (per 1,000 people)",SP.DYN.CDRT.IN,19.397
Comoros,COM,1972,"Death rate, crude (per 1,000 people)",SP.DYN.CDRT.IN,19.807
Comoros,COM,1971,"Death rate, crude (per 1,000 people)",SP.DYN.CDRT.IN,20.264
Comoros,COM,1970,"Death rate, crude (per 1,000 people)",SP.DYN.CDRT.IN,20.756
Comoros,COM,1969,"Death rate, crude (per 1,000 people)",SP.DYN.CDRT.IN,21.237
Comoros,COM,1968,"Death rate, crude (per 1,000 people)",SP.DYN.CDRT.IN,21.721
Comoros,COM,1967,"Death rate, crude (per 1,000 people)",SP.DYN.CDRT.IN,22.203
Comoros,COM,1966,"Death rate, crude (per 1,000 people)",SP.DYN.CDRT.IN,22.695
Comoros,COM,1965,"Death rate, crude (per 1,000 people)",SP.DYN.CDRT.IN,23.119
Comoros,COM,1964,"Death rate, crude (per 1,000 people)",SP.DYN.CDRT.IN,23.402
Comoros,COM,1963,"Death rate, crude (per 1,000 people)",SP.DYN.CDRT.IN,23.766
Comoros,COM,1962,"Death rate, crude (per 1,000 people)",SP.DYN.CDRT.IN,24.089
Comoros,COM,1961,"Death rate, crude (per 1,000 people)",SP.DYN.CDRT.IN,24.387
Comoros,COM,1960,"Death rate, crude (per 1,000 people)",SP.DYN.CDRT.IN,24.677
Comoros,COM,2022,"Contraceptive prevalence, any modern method (% of married women ages 15-49)",SP.DYN.CONM.ZS,8.6
Comoros,COM,2012,"Contraceptive prevalence, any modern method (% of married women ages 15-49)",SP.DYN.CONM.ZS,14.2
Comoros,COM,2000,"Contraceptive prevalence, any modern method (% of married women ages 15-49)",SP.DYN.CONM.ZS,20.96967572
Comoros,COM,1996,"Contraceptive prevalence, any modern method (% of married women ages 15-49)",SP.DYN.CONM.ZS,11.4
Comoros,COM,2022,"Contraceptive prevalence, any method (% of married women ages 15-49)",SP.DYN.CONU.ZS,11.6
Comoros,COM,2012,"Contraceptive prevalence, any method (% of married women ages 15-49)",SP.DYN.CONU.ZS,19.4
Comoros,COM,2000,"Contraceptive prevalence, any method (% of married women ages 15-49)",SP.DYN.CONU.ZS,25.83913184
Comoros,COM,1996,"Contraceptive prevalence, any method (% of married women ages 15-49)",SP.DYN.CONU.ZS,21
Comoros,COM,2023,"Mortality rate, infant, female (per 1,000 live births)",SP.DYN.IMRT.FE.IN,33.3
Comoros,COM,2022,"Mortality rate, infant, female (per 1,000 live births)",SP.DYN.IMRT.FE.IN,34.4
Comoros,COM,2021,"Mortality rate, infant, female (per 1,000 live births)",SP.DYN.IMRT.FE.IN,35.3
Comoros,COM,2020,"Mortality rate, infant, female (per 1,000 live births)",SP.DYN.IMRT.FE.IN,36.2
Comoros,COM,2019,"Mortality rate, infant, female (per 1,000 live births)",SP.DYN.IMRT.FE.IN,37
Comoros,COM,2018,"Mortality rate, infant, female (per 1,000 live births)",SP.DYN.IMRT.FE.IN,37.8
Comoros,COM,2017,"Mortality rate, infant, female (per 1,000 live births)",SP.DYN.IMRT.FE.IN,38.5
Comoros,COM,2016,"Mortality rate, infant, female (per 1,000 live births)",SP.DYN.IMRT.FE.IN,39.2
Comoros,COM,2015,"Mortality rate, infant, female (per 1,000 live births)",SP.DYN.IMRT.FE.IN,39.8
Comoros,COM,2014,"Mortality rate, infant, female (per 1,000 live births)",SP.DYN.IMRT.FE.IN,40.5
Comoros,COM,2013,"Mortality rate, infant, female (per 1,000 live births)",SP.DYN.IMRT.FE.IN,41.3
Comoros,COM,2012,"Mortality rate, infant, female (per 1,000 live births)",SP.DYN.IMRT.FE.IN,42.1
Comoros,COM,2011,"Mortality rate, infant, female (per 1,000 live births)",SP.DYN.IMRT.FE.IN,43
Comoros,COM,2010,"Mortality rate, infant, female (per 1,000 live births)",SP.DYN.IMRT.FE.IN,44.1
Comoros,COM,2009,"Mortality rate, infant, female (per 1,000 live births)",SP.DYN.IMRT.FE.IN,45.1
Comoros,COM,2008,"Mortality rate, infant, female (per 1,000 live births)",SP.DYN.IMRT.FE.IN,46.4
Comoros,COM,2007,"Mortality rate, infant, female (per 1,000 live births)",SP.DYN.IMRT.FE.IN,47.8
Comoros,COM,2006,"Mortality rate, infant, female (per 1,000 live births)",SP.DYN.IMRT.FE.IN,49.3
Comoros,COM,2005,"Mortality rate, infant, female (per 1,000 live births)",SP.DYN.IMRT.FE.IN,50.9
Comoros,COM,2004,"Mortality rate, infant, female (per 1,000 live births)",SP.DYN.IMRT.FE.IN,52.7
Comoros,COM,2003,"Mortality rate, infant, female (per 1,000 live births)",SP.DYN.IMRT.FE.IN,54.5
Comoros,COM,2002,"Mortality rate, infant, female (per 1,000 live births)",SP.DYN.IMRT.FE.IN,56.4
Comoros,COM,2001,"Mortality rate, infant, female (per 1,000 live births)",SP.DYN.IMRT.FE.IN,58.5
Comoros,COM,2000,"Mortality rate, infant, female (per 1,000 live births)",SP.DYN.IMRT.FE.IN,60.6
Comoros,COM,1999,"Mortality rate, infant, female (per 1,000 live births)",SP.DYN.IMRT.FE.IN,62.7
Comoros,COM,1998,"Mortality rate, infant, female (per 1,000 live births)",SP.DYN.IMRT.FE.IN,65
Comoros,COM,1997,"Mortality rate, infant, female (per 1,000 live births)",SP.DYN.IMRT.FE.IN,67.5
Comoros,COM,1996,"Mortality rate, infant, female (per 1,000 live births)",SP.DYN.IMRT.FE.IN,70
Comoros,COM,1995,"Mortality rate, infant, female (per 1,000 live births)",SP.DYN.IMRT.FE.IN,72.6
Comoros,COM,1994,"Mortality rate, infant, female (per 1,000 live births)",SP.DYN.IMRT.FE.IN,75.3
Comoros,COM,1993,"Mortality rate, infant, female (per 1,000 live births)",SP.DYN.IMRT.FE.IN,78.3
Comoros,COM,1992,"Mortality rate, infant, female (per 1,000 live births)",SP.DYN.IMRT.FE.IN,81.4
Comoros,COM,1991,"Mortality rate, infant, female (per 1,000 live births)",SP.DYN.IMRT.FE.IN,84.6
Comoros,COM,1990,"Mortality rate, infant, female (per 1,000 live births)",SP.DYN.IMRT.FE.IN,87.7
Comoros,COM,1989,"Mortality rate, infant, female (per 1,000 live births)",SP.DYN.IMRT.FE.IN,90.8
Comoros,COM,1988,"Mortality rate, infant, female (per 1,000 live births)",SP.DYN.IMRT.FE.IN,93.7
Comoros,COM,1987,"Mortality rate, infant, female (per 1,000 live births)",SP.DYN.IMRT.FE.IN,96.7
Comoros,COM,1986,"Mortality rate, infant, female (per 1,000 live births)",SP.DYN.IMRT.FE.IN,99.9
Comoros,COM,1985,"Mortality rate, infant, female (per 1,000 live births)",SP.DYN.IMRT.FE.IN,103.2
Comoros,COM,1984,"Mortality rate, infant, female (per 1,000 live births)",SP.DYN.IMRT.FE.IN,106.5
Comoros,COM,1983,"Mortality rate, infant, female (per 1,000 live births)",SP.DYN.IMRT.FE.IN,109.9
Comoros,COM,1982,"Mortality rate, infant, female (per 1,000 live births)",SP.DYN.IMRT.FE.IN,113.3
Comoros,COM,1981,"Mortality rate, infant, female (per 1,000 live births)",SP.DYN.IMRT.FE.IN,116.7
Comoros,COM,1980,"Mortality rate, infant, female (per 1,000 live births)",SP.DYN.IMRT.FE.IN,120.1
Comoros,COM,1979,"Mortality rate, infant, female (per 1,000 live births)",SP.DYN.IMRT.FE.IN,123.4
Comoros,COM,1978,"Mortality rate, infant, female (per 1,000 live births)",SP.DYN.IMRT.FE.IN,126.5
Comoros,COM,1977,"Mortality rate, infant, female (per 1,000 live births)",SP.DYN.IMRT.FE.IN,129.4
Comoros,COM,1976,"Mortality rate, infant, female (per 1,000 live births)",SP.DYN.IMRT.FE.IN,132.3
Comoros,COM,1975,"Mortality rate, infant, female (per 1,000 live births)",SP.DYN.IMRT.FE.IN,135.1
Comoros,COM,1974,"Mortality rate, infant, female (per 1,000 live births)",SP.DYN.IMRT.FE.IN,137.7
Comoros,COM,1973,"Mortality rate, infant, female (per 1,000 live births)",SP.DYN.IMRT.FE.IN,140.4
Comoros,COM,2023,"Mortality rate, infant (per 1,000 live births)",SP.DYN.IMRT.IN,35.7
Comoros,COM,2022,"Mortality rate, infant (per 1,000 live births)",SP.DYN.IMRT.IN,36.8
Comoros,COM,2021,"Mortality rate, infant (per 1,000 live births)",SP.DYN.IMRT.IN,37.8
Comoros,COM,2020,"Mortality rate, infant (per 1,000 live births)",SP.DYN.IMRT.IN,38.7
Comoros,COM,2019,"Mortality rate, infant (per 1,000 live births)",SP.DYN.IMRT.IN,39.5
Comoros,COM,2018,"Mortality rate, infant (per 1,000 live births)",SP.DYN.IMRT.IN,40.3
Comoros,COM,2017,"Mortality rate, infant (per 1,000 live births)",SP.DYN.IMRT.IN,41
Comoros,COM,2016,"Mortality rate, infant (per 1,000 live births)",SP.DYN.IMRT.IN,41.7
Comoros,COM,2015,"Mortality rate, infant (per 1,000 live births)",SP.DYN.IMRT.IN,42.5
Comoros,COM,2014,"Mortality rate, infant (per 1,000 live births)",SP.DYN.IMRT.IN,43.2
Comoros,COM,2013,"Mortality rate, infant (per 1,000 live births)",SP.DYN.IMRT.IN,44
Comoros,COM,2012,"Mortality rate, infant (per 1,000 live births)",SP.DYN.IMRT.IN,44.9
Comoros,COM,2011,"Mortality rate, infant (per 1,000 live births)",SP.DYN.IMRT.IN,45.9
Comoros,COM,2010,"Mortality rate, infant (per 1,000 live births)",SP.DYN.IMRT.IN,47
Comoros,COM,2009,"Mortality rate, infant (per 1,000 live births)",SP.DYN.IMRT.IN,48.3
Comoros,COM,2008,"Mortality rate, infant (per 1,000 live births)",SP.DYN.IMRT.IN,49.7
Comoros,COM,2007,"Mortality rate, infant (per 1,000 live births)",SP.DYN.IMRT.IN,51.2
Comoros,COM,2006,"Mortality rate, infant (per 1,000 live births)",SP.DYN.IMRT.IN,52.9
Comoros,COM,2005,"Mortality rate, infant (per 1,000 live births)",SP.DYN.IMRT.IN,54.6
Comoros,COM,2004,"Mortality rate, infant (per 1,000 live births)",SP.DYN.IMRT.IN,56.5
Comoros,COM,2003,"Mortality rate, infant (per 1,000 live births)",SP.DYN.IMRT.IN,58.5
Comoros,COM,2002,"Mortality rate, infant (per 1,000 live births)",SP.DYN.IMRT.IN,60.5
Comoros,COM,2001,"Mortality rate, infant (per 1,000 live births)",SP.DYN.IMRT.IN,62.7
Comoros,COM,2000,"Mortality rate, infant (per 1,000 live births)",SP.DYN.IMRT.IN,64.8
Comoros,COM,1999,"Mortality rate, infant (per 1,000 live births)",SP.DYN.IMRT.IN,67.1
Comoros,COM,1998,"Mortality rate, infant (per 1,000 live births)",SP.DYN.IMRT.IN,69.6
Comoros,COM,1997,"Mortality rate, infant (per 1,000 live births)",SP.DYN.IMRT.IN,72.2
Comoros,COM,1996,"Mortality rate, infant (per 1,000 live births)",SP.DYN.IMRT.IN,74.8
Comoros,COM,1995,"Mortality rate, infant (per 1,000 live births)",SP.DYN.IMRT.IN,77.6
Comoros,COM,1994,"Mortality rate, infant (per 1,000 live births)",SP.DYN.IMRT.IN,80.6
Comoros,COM,1993,"Mortality rate, infant (per 1,000 live births)",SP.DYN.IMRT.IN,83.7
Comoros,COM,1992,"Mortality rate, infant (per 1,000 live births)",SP.DYN.IMRT.IN,86.9
Comoros,COM,1991,"Mortality rate, infant (per 1,000 live births)",SP.DYN.IMRT.IN,90.2
Comoros,COM,1990,"Mortality rate, infant (per 1,000 live births)",SP.DYN.IMRT.IN,93.5
Comoros,COM,1989,"Mortality rate, infant (per 1,000 live births)",SP.DYN.IMRT.IN,96.6
Comoros,COM,1988,"Mortality rate, infant (per 1,000 live births)",SP.DYN.IMRT.IN,99.7
Comoros,COM,1987,"Mortality rate, infant (per 1,000 live births)",SP.DYN.IMRT.IN,102.9
Comoros,COM,1986,"Mortality rate, infant (per 1,000 live births)",SP.DYN.IMRT.IN,106.2
Comoros,COM,1985,"Mortality rate, infant (per 1,000 live births)",SP.DYN.IMRT.IN,109.4
Comoros,COM,1984,"Mortality rate, infant (per 1,000 live births)",SP.DYN.IMRT.IN,112.8
Comoros,COM,1983,"Mortality rate, infant (per 1,000 live births)",SP.DYN.IMRT.IN,116.3
Comoros,COM,1982,"Mortality rate, infant (per 1,000 live births)",SP.DYN.IMRT.IN,119.8
Comoros,COM,1981,"Mortality rate, infant (per 1,000 live births)",SP.DYN.IMRT.IN,123.3
Comoros,COM,1980,"Mortality rate, infant (per 1,000 live births)",SP.DYN.IMRT.IN,126.7
Comoros,COM,1979,"Mortality rate, infant (per 1,000 live births)",SP.DYN.IMRT.IN,130.1
Comoros,COM,1978,"Mortality rate, infant (per 1,000 live births)",SP.DYN.IMRT.IN,133.3
Comoros,COM,1977,"Mortality rate, infant (per 1,000 live births)",SP.DYN.IMRT.IN,136.4
Comoros,COM,1976,"Mortality rate, infant (per 1,000 live births)",SP.DYN.IMRT.IN,139.5
Comoros,COM,1975,"Mortality rate, infant (per 1,000 live births)",SP.DYN.IMRT.IN,142.5
Comoros,COM,1974,"Mortality rate, infant (per 1,000 live births)",SP.DYN.IMRT.IN,145.5
Comoros,COM,1973,"Mortality rate, infant (per 1,000 live births)",SP.DYN.IMRT.IN,148.3
Comoros,COM,2023,"Mortality rate, infant, male (per 1,000 live births)",SP.DYN.IMRT.MA.IN,37.9
Comoros,COM,2022,"Mortality rate, infant, male (per 1,000 live births)",SP.DYN.IMRT.MA.IN,39
Comoros,COM,2021,"Mortality rate, infant, male (per 1,000 live births)",SP.DYN.IMRT.MA.IN,40
Comoros,COM,2020,"Mortality rate, infant, male (per 1,000 live births)",SP.DYN.IMRT.MA.IN,40.9
Comoros,COM,2019,"Mortality rate, infant, male (per 1,000 live births)",SP.DYN.IMRT.MA.IN,41.7
Comoros,COM,2018,"Mortality rate, infant, male (per 1,000 live births)",SP.DYN.IMRT.MA.IN,42.5
Comoros,COM,2017,"Mortality rate, infant, male (per 1,000 live births)",SP.DYN.IMRT.MA.IN,43.2
Comoros,COM,2016,"Mortality rate, infant, male (per 1,000 live births)",SP.DYN.IMRT.MA.IN,44
Comoros,COM,2015,"Mortality rate, infant, male (per 1,000 live births)",SP.DYN.IMRT.MA.IN,44.8
Comoros,COM,2014,"Mortality rate, infant, male (per 1,000 live births)",SP.DYN.IMRT.MA.IN,45.6
Comoros,COM,2013,"Mortality rate, infant, male (per 1,000 live births)",SP.DYN.IMRT.MA.IN,46.5
Comoros,COM,2012,"Mortality rate, infant, male (per 1,000 live births)",SP.DYN.IMRT.MA.IN,47.5
Comoros,COM,2011,"Mortality rate, infant, male (per 1,000 live births)",SP.DYN.IMRT.MA.IN,48.6
Comoros,COM,2010,"Mortality rate, infant, male (per 1,000 live births)",SP.DYN.IMRT.MA.IN,49.9
Comoros,COM,2009,"Mortality rate, infant, male (per 1,000 live births)",SP.DYN.IMRT.MA.IN,51.2
Comoros,COM,2008,"Mortality rate, infant, male (per 1,000 live births)",SP.DYN.IMRT.MA.IN,52.7
Comoros,COM,2007,"Mortality rate, infant, male (per 1,000 live births)",SP.DYN.IMRT.MA.IN,54.3
Comoros,COM,2006,"Mortality rate, infant, male (per 1,000 live births)",SP.DYN.IMRT.MA.IN,56.1
Comoros,COM,2005,"Mortality rate, infant, male (per 1,000 live births)",SP.DYN.IMRT.MA.IN,58
Comoros,COM,2004,"Mortality rate, infant, male (per 1,000 live births)",SP.DYN.IMRT.MA.IN,60
Comoros,COM,2003,"Mortality rate, infant, male (per 1,000 live births)",SP.DYN.IMRT.MA.IN,62.1
Comoros,COM,2002,"Mortality rate, infant, male (per 1,000 live births)",SP.DYN.IMRT.MA.IN,64.2
Comoros,COM,2001,"Mortality rate, infant, male (per 1,000 live births)",SP.DYN.IMRT.MA.IN,66.5
Comoros,COM,2000,"Mortality rate, infant, male (per 1,000 live births)",SP.DYN.IMRT.MA.IN,68.8
Comoros,COM,1999,"Mortality rate, infant, male (per 1,000 live births)",SP.DYN.IMRT.MA.IN,71.2
Comoros,COM,1998,"Mortality rate, infant, male (per 1,000 live births)",SP.DYN.IMRT.MA.IN,73.8
Comoros,COM,1997,"Mortality rate, infant, male (per 1,000 live births)",SP.DYN.IMRT.MA.IN,76.6
Comoros,COM,1996,"Mortality rate, infant, male (per 1,000 live births)",SP.DYN.IMRT.MA.IN,79.4
Comoros,COM,1995,"Mortality rate, infant, male (per 1,000 live births)",SP.DYN.IMRT.MA.IN,82.4
Comoros,COM,1994,"Mortality rate, infant, male (per 1,000 live births)",SP.DYN.IMRT.MA.IN,85.6
Comoros,COM,1993,"Mortality rate, infant, male (per 1,000 live births)",SP.DYN.IMRT.MA.IN,88.9
Comoros,COM,1992,"Mortality rate, infant, male (per 1,000 live births)",SP.DYN.IMRT.MA.IN,92.2
Comoros,COM,1991,"Mortality rate, infant, male (per 1,000 live births)",SP.DYN.IMRT.MA.IN,95.6
Comoros,COM,1990,"Mortality rate, infant, male (per 1,000 live births)",SP.DYN.IMRT.MA.IN,98.9
Comoros,COM,1989,"Mortality rate, infant, male (per 1,000 live births)",SP.DYN.IMRT.MA.IN,102.1
Comoros,COM,1988,"Mortality rate, infant, male (per 1,000 live births)",SP.DYN.IMRT.MA.IN,105.3
Comoros,COM,1987,"Mortality rate, infant, male (per 1,000 live births)",SP.DYN.IMRT.MA.IN,108.6
Comoros,COM,1986,"Mortality rate, infant, male (per 1,000 live births)",SP.DYN.IMRT.MA.IN,111.9
Comoros,COM,1985,"Mortality rate, infant, male (per 1,000 live births)",SP.DYN.IMRT.MA.IN,115.3
Comoros,COM,1984,"Mortality rate, infant, male (per 1,000 live births)",SP.DYN.IMRT.MA.IN,118.9
Comoros,COM,1983,"Mortality rate, infant, male (per 1,000 live births)",SP.DYN.IMRT.MA.IN,122.4
Comoros,COM,1982,"Mortality rate, infant, male (per 1,000 live births)",SP.DYN.IMRT.MA.IN,125.9
Comoros,COM,1981,"Mortality rate, infant, male (per 1,000 live births)",SP.DYN.IMRT.MA.IN,129.5
Comoros,COM,1980,"Mortality rate, infant, male (per 1,000 live births)",SP.DYN.IMRT.MA.IN,133
Comoros,COM,1979,"Mortality rate, infant, male (per 1,000 live births)",SP.DYN.IMRT.MA.IN,136.6
Comoros,COM,1978,"Mortality rate, infant, male (per 1,000 live births)",SP.DYN.IMRT.MA.IN,139.9
Comoros,COM,1977,"Mortality rate, infant, male (per 1,000 live births)",SP.DYN.IMRT.MA.IN,143.3
Comoros,COM,1976,"Mortality rate, infant, male (per 1,000 live births)",SP.DYN.IMRT.MA.IN,146.4
Comoros,COM,1975,"Mortality rate, infant, male (per 1,000 live births)",SP.DYN.IMRT.MA.IN,149.7
Comoros,COM,1974,"Mortality rate, infant, male (per 1,000 live births)",SP.DYN.IMRT.MA.IN,152.7
Comoros,COM,1973,"Mortality rate, infant, male (per 1,000 live births)",SP.DYN.IMRT.MA.IN,155.8
Comoros,COM,2023,"Life expectancy at birth, female (years)",SP.DYN.LE00.FE.IN,68.932
Comoros,COM,2022,"Life expectancy at birth, female (years)",SP.DYN.LE00.FE.IN,68.617
Comoros,COM,2021,"Life expectancy at birth, female (years)",SP.DYN.LE00.FE.IN,67.314
Comoros,COM,2020,"Life expectancy at birth, female (years)",SP.DYN.LE00.FE.IN,68
Comoros,COM,2019,"Life expectancy at birth, female (years)",SP.DYN.LE00.FE.IN,67.683
Comoros,COM,2018,"Life expectancy at birth, female (years)",SP.DYN.LE00.FE.IN,67.392
Comoros,COM,2017,"Life expectancy at birth, female (years)",SP.DYN.LE00.FE.IN,67.053
Comoros,COM,2016,"Life expectancy at birth, female (years)",SP.DYN.LE00.FE.IN,66.706
Comoros,COM,2015,"Life expectancy at birth, female (years)",SP.DYN.LE00.FE.IN,66.349
Comoros,COM,2014,"Life expectancy at birth, female (years)",SP.DYN.LE00.FE.IN,65.981
Comoros,COM,2013,"Life expectancy at birth, female (years)",SP.DYN.LE00.FE.IN,65.609
Comoros,COM,2012,"Life expectancy at birth, female (years)",SP.DYN.LE00.FE.IN,65.207
Comoros,COM,2011,"Life expectancy at birth, female (years)",SP.DYN.LE00.FE.IN,64.797
Comoros,COM,2010,"Life expectancy at birth, female (years)",SP.DYN.LE00.FE.IN,64.437
Comoros,COM,2009,"Life expectancy at birth, female (years)",SP.DYN.LE00.FE.IN,63.994
Comoros,COM,2008,"Life expectancy at birth, female (years)",SP.DYN.LE00.FE.IN,63.653
Comoros,COM,2007,"Life expectancy at birth, female (years)",SP.DYN.LE00.FE.IN,63.164
Comoros,COM,2006,"Life expectancy at birth, female (years)",SP.DYN.LE00.FE.IN,62.913
Comoros,COM,2005,"Life expectancy at birth, female (years)",SP.DYN.LE00.FE.IN,62.566
Comoros,COM,2004,"Life expectancy at birth, female (years)",SP.DYN.LE00.FE.IN,62.247
Comoros,COM,2003,"Life expectancy at birth, female (years)",SP.DYN.LE00.FE.IN,61.929
Comoros,COM,2002,"Life expectancy at birth, female (years)",SP.DYN.LE00.FE.IN,61.392
Comoros,COM,2001,"Life expectancy at birth, female (years)",SP.DYN.LE00.FE.IN,61.261
Comoros,COM,2000,"Life expectancy at birth, female (years)",SP.DYN.LE00.FE.IN,60.605
Comoros,COM,1999,"Life expectancy at birth, female (years)",SP.DYN.LE00.FE.IN,60.543
Comoros,COM,1998,"Life expectancy at birth, female (years)",SP.DYN.LE00.FE.IN,60.019
Comoros,COM,1997,"Life expectancy at birth, female (years)",SP.DYN.LE00.FE.IN,60.134
Comoros,COM,1996,"Life expectancy at birth, female (years)",SP.DYN.LE00.FE.IN,59.693
Comoros,COM,1995,"Life expectancy at birth, female (years)",SP.DYN.LE00.FE.IN,59.266
Comoros,COM,1994,"Life expectancy at birth, female (years)",SP.DYN.LE00.FE.IN,58.769
Comoros,COM,1993,"Life expectancy at birth, female (years)",SP.DYN.LE00.FE.IN,58.176
Comoros,COM,1992,"Life expectancy at birth, female (years)",SP.DYN.LE00.FE.IN,57.607
Comoros,COM,1991,"Life expectancy at birth, female (years)",SP.DYN.LE00.FE.IN,57.058
Comoros,COM,1990,"Life expectancy at birth, female (years)",SP.DYN.LE00.FE.IN,56.545
Comoros,COM,1989,"Life expectancy at birth, female (years)",SP.DYN.LE00.FE.IN,56.046
Comoros,COM,1988,"Life expectancy at birth, female (years)",SP.DYN.LE00.FE.IN,55.653
Comoros,COM,1987,"Life expectancy at birth, female (years)",SP.DYN.LE00.FE.IN,55.188
Comoros,COM,1986,"Life expectancy at birth, female (years)",SP.DYN.LE00.FE.IN,54.906
Comoros,COM,1985,"Life expectancy at birth, female (years)",SP.DYN.LE00.FE.IN,54.466
Comoros,COM,1984,"Life expectancy at birth, female (years)",SP.DYN.LE00.FE.IN,54.023
Comoros,COM,1983,"Life expectancy at birth, female (years)",SP.DYN.LE00.FE.IN,53.373
Comoros,COM,1982,"Life expectancy at birth, female (years)",SP.DYN.LE00.FE.IN,53.07
Comoros,COM,1981,"Life expectancy at birth, female (years)",SP.DYN.LE00.FE.IN,52.571
Comoros,COM,1980,"Life expectancy at birth, female (years)",SP.DYN.LE00.FE.IN,52.069
Comoros,COM,1979,"Life expectancy at birth, female (years)",SP.DYN.LE00.FE.IN,51.512
Comoros,COM,1978,"Life expectancy at birth, female (years)",SP.DYN.LE00.FE.IN,51.029
Comoros,COM,1977,"Life expectancy at birth, female (years)",SP.DYN.LE00.FE.IN,50.532
Comoros,COM,1976,"Life expectancy at birth, female (years)",SP.DYN.LE00.FE.IN,50.056
Comoros,COM,1975,"Life expectancy at birth, female (years)",SP.DYN.LE00.FE.IN,48.257
Comoros,COM,1974,"Life expectancy at birth, female (years)",SP.DYN.LE00.FE.IN,49.096
Comoros,COM,1973,"Life expectancy at birth, female (years)",SP.DYN.LE00.FE.IN,48.557
Comoros,COM,1972,"Life expectancy at birth, female (years)",SP.DYN.LE00.FE.IN,48.011
Comoros,COM,1971,"Life expectancy at birth, female (years)",SP.DYN.LE00.FE.IN,47.424
Comoros,COM,1970,"Life expectancy at birth, female (years)",SP.DYN.LE00.FE.IN,46.847
Comoros,COM,1969,"Life expectancy at birth, female (years)",SP.DYN.LE00.FE.IN,46.299
Comoros,COM,1968,"Life expectancy at birth, female (years)",SP.DYN.LE00.FE.IN,45.79
Comoros,COM,1967,"Life expectancy at birth, female (years)",SP.DYN.LE00.FE.IN,45.326
Comoros,COM,1966,"Life expectancy at birth, female (years)",SP.DYN.LE00.FE.IN,44.899
Comoros,COM,1965,"Life expectancy at birth, female (years)",SP.DYN.LE00.FE.IN,44.487
Comoros,COM,1964,"Life expectancy at birth, female (years)",SP.DYN.LE00.FE.IN,44.11
Comoros,COM,1963,"Life expectancy at birth, female (years)",SP.DYN.LE00.FE.IN,43.748
Comoros,COM,1962,"Life expectancy at birth, female (years)",SP.DYN.LE00.FE.IN,43.376
Comoros,COM,1961,"Life expectancy at birth, female (years)",SP.DYN.LE00.FE.IN,43.005
Comoros,COM,1960,"Life expectancy at birth, female (years)",SP.DYN.LE00.FE.IN,42.651
Comoros,COM,2023,"Life expectancy at birth, total (years)",SP.DYN.LE00.IN,66.777
Comoros,COM,2022,"Life expectancy at birth, total (years)",SP.DYN.LE00.IN,66.481
Comoros,COM,2021,"Life expectancy at birth, total (years)",SP.DYN.LE00.IN,65.201
Comoros,COM,2020,"Life expectancy at birth, total (years)",SP.DYN.LE00.IN,65.756
Comoros,COM,2019,"Life expectancy at birth, total (years)",SP.DYN.LE00.IN,65.662
Comoros,COM,2018,"Life expectancy at birth, total (years)",SP.DYN.LE00.IN,65.401
Comoros,COM,2017,"Life expectancy at birth, total (years)",SP.DYN.LE00.IN,65.127
Comoros,COM,2016,"Life expectancy at birth, total (years)",SP.DYN.LE00.IN,64.792
Comoros,COM,2015,"Life expectancy at birth, total (years)",SP.DYN.LE00.IN,64.473
Comoros,COM,2014,"Life expectancy at birth, total (years)",SP.DYN.LE00.IN,64.143
Comoros,COM,2013,"Life expectancy at birth, total (years)",SP.DYN.LE00.IN,63.839
Comoros,COM,2012,"Life expectancy at birth, total (years)",SP.DYN.LE00.IN,63.463
Comoros,COM,2011,"Life expectancy at birth, total (years)",SP.DYN.LE00.IN,63.105
Comoros,COM,2010,"Life expectancy at birth, total (years)",SP.DYN.LE00.IN,62.747
Comoros,COM,2009,"Life expectancy at birth, total (years)",SP.DYN.LE00.IN,62.302
Comoros,COM,2008,"Life expectancy at birth, total (years)",SP.DYN.LE00.IN,61.955
Comoros,COM,2007,"Life expectancy at birth, total (years)",SP.DYN.LE00.IN,61.475
Comoros,COM,2006,"Life expectancy at birth, total (years)",SP.DYN.LE00.IN,61.229
Comoros,COM,2005,"Life expectancy at birth, total (years)",SP.DYN.LE00.IN,60.883
Comoros,COM,2004,"Life expectancy at birth, total (years)",SP.DYN.LE00.IN,60.557
Comoros,COM,2003,"Life expectancy at birth, total (years)",SP.DYN.LE00.IN,60.24
Comoros,COM,2002,"Life expectancy at birth, total (years)",SP.DYN.LE00.IN,59.723
Comoros,COM,2001,"Life expectancy at birth, total (years)",SP.DYN.LE00.IN,59.587
Comoros,COM,2000,"Life expectancy at birth, total (years)",SP.DYN.LE00.IN,58.941
Comoros,COM,1999,"Life expectancy at birth, total (years)",SP.DYN.LE00.IN,58.853
Comoros,COM,1998,"Life expectancy at birth, total (years)",SP.DYN.LE00.IN,58.301
Comoros,COM,1997,"Life expectancy at birth, total (years)",SP.DYN.LE00.IN,58.228
Comoros,COM,1996,"Life expectancy at birth, total (years)",SP.DYN.LE00.IN,58.151
Comoros,COM,1995,"Life expectancy at birth, total (years)",SP.DYN.LE00.IN,57.83
Comoros,COM,1994,"Life expectancy at birth, total (years)",SP.DYN.LE00.IN,57.458
Comoros,COM,1993,"Life expectancy at birth, total (years)",SP.DYN.LE00.IN,57.026
Comoros,COM,1992,"Life expectancy at birth, total (years)",SP.DYN.LE00.IN,56.576
Comoros,COM,1991,"Life expectancy at birth, total (years)",SP.DYN.LE00.IN,56.104
Comoros,COM,1990,"Life expectancy at birth, total (years)",SP.DYN.LE00.IN,55.62
Comoros,COM,1989,"Life expectancy at birth, total (years)",SP.DYN.LE00.IN,54.983
Comoros,COM,1988,"Life expectancy at birth, total (years)",SP.DYN.LE00.IN,54.678
Comoros,COM,1987,"Life expectancy at birth, total (years)",SP.DYN.LE00.IN,54.134
Comoros,COM,1986,"Life expectancy at birth, total (years)",SP.DYN.LE00.IN,53.756
Comoros,COM,1985,"Life expectancy at birth, total (years)",SP.DYN.LE00.IN,53.263
Comoros,COM,1984,"Life expectancy at birth, total (years)",SP.DYN.LE00.IN,52.784
Comoros,COM,1983,"Life expectancy at birth, total (years)",SP.DYN.LE00.IN,52.121
Comoros,COM,1982,"Life expectancy at birth, total (years)",SP.DYN.LE00.IN,51.75
Comoros,COM,1981,"Life expectancy at birth, total (years)",SP.DYN.LE00.IN,51.211
Comoros,COM,1980,"Life expectancy at birth, total (years)",SP.DYN.LE00.IN,50.681
Comoros,COM,1979,"Life expectancy at birth, total (years)",SP.DYN.LE00.IN,50.126
Comoros,COM,1978,"Life expectancy at birth, total (years)",SP.DYN.LE00.IN,49.702
Comoros,COM,1977,"Life expectancy at birth, total (years)",SP.DYN.LE00.IN,49.17
Comoros,COM,1976,"Life expectancy at birth, total (years)",SP.DYN.LE00.IN,48.645
Comoros,COM,1975,"Life expectancy at birth, total (years)",SP.DYN.LE00.IN,46.866
Comoros,COM,1974,"Life expectancy at birth, total (years)",SP.DYN.LE00.IN,47.609
Comoros,COM,1973,"Life expectancy at birth, total (years)",SP.DYN.LE00.IN,47.045
Comoros,COM,1972,"Life expectancy at birth, total (years)",SP.DYN.LE00.IN,46.463
Comoros,COM,1971,"Life expectancy at birth, total (years)",SP.DYN.LE00.IN,45.849
Comoros,COM,1970,"Life expectancy at birth, total (years)",SP.DYN.LE00.IN,45.226
Comoros,COM,1969,"Life expectancy at birth, total (years)",SP.DYN.LE00.IN,44.643
Comoros,COM,1968,"Life expectancy at birth, total (years)",SP.DYN.LE00.IN,44.101
Comoros,COM,1967,"Life expectancy at birth, total (years)",SP.DYN.LE00.IN,43.593
Comoros,COM,1966,"Life expectancy at birth, total (years)",SP.DYN.LE00.IN,43.153
Comoros,COM,1965,"Life expectancy at birth, total (years)",SP.DYN.LE00.IN,42.676
Comoros,COM,1964,"Life expectancy at birth, total (years)",SP.DYN.LE00.IN,42.328
Comoros,COM,1963,"Life expectancy at birth, total (years)",SP.DYN.LE00.IN,41.909
Comoros,COM,1962,"Life expectancy at birth, total (years)",SP.DYN.LE00.IN,41.534
Comoros,COM,1961,"Life expectancy at birth, total (years)",SP.DYN.LE00.IN,41.157
Comoros,COM,1960,"Life expectancy at birth, total (years)",SP.DYN.LE00.IN,40.777
Comoros,COM,2023,"Life expectancy at birth, male (years)",SP.DYN.LE00.MA.IN,64.786
Comoros,COM,2022,"Life expectancy at birth, male (years)",SP.DYN.LE00.MA.IN,64.507
Comoros,COM,2021,"Life expectancy at birth, male (years)",SP.DYN.LE00.MA.IN,63.262
Comoros,COM,2020,"Life expectancy at birth, male (years)",SP.DYN.LE00.MA.IN,63.725
Comoros,COM,2019,"Life expectancy at birth, male (years)",SP.DYN.LE00.MA.IN,63.792
Comoros,COM,2018,"Life expectancy at birth, male (years)",SP.DYN.LE00.MA.IN,63.555
Comoros,COM,2017,"Life expectancy at birth, male (years)",SP.DYN.LE00.MA.IN,63.336
Comoros,COM,2016,"Life expectancy at birth, male (years)",SP.DYN.LE00.MA.IN,63.009
Comoros,COM,2015,"Life expectancy at birth, male (years)",SP.DYN.LE00.MA.IN,62.721
Comoros,COM,2014,"Life expectancy at birth, male (years)",SP.DYN.LE00.MA.IN,62.423
Comoros,COM,2013,"Life expectancy at birth, male (years)",SP.DYN.LE00.MA.IN,62.177
Comoros,COM,2012,"Life expectancy at birth, male (years)",SP.DYN.LE00.MA.IN,61.824
Comoros,COM,2011,"Life expectancy at birth, male (years)",SP.DYN.LE00.MA.IN,61.511
Comoros,COM,2010,"Life expectancy at birth, male (years)",SP.DYN.LE00.MA.IN,61.156
Comoros,COM,2009,"Life expectancy at birth, male (years)",SP.DYN.LE00.MA.IN,60.71
Comoros,COM,2008,"Life expectancy at birth, male (years)",SP.DYN.LE00.MA.IN,60.36
Comoros,COM,2007,"Life expectancy at birth, male (years)",SP.DYN.LE00.MA.IN,59.891
Comoros,COM,2006,"Life expectancy at birth, male (years)",SP.DYN.LE00.MA.IN,59.651
Comoros,COM,2005,"Life expectancy at birth, male (years)",SP.DYN.LE00.MA.IN,59.309
Comoros,COM,2004,"Life expectancy at birth, male (years)",SP.DYN.LE00.MA.IN,58.981
Comoros,COM,2003,"Life expectancy at birth, male (years)",SP.DYN.LE00.MA.IN,58.671
Comoros,COM,2002,"Life expectancy at birth, male (years)",SP.DYN.LE00.MA.IN,58.181
Comoros,COM,2001,"Life expectancy at birth, male (years)",SP.DYN.LE00.MA.IN,58.053
Comoros,COM,2000,"Life expectancy at birth, male (years)",SP.DYN.LE00.MA.IN,57.429
Comoros,COM,1999,"Life expectancy at birth, male (years)",SP.DYN.LE00.MA.IN,57.334
Comoros,COM,1998,"Life expectancy at birth, male (years)",SP.DYN.LE00.MA.IN,56.761
Comoros,COM,1997,"Life expectancy at birth, male (years)",SP.DYN.LE00.MA.IN,56.514
Comoros,COM,1996,"Life expectancy at birth, male (years)",SP.DYN.LE00.MA.IN,56.797
Comoros,COM,1995,"Life expectancy at birth, male (years)",SP.DYN.LE00.MA.IN,56.58
Comoros,COM,1994,"Life expectancy at birth, male (years)",SP.DYN.LE00.MA.IN,56.327
Comoros,COM,1993,"Life expectancy at birth, male (years)",SP.DYN.LE00.MA.IN,56.044
Comoros,COM,1992,"Life expectancy at birth, male (years)",SP.DYN.LE00.MA.IN,55.708
Comoros,COM,1991,"Life expectancy at birth, male (years)",SP.DYN.LE00.MA.IN,55.316
Comoros,COM,1990,"Life expectancy at birth, male (years)",SP.DYN.LE00.MA.IN,54.863
Comoros,COM,1989,"Life expectancy at birth, male (years)",SP.DYN.LE00.MA.IN,54.087
Comoros,COM,1988,"Life expectancy at birth, male (years)",SP.DYN.LE00.MA.IN,53.879
Comoros,COM,1987,"Life expectancy at birth, male (years)",SP.DYN.LE00.MA.IN,53.263
Comoros,COM,1986,"Life expectancy at birth, male (years)",SP.DYN.LE00.MA.IN,52.796
Comoros,COM,1985,"Life expectancy at birth, male (years)",SP.DYN.LE00.MA.IN,52.252
Comoros,COM,1984,"Life expectancy at birth, male (years)",SP.DYN.LE00.MA.IN,51.738
Comoros,COM,1983,"Life expectancy at birth, male (years)",SP.DYN.LE00.MA.IN,51.059
Comoros,COM,1982,"Life expectancy at birth, male (years)",SP.DYN.LE00.MA.IN,50.624
Comoros,COM,1981,"Life expectancy at birth, male (years)",SP.DYN.LE00.MA.IN,50.045
Comoros,COM,1980,"Life expectancy at birth, male (years)",SP.DYN.LE00.MA.IN,49.486
Comoros,COM,1979,"Life expectancy at birth, male (years)",SP.DYN.LE00.MA.IN,48.924
Comoros,COM,1978,"Life expectancy at birth, male (years)",SP.DYN.LE00.MA.IN,48.538
Comoros,COM,1977,"Life expectancy at birth, male (years)",SP.DYN.LE00.MA.IN,47.96
Comoros,COM,1976,"Life expectancy at birth, male (years)",SP.DYN.LE00.MA.IN,47.376
Comoros,COM,1975,"Life expectancy at birth, male (years)",SP.DYN.LE00.MA.IN,45.602
Comoros,COM,1974,"Life expectancy at birth, male (years)",SP.DYN.LE00.MA.IN,46.234
Comoros,COM,1973,"Life expectancy at birth, male (years)",SP.DYN.LE00.MA.IN,45.632
Comoros,COM,1972,"Life expectancy at birth, male (years)",SP.DYN.LE00.MA.IN,45.005
Comoros,COM,1971,"Life expectancy at birth, male (years)",SP.DYN.LE00.MA.IN,44.358
Comoros,COM,1970,"Life expectancy at birth, male (years)",SP.DYN.LE00.MA.IN,43.689
Comoros,COM,1969,"Life expectancy at birth, male (years)",SP.DYN.LE00.MA.IN,43.073
Comoros,COM,1968,"Life expectancy at birth, male (years)",SP.DYN.LE00.MA.IN,42.501
Comoros,COM,1967,"Life expectancy at birth, male (years)",SP.DYN.LE00.MA.IN,41.956
Comoros,COM,1966,"Life expectancy at birth, male (years)",SP.DYN.LE00.MA.IN,41.503
Comoros,COM,1965,"Life expectancy at birth, male (years)",SP.DYN.LE00.MA.IN,40.962
Comoros,COM,1964,"Life expectancy at birth, male (years)",SP.DYN.LE00.MA.IN,40.633
Comoros,COM,1963,"Life expectancy at birth, male (years)",SP.DYN.LE00.MA.IN,40.158
Comoros,COM,1962,"Life expectancy at birth, male (years)",SP.DYN.LE00.MA.IN,39.773
Comoros,COM,1961,"Life expectancy at birth, male (years)",SP.DYN.LE00.MA.IN,39.385
Comoros,COM,1960,"Life expectancy at birth, male (years)",SP.DYN.LE00.MA.IN,38.975
Comoros,COM,2023,"Fertility rate, total (births per woman)",SP.DYN.TFRT.IN,3.878
Comoros,COM,2022,"Fertility rate, total (births per woman)",SP.DYN.TFRT.IN,3.935
Comoros,COM,2021,"Fertility rate, total (births per woman)",SP.DYN.TFRT.IN,3.999
Comoros,COM,2020,"Fertility rate, total (births per woman)",SP.DYN.TFRT.IN,4.071
Comoros,COM,2019,"Fertility rate, total (births per woman)",SP.DYN.TFRT.IN,4.138
Comoros,COM,2018,"Fertility rate, total (births per woman)",SP.DYN.TFRT.IN,4.208
Comoros,COM,2017,"Fertility rate, total (births per woman)",SP.DYN.TFRT.IN,4.278
Comoros,COM,2016,"Fertility rate, total (births per woman)",SP.DYN.TFRT.IN,4.348
Comoros,COM,2015,"Fertility rate, total (births per woman)",SP.DYN.TFRT.IN,4.42
Comoros,COM,2014,"Fertility rate, total (births per woman)",SP.DYN.TFRT.IN,4.489
Comoros,COM,2013,"Fertility rate, total (births per woman)",SP.DYN.TFRT.IN,4.572
Comoros,COM,2012,"Fertility rate, total (births per woman)",SP.DYN.TFRT.IN,4.652
Comoros,COM,2011,"Fertility rate, total (births per woman)",SP.DYN.TFRT.IN,4.722
Comoros,COM,2010,"Fertility rate, total (births per woman)",SP.DYN.TFRT.IN,4.755
Comoros,COM,2009,"Fertility rate, total (births per woman)",SP.DYN.TFRT.IN,4.778
Comoros,COM,2008,"Fertility rate, total (births per woman)",SP.DYN.TFRT.IN,4.805
Comoros,COM,2007,"Fertility rate, total (births per woman)",SP.DYN.TFRT.IN,4.859
Comoros,COM,2006,"Fertility rate, total (births per woman)",SP.DYN.TFRT.IN,4.934
Comoros,COM,2005,"Fertility rate, total (births per woman)",SP.DYN.TFRT.IN,5.012
Comoros,COM,2004,"Fertility rate, total (births per woman)",SP.DYN.TFRT.IN,5.065
Comoros,COM,2003,"Fertility rate, total (births per woman)",SP.DYN.TFRT.IN,5.115
Comoros,COM,2002,"Fertility rate, total (births per woman)",SP.DYN.TFRT.IN,5.155
Comoros,COM,2001,"Fertility rate, total (births per woman)",SP.DYN.TFRT.IN,5.195
Comoros,COM,2000,"Fertility rate, total (births per woman)",SP.DYN.TFRT.IN,5.227
Comoros,COM,1999,"Fertility rate, total (births per woman)",SP.DYN.TFRT.IN,5.28
Comoros,COM,1998,"Fertility rate, total (births per woman)",SP.DYN.TFRT.IN,5.392
Comoros,COM,1997,"Fertility rate, total (births per woman)",SP.DYN.TFRT.IN,5.513
Comoros,COM,1996,"Fertility rate, total (births per woman)",SP.DYN.TFRT.IN,5.627
Comoros,COM,1995,"Fertility rate, total (births per woman)",SP.DYN.TFRT.IN,5.73
Comoros,COM,1994,"Fertility rate, total (births per woman)",SP.DYN.TFRT.IN,5.864
Comoros,COM,1993,"Fertility rate, total (births per woman)",SP.DYN.TFRT.IN,6.022
Comoros,COM,1992,"Fertility rate, total (births per woman)",SP.DYN.TFRT.IN,6.186
Comoros,COM,1991,"Fertility rate, total (births per woman)",SP.DYN.TFRT.IN,6.354
Comoros,COM,1990,"Fertility rate, total (births per woman)",SP.DYN.TFRT.IN,6.505
Comoros,COM,1989,"Fertility rate, total (births per woman)",SP.DYN.TFRT.IN,6.646
Comoros,COM,1988,"Fertility rate, total (births per woman)",SP.DYN.TFRT.IN,6.764
Comoros,COM,1987,"Fertility rate, total (births per woman)",SP.DYN.TFRT.IN,6.87
Comoros,COM,1986,"Fertility rate, total (births per woman)",SP.DYN.TFRT.IN,6.953
Comoros,COM,1985,"Fertility rate, total (births per woman)",SP.DYN.TFRT.IN,7.021
Comoros,COM,1984,"Fertility rate, total (births per woman)",SP.DYN.TFRT.IN,7.072
Comoros,COM,1983,"Fertility rate, total (births per woman)",SP.DYN.TFRT.IN,7.11
Comoros,COM,1982,"Fertility rate, total (births per woman)",SP.DYN.TFRT.IN,7.134
Comoros,COM,1981,"Fertility rate, total (births per woman)",SP.DYN.TFRT.IN,7.143
Comoros,COM,1980,"Fertility rate, total (births per woman)",SP.DYN.TFRT.IN,7.154
Comoros,COM,1979,"Fertility rate, total (births per woman)",SP.DYN.TFRT.IN,7.162
Comoros,COM,1978,"Fertility rate, total (births per woman)",SP.DYN.TFRT.IN,7.155
Comoros,COM,1977,"Fertility rate, total (births per woman)",SP.DYN.TFRT.IN,7.15
Comoros,COM,1976,"Fertility rate, total (births per woman)",SP.DYN.TFRT.IN,7.159
Comoros,COM,1975,"Fertility rate, total (births per woman)",SP.DYN.TFRT.IN,7.162
Comoros,COM,1974,"Fertility rate, total (births per woman)",SP.DYN.TFRT.IN,7.163
Comoros,COM,1973,"Fertility rate, total (births per woman)",SP.DYN.TFRT.IN,7.165
Comoros,COM,1972,"Fertility rate, total (births per woman)",SP.DYN.TFRT.IN,7.142
Comoros,COM,1971,"Fertility rate, total (births per woman)",SP.DYN.TFRT.IN,7.116
Comoros,COM,1970,"Fertility rate, total (births per woman)",SP.DYN.TFRT.IN,7.099
Comoros,COM,1969,"Fertility rate, total (births per woman)",SP.DYN.TFRT.IN,7.073
Comoros,COM,1968,"Fertility rate, total (births per woman)",SP.DYN.TFRT.IN,7.051
Comoros,COM,1967,"Fertility rate, total (births per woman)",SP.DYN.TFRT.IN,7.02
Comoros,COM,1966,"Fertility rate, total (births per woman)",SP.DYN.TFRT.IN,7.001
Comoros,COM,1965,"Fertility rate, total (births per woman)",SP.DYN.TFRT.IN,6.967
Comoros,COM,1964,"Fertility rate, total (births per woman)",SP.DYN.TFRT.IN,6.938
Comoros,COM,1963,"Fertility rate, total (births per woman)",SP.DYN.TFRT.IN,6.916
Comoros,COM,1962,"Fertility rate, total (births per woman)",SP.DYN.TFRT.IN,6.897
Comoros,COM,1961,"Fertility rate, total (births per woman)",SP.DYN.TFRT.IN,6.849
Comoros,COM,1960,"Fertility rate, total (births per woman)",SP.DYN.TFRT.IN,6.792
Comoros,COM,2023,"Survival to age 65, female (% of cohort)",SP.DYN.TO65.FE.ZS,72.566068
Comoros,COM,2022,"Survival to age 65, female (% of cohort)",SP.DYN.TO65.FE.ZS,72.046864
Comoros,COM,2021,"Survival to age 65, female (% of cohort)",SP.DYN.TO65.FE.ZS,68.968739
Comoros,COM,2020,"Survival to age 65, female (% of cohort)",SP.DYN.TO65.FE.ZS,70.827899
Comoros,COM,2019,"Survival to age 65, female (% of cohort)",SP.DYN.TO65.FE.ZS,70.512578
Comoros,COM,2018,"Survival to age 65, female (% of cohort)",SP.DYN.TO65.FE.ZS,70.039591
Comoros,COM,2017,"Survival to age 65, female (% of cohort)",SP.DYN.TO65.FE.ZS,69.482258
Comoros,COM,2016,"Survival to age 65, female (% of cohort)",SP.DYN.TO65.FE.ZS,68.909914
Comoros,COM,2015,"Survival to age 65, female (% of cohort)",SP.DYN.TO65.FE.ZS,68.32251
Comoros,COM,2014,"Survival to age 65, female (% of cohort)",SP.DYN.TO65.FE.ZS,67.713017
Comoros,COM,2013,"Survival to age 65, female (% of cohort)",SP.DYN.TO65.FE.ZS,67.095432
Comoros,COM,2012,"Survival to age 65, female (% of cohort)",SP.DYN.TO65.FE.ZS,66.425127
Comoros,COM,2011,"Survival to age 65, female (% of cohort)",SP.DYN.TO65.FE.ZS,65.727325
Comoros,COM,2010,"Survival to age 65, female (% of cohort)",SP.DYN.TO65.FE.ZS,65.129924
Comoros,COM,2009,"Survival to age 65, female (% of cohort)",SP.DYN.TO65.FE.ZS,64.381558
Comoros,COM,2008,"Survival to age 65, female (% of cohort)",SP.DYN.TO65.FE.ZS,63.824602
Comoros,COM,2007,"Survival to age 65, female (% of cohort)",SP.DYN.TO65.FE.ZS,63.012956
Comoros,COM,2006,"Survival to age 65, female (% of cohort)",SP.DYN.TO65.FE.ZS,62.626973
Comoros,COM,2005,"Survival to age 65, female (% of cohort)",SP.DYN.TO65.FE.ZS,62.077655
Comoros,COM,2004,"Survival to age 65, female (% of cohort)",SP.DYN.TO65.FE.ZS,61.581938
Comoros,COM,2003,"Survival to age 65, female (% of cohort)",SP.DYN.TO65.FE.ZS,61.089993
Comoros,COM,2002,"Survival to age 65, female (% of cohort)",SP.DYN.TO65.FE.ZS,60.204917
Comoros,COM,2001,"Survival to age 65, female (% of cohort)",SP.DYN.TO65.FE.ZS,60.034046
Comoros,COM,2000,"Survival to age 65, female (% of cohort)",SP.DYN.TO65.FE.ZS,58.947635
Comoros,COM,1999,"Survival to age 65, female (% of cohort)",SP.DYN.TO65.FE.ZS,58.906277
Comoros,COM,1998,"Survival to age 65, female (% of cohort)",SP.DYN.TO65.FE.ZS,58.059021
Comoros,COM,1997,"Survival to age 65, female (% of cohort)",SP.DYN.TO65.FE.ZS,58.308484
Comoros,COM,1996,"Survival to age 65, female (% of cohort)",SP.DYN.TO65.FE.ZS,57.605107
Comoros,COM,1995,"Survival to age 65, female (% of cohort)",SP.DYN.TO65.FE.ZS,56.917497
Comoros,COM,1994,"Survival to age 65, female (% of cohort)",SP.DYN.TO65.FE.ZS,56.102748
Comoros,COM,1993,"Survival to age 65, female (% of cohort)",SP.DYN.TO65.FE.ZS,55.113518
Comoros,COM,1992,"Survival to age 65, female (% of cohort)",SP.DYN.TO65.FE.ZS,54.189273
Comoros,COM,1991,"Survival to age 65, female (% of cohort)",SP.DYN.TO65.FE.ZS,53.326396
Comoros,COM,1990,"Survival to age 65, female (% of cohort)",SP.DYN.TO65.FE.ZS,52.55824
Comoros,COM,1989,"Survival to age 65, female (% of cohort)",SP.DYN.TO65.FE.ZS,51.838037
Comoros,COM,1988,"Survival to age 65, female (% of cohort)",SP.DYN.TO65.FE.ZS,51.350607
Comoros,COM,1987,"Survival to age 65, female (% of cohort)",SP.DYN.TO65.FE.ZS,50.768471
Comoros,COM,1986,"Survival to age 65, female (% of cohort)",SP.DYN.TO65.FE.ZS,50.493128
Comoros,COM,1985,"Survival to age 65, female (% of cohort)",SP.DYN.TO65.FE.ZS,49.961513
Comoros,COM,1984,"Survival to age 65, female (% of cohort)",SP.DYN.TO65.FE.ZS,49.432646
Comoros,COM,1983,"Survival to age 65, female (% of cohort)",SP.DYN.TO65.FE.ZS,48.56566
Comoros,COM,1982,"Survival to age 65, female (% of cohort)",SP.DYN.TO65.FE.ZS,48.282837
Comoros,COM,1981,"Survival to age 65, female (% of cohort)",SP.DYN.TO65.FE.ZS,47.678894
Comoros,COM,1980,"Survival to age 65, female (% of cohort)",SP.DYN.TO65.FE.ZS,47.079428
Comoros,COM,1979,"Survival to age 65, female (% of cohort)",SP.DYN.TO65.FE.ZS,46.381019
Comoros,COM,1978,"Survival to age 65, female (% of cohort)",SP.DYN.TO65.FE.ZS,45.819739
Comoros,COM,1977,"Survival to age 65, female (% of cohort)",SP.DYN.TO65.FE.ZS,45.231844
Comoros,COM,1976,"Survival to age 65, female (% of cohort)",SP.DYN.TO65.FE.ZS,44.67155
Comoros,COM,1975,"Survival to age 65, female (% of cohort)",SP.DYN.TO65.FE.ZS,41.882585
Comoros,COM,1974,"Survival to age 65, female (% of cohort)",SP.DYN.TO65.FE.ZS,43.484194
Comoros,COM,1973,"Survival to age 65, female (% of cohort)",SP.DYN.TO65.FE.ZS,42.772161
Comoros,COM,1972,"Survival to age 65, female (% of cohort)",SP.DYN.TO65.FE.ZS,42.028933
Comoros,COM,1971,"Survival to age 65, female (% of cohort)",SP.DYN.TO65.FE.ZS,41.207948
Comoros,COM,1970,"Survival to age 65, female (% of cohort)",SP.DYN.TO65.FE.ZS,40.401865
Comoros,COM,1969,"Survival to age 65, female (% of cohort)",SP.DYN.TO65.FE.ZS,39.651905
Comoros,COM,1968,"Survival to age 65, female (% of cohort)",SP.DYN.TO65.FE.ZS,38.980381
Comoros,COM,1967,"Survival to age 65, female (% of cohort)",SP.DYN.TO65.FE.ZS,38.399811
Comoros,COM,1966,"Survival to age 65, female (% of cohort)",SP.DYN.TO65.FE.ZS,37.892096
Comoros,COM,1965,"Survival to age 65, female (% of cohort)",SP.DYN.TO65.FE.ZS,37.418787
Comoros,COM,1964,"Survival to age 65, female (% of cohort)",SP.DYN.TO65.FE.ZS,36.998817
Comoros,COM,1963,"Survival to age 65, female (% of cohort)",SP.DYN.TO65.FE.ZS,36.605729
Comoros,COM,1962,"Survival to age 65, female (% of cohort)",SP.DYN.TO65.FE.ZS,36.19509
Comoros,COM,1961,"Survival to age 65, female (% of cohort)",SP.DYN.TO65.FE.ZS,35.7846
Comoros,COM,1960,"Survival to age 65, female (% of cohort)",SP.DYN.TO65.FE.ZS,35.403723
Comoros,COM,2023,"Survival to age 65, male (% of cohort)",SP.DYN.TO65.MA.ZS,63.263618
Comoros,COM,2022,"Survival to age 65, male (% of cohort)",SP.DYN.TO65.MA.ZS,62.788103
Comoros,COM,2021,"Survival to age 65, male (% of cohort)",SP.DYN.TO65.MA.ZS,59.509598
Comoros,COM,2020,"Survival to age 65, male (% of cohort)",SP.DYN.TO65.MA.ZS,61.095936
Comoros,COM,2019,"Survival to age 65, male (% of cohort)",SP.DYN.TO65.MA.ZS,61.667414
Comoros,COM,2018,"Survival to age 65, male (% of cohort)",SP.DYN.TO65.MA.ZS,61.293767
Comoros,COM,2017,"Survival to age 65, male (% of cohort)",SP.DYN.TO65.MA.ZS,60.979849
Comoros,COM,2016,"Survival to age 65, male (% of cohort)",SP.DYN.TO65.MA.ZS,60.440263
Comoros,COM,2015,"Survival to age 65, male (% of cohort)",SP.DYN.TO65.MA.ZS,59.992352
Comoros,COM,2014,"Survival to age 65, male (% of cohort)",SP.DYN.TO65.MA.ZS,59.525196
Comoros,COM,2013,"Survival to age 65, male (% of cohort)",SP.DYN.TO65.MA.ZS,59.16998
Comoros,COM,2012,"Survival to age 65, male (% of cohort)",SP.DYN.TO65.MA.ZS,58.589708
Comoros,COM,2011,"Survival to age 65, male (% of cohort)",SP.DYN.TO65.MA.ZS,58.077408
Comoros,COM,2010,"Survival to age 65, male (% of cohort)",SP.DYN.TO65.MA.ZS,57.479156
Comoros,COM,2009,"Survival to age 65, male (% of cohort)",SP.DYN.TO65.MA.ZS,56.689136
Comoros,COM,2008,"Survival to age 65, male (% of cohort)",SP.DYN.TO65.MA.ZS,56.101313
Comoros,COM,2007,"Survival to age 65, male (% of cohort)",SP.DYN.TO65.MA.ZS,55.292002
Comoros,COM,2006,"Survival to age 65, male (% of cohort)",SP.DYN.TO65.MA.ZS,54.930083
Comoros,COM,2005,"Survival to age 65, male (% of cohort)",SP.DYN.TO65.MA.ZS,54.383159
Comoros,COM,2004,"Survival to age 65, male (% of cohort)",SP.DYN.TO65.MA.ZS,53.868695
Comoros,COM,2003,"Survival to age 65, male (% of cohort)",SP.DYN.TO65.MA.ZS,53.397545
Comoros,COM,2002,"Survival to age 65, male (% of cohort)",SP.DYN.TO65.MA.ZS,52.583556
Comoros,COM,2001,"Survival to age 65, male (% of cohort)",SP.DYN.TO65.MA.ZS,52.458705
Comoros,COM,2000,"Survival to age 65, male (% of cohort)",SP.DYN.TO65.MA.ZS,51.406521
Comoros,COM,1999,"Survival to age 65, male (% of cohort)",SP.DYN.TO65.MA.ZS,51.356773
Comoros,COM,1998,"Survival to age 65, male (% of cohort)",SP.DYN.TO65.MA.ZS,50.429648
Comoros,COM,1997,"Survival to age 65, male (% of cohort)",SP.DYN.TO65.MA.ZS,50.085721
Comoros,COM,1996,"Survival to age 65, male (% of cohort)",SP.DYN.TO65.MA.ZS,50.88514
Comoros,COM,1995,"Survival to age 65, male (% of cohort)",SP.DYN.TO65.MA.ZS,50.703058
Comoros,COM,1994,"Survival to age 65, male (% of cohort)",SP.DYN.TO65.MA.ZS,50.462622
Comoros,COM,1993,"Survival to age 65, male (% of cohort)",SP.DYN.TO65.MA.ZS,50.169157
Comoros,COM,1992,"Survival to age 65, male (% of cohort)",SP.DYN.TO65.MA.ZS,49.767663
Comoros,COM,1991,"Survival to age 65, male (% of cohort)",SP.DYN.TO65.MA.ZS,49.25526
Comoros,COM,1990,"Survival to age 65, male (% of cohort)",SP.DYN.TO65.MA.ZS,48.616694
Comoros,COM,1989,"Survival to age 65, male (% of cohort)",SP.DYN.TO65.MA.ZS,47.342264
Comoros,COM,1988,"Survival to age 65, male (% of cohort)",SP.DYN.TO65.MA.ZS,47.203922
Comoros,COM,1987,"Survival to age 65, male (% of cohort)",SP.DYN.TO65.MA.ZS,46.325557
Comoros,COM,1986,"Survival to age 65, male (% of cohort)",SP.DYN.TO65.MA.ZS,45.651219
Comoros,COM,1985,"Survival to age 65, male (% of cohort)",SP.DYN.TO65.MA.ZS,44.907884
Comoros,COM,1984,"Survival to age 65, male (% of cohort)",SP.DYN.TO65.MA.ZS,44.231827
Comoros,COM,1983,"Survival to age 65, male (% of cohort)",SP.DYN.TO65.MA.ZS,43.331096
Comoros,COM,1982,"Survival to age 65, male (% of cohort)",SP.DYN.TO65.MA.ZS,42.765863
Comoros,COM,1981,"Survival to age 65, male (% of cohort)",SP.DYN.TO65.MA.ZS,42.01237
Comoros,COM,1980,"Survival to age 65, male (% of cohort)",SP.DYN.TO65.MA.ZS,41.305199
Comoros,COM,1979,"Survival to age 65, male (% of cohort)",SP.DYN.TO65.MA.ZS,40.600354
Comoros,COM,1978,"Survival to age 65, male (% of cohort)",SP.DYN.TO65.MA.ZS,40.237193
Comoros,COM,1977,"Survival to age 65, male (% of cohort)",SP.DYN.TO65.MA.ZS,39.524023
Comoros,COM,1976,"Survival to age 65, male (% of cohort)",SP.DYN.TO65.MA.ZS,38.779286
Comoros,COM,1975,"Survival to age 65, male (% of cohort)",SP.DYN.TO65.MA.ZS,35.927313
Comoros,COM,1974,"Survival to age 65, male (% of cohort)",SP.DYN.TO65.MA.ZS,37.29324
Comoros,COM,1973,"Survival to age 65, male (% of cohort)",SP.DYN.TO65.MA.ZS,36.464068
Comoros,COM,1972,"Survival to age 65, male (% of cohort)",SP.DYN.TO65.MA.ZS,35.566767
Comoros,COM,1971,"Survival to age 65, male (% of cohort)",SP.DYN.TO65.MA.ZS,34.62801
Comoros,COM,1970,"Survival to age 65, male (% of cohort)",SP.DYN.TO65.MA.ZS,33.652888
Comoros,COM,1969,"Survival to age 65, male (% of cohort)",SP.DYN.TO65.MA.ZS,32.784828
Comoros,COM,1968,"Survival to age 65, male (% of cohort)",SP.DYN.TO65.MA.ZS,32.007917
Comoros,COM,1967,"Survival to age 65, male (% of cohort)",SP.DYN.TO65.MA.ZS,31.301442
Comoros,COM,1966,"Survival to age 65, male (% of cohort)",SP.DYN.TO65.MA.ZS,30.772148
Comoros,COM,1965,"Survival to age 65, male (% of cohort)",SP.DYN.TO65.MA.ZS,30.099949
Comoros,COM,1964,"Survival to age 65, male (% of cohort)",SP.DYN.TO65.MA.ZS,29.801874
Comoros,COM,1963,"Survival to age 65, male (% of cohort)",SP.DYN.TO65.MA.ZS,29.259608
Comoros,COM,1962,"Survival to age 65, male (% of cohort)",SP.DYN.TO65.MA.ZS,28.870635
Comoros,COM,1961,"Survival to age 65, male (% of cohort)",SP.DYN.TO65.MA.ZS,28.478852
Comoros,COM,1960,"Survival to age 65, male (% of cohort)",SP.DYN.TO65.MA.ZS,28.049485
Comoros,COM,2012,Wanted fertility rate (births per woman),SP.DYN.WFRT,3.8
Comoros,COM,1996,Wanted fertility rate (births per woman),SP.DYN.WFRT,3.7
Comoros,COM,2012,Female headed households (% of households with a female head),SP.HOU.FEMA.ZS,39.3
Comoros,COM,1996,Female headed households (% of households with a female head),SP.HOU.FEMA.ZS,32.2
Comoros,COM,2022,Women who were first married by age 15 (% of women ages 20-24),SP.M15.2024.FE.ZS,4.9
Comoros,COM,2012,Women who were first married by age 15 (% of women ages 20-24),SP.M15.2024.FE.ZS,10
Comoros,COM,1996,Women who were first married by age 15 (% of women ages 20-24),SP.M15.2024.FE.ZS,9.2
Comoros,COM,2022,Women who were first married by age 18 (% of women ages 20-24),SP.M18.2024.FE.ZS,20.7
Comoros,COM,2012,Women who were first married by age 18 (% of women ages 20-24),SP.M18.2024.FE.ZS,31.6
Comoros,COM,1996,Women who were first married by age 18 (% of women ages 20-24),SP.M18.2024.FE.ZS,29.7
Comoros,COM,2012,Teenage mothers (% of women ages 15-19 who have had children or are currently pregnant),SP.MTR.1519.ZS,11.3
Comoros,COM,1996,Teenage mothers (% of women ages 15-19 who have had children or are currently pregnant),SP.MTR.1519.ZS,9.1
Comoros,COM,2024,"Population ages 00-04, female (% of female population)",SP.POP.0004.FE.5Y,13.1640489446129
Comoros,COM,2023,"Population ages 00-04, female (% of female population)",SP.POP.0004.FE.5Y,13.3279708533441
Comoros,COM,2022,"Population ages 00-04, female (% of female population)",SP.POP.0004.FE.5Y,13.5010569651774
Comoros,COM,2021,"Population ages 00-04, female (% of female population)",SP.POP.0004.FE.5Y,13.662363211607
Comoros,COM,2020,"Population ages 00-04, female (% of female population)",SP.POP.0004.FE.5Y,13.8093093902902
Comoros,COM,2019,"Population ages 00-04, female (% of female population)",SP.POP.0004.FE.5Y,13.9557223514123
Comoros,COM,2018,"Population ages 00-04, female (% of female population)",SP.POP.0004.FE.5Y,14.102096104255
Comoros,COM,2017,"Population ages 00-04, female (% of female population)",SP.POP.0004.FE.5Y,14.2443212780946
Comoros,COM,2016,"Population ages 00-04, female (% of female population)",SP.POP.0004.FE.5Y,14.411281845667
Comoros,COM,2015,"Population ages 00-04, female (% of female population)",SP.POP.0004.FE.5Y,14.5915508508495
Comoros,COM,2014,"Population ages 00-04, female (% of female population)",SP.POP.0004.FE.5Y,14.7334893981002
Comoros,COM,2013,"Population ages 00-04, female (% of female population)",SP.POP.0004.FE.5Y,14.8088258082289
Comoros,COM,2012,"Population ages 00-04, female (% of female population)",SP.POP.0004.FE.5Y,14.8046417700773
Comoros,COM,2011,"Population ages 00-04, female (% of female population)",SP.POP.0004.FE.5Y,14.7596185406434
Comoros,COM,2010,"Population ages 00-04, female (% of female population)",SP.POP.0004.FE.5Y,14.7196727170417
Comoros,COM,2009,"Population ages 00-04, female (% of female population)",SP.POP.0004.FE.5Y,14.6911195714179
Comoros,COM,2008,"Population ages 00-04, female (% of female population)",SP.POP.0004.FE.5Y,14.6866981000897
Comoros,COM,2007,"Population ages 00-04, female (% of female population)",SP.POP.0004.FE.5Y,14.7498816169673
Comoros,COM,2006,"Population ages 00-04, female (% of female population)",SP.POP.0004.FE.5Y,14.9129778011296
Comoros,COM,2005,"Population ages 00-04, female (% of female population)",SP.POP.0004.FE.5Y,15.1737774302806
Comoros,COM,2004,"Population ages 00-04, female (% of female population)",SP.POP.0004.FE.5Y,15.5313826108488
Comoros,COM,2003,"Population ages 00-04, female (% of female population)",SP.POP.0004.FE.5Y,15.9093282283328
Comoros,COM,2002,"Population ages 00-04, female (% of female population)",SP.POP.0004.FE.5Y,16.1318048021493
Comoros,COM,2001,"Population ages 00-04, female (% of female population)",SP.POP.0004.FE.5Y,16.1750107391805
Comoros,COM,2000,"Population ages 00-04, female (% of female population)",SP.POP.0004.FE.5Y,16.1582805468114
Comoros,COM,1999,"Population ages 00-04, female (% of female population)",SP.POP.0004.FE.5Y,16.1897179423924
Comoros,COM,1998,"Population ages 00-04, female (% of female population)",SP.POP.0004.FE.5Y,16.4174139179795
Comoros,COM,1997,"Population ages 00-04, female (% of female population)",SP.POP.0004.FE.5Y,16.8045921843067
Comoros,COM,1996,"Population ages 00-04, female (% of female population)",SP.POP.0004.FE.5Y,17.1777835575627
Comoros,COM,1995,"Population ages 00-04, female (% of female population)",SP.POP.0004.FE.5Y,17.5009879460551
Comoros,COM,1994,"Population ages 00-04, female (% of female population)",SP.POP.0004.FE.5Y,17.7682869788826
Comoros,COM,1993,"Population ages 00-04, female (% of female population)",SP.POP.0004.FE.5Y,17.9482165369237
Comoros,COM,1992,"Population ages 00-04, female (% of female population)",SP.POP.0004.FE.5Y,18.0191391211438
Comoros,COM,1991,"Population ages 00-04, female (% of female population)",SP.POP.0004.FE.5Y,18.1259154612191
Comoros,COM,1990,"Population ages 00-04, female (% of female population)",SP.POP.0004.FE.5Y,18.3065059319641
Comoros,COM,1989,"Population ages 00-04, female (% of female population)",SP.POP.0004.FE.5Y,18.4485089899138
Comoros,COM,1988,"Population ages 00-04, female (% of female population)",SP.POP.0004.FE.5Y,18.5528330061891
Comoros,COM,1987,"Population ages 00-04, female (% of female population)",SP.POP.0004.FE.5Y,18.6217936336244
Comoros,COM,1986,"Population ages 00-04, female (% of female population)",SP.POP.0004.FE.5Y,18.656727540091
Comoros,COM,1985,"Population ages 00-04, female (% of female population)",SP.POP.0004.FE.5Y,18.6577122873037
Comoros,COM,1984,"Population ages 00-04, female (% of female population)",SP.POP.0004.FE.5Y,18.630665431657
Comoros,COM,1983,"Population ages 00-04, female (% of female population)",SP.POP.0004.FE.5Y,18.5863094432016
Comoros,COM,1982,"Population ages 00-04, female (% of female population)",SP.POP.0004.FE.5Y,18.5297306940739
Comoros,COM,1981,"Population ages 00-04, female (% of female population)",SP.POP.0004.FE.5Y,18.4751894107826
Comoros,COM,1980,"Population ages 00-04, female (% of female population)",SP.POP.0004.FE.5Y,18.4485803559299
Comoros,COM,1979,"Population ages 00-04, female (% of female population)",SP.POP.0004.FE.5Y,18.4321782404237
Comoros,COM,1978,"Population ages 00-04, female (% of female population)",SP.POP.0004.FE.5Y,18.4069134654939
Comoros,COM,1977,"Population ages 00-04, female (% of female population)",SP.POP.0004.FE.5Y,18.3804935613969
Comoros,COM,1976,"Population ages 00-04, female (% of female population)",SP.POP.0004.FE.5Y,18.3467404336265
Comoros,COM,1975,"Population ages 00-04, female (% of female population)",SP.POP.0004.FE.5Y,18.3044642671778
Comoros,COM,1974,"Population ages 00-04, female (% of female population)",SP.POP.0004.FE.5Y,18.2559602980507
Comoros,COM,1973,"Population ages 00-04, female (% of female population)",SP.POP.0004.FE.5Y,18.2079451508278
Comoros,COM,1972,"Population ages 00-04, female (% of female population)",SP.POP.0004.FE.5Y,18.1675680211138
Comoros,COM,1971,"Population ages 00-04, female (% of female population)",SP.POP.0004.FE.5Y,18.1416886657723
Comoros,COM,1970,"Population ages 00-04, female (% of female population)",SP.POP.0004.FE.5Y,18.1293307222297
Comoros,COM,1969,"Population ages 00-04, female (% of female population)",SP.POP.0004.FE.5Y,18.1282692460226
Comoros,COM,1968,"Population ages 00-04, female (% of female population)",SP.POP.0004.FE.5Y,18.1417582559173
Comoros,COM,1967,"Population ages 00-04, female (% of female population)",SP.POP.0004.FE.5Y,18.1677279190328
Comoros,COM,1966,"Population ages 00-04, female (% of female population)",SP.POP.0004.FE.5Y,18.1920903954802
Comoros,COM,1965,"Population ages 00-04, female (% of female population)",SP.POP.0004.FE.5Y,18.1913035484464
Comoros,COM,1964,"Population ages 00-04, female (% of female population)",SP.POP.0004.FE.5Y,18.1685381721785
Comoros,COM,1963,"Population ages 00-04, female (% of female population)",SP.POP.0004.FE.5Y,18.1334345279036
Comoros,COM,1962,"Population ages 00-04, female (% of female population)",SP.POP.0004.FE.5Y,18.0776354375675
Comoros,COM,1961,"Population ages 00-04, female (% of female population)",SP.POP.0004.FE.5Y,18.0064860833771
Comoros,COM,1960,"Population ages 00-04, female (% of female population)",SP.POP.0004.FE.5Y,17.9243964294986
Comoros,COM,2024,"Population ages 00-04, male (% of male population)",SP.POP.0004.MA.5Y,13.3555675637226
Comoros,COM,2023,"Population ages 00-04, male (% of male population)",SP.POP.0004.MA.5Y,13.5163445149253
Comoros,COM,2022,"Population ages 00-04, male (% of male population)",SP.POP.0004.MA.5Y,13.6902569969551
Comoros,COM,2021,"Population ages 00-04, male (% of male population)",SP.POP.0004.MA.5Y,13.8513016843469
Comoros,COM,2020,"Population ages 00-04, male (% of male population)",SP.POP.0004.MA.5Y,13.9944934985119
Comoros,COM,2019,"Population ages 00-04, male (% of male population)",SP.POP.0004.MA.5Y,14.1413158579765
Comoros,COM,2018,"Population ages 00-04, male (% of male population)",SP.POP.0004.MA.5Y,14.3000342722557
Comoros,COM,2017,"Population ages 00-04, male (% of male population)",SP.POP.0004.MA.5Y,14.4644525598283
Comoros,COM,2016,"Population ages 00-04, male (% of male population)",SP.POP.0004.MA.5Y,14.6827707807212
Comoros,COM,2015,"Population ages 00-04, male (% of male population)",SP.POP.0004.MA.5Y,14.9341240460267
Comoros,COM,2014,"Population ages 00-04, male (% of male population)",SP.POP.0004.MA.5Y,15.1309554065002
Comoros,COM,2013,"Population ages 00-04, male (% of male population)",SP.POP.0004.MA.5Y,15.2357753271721
Comoros,COM,2012,"Population ages 00-04, male (% of male population)",SP.POP.0004.MA.5Y,15.2481471512681
Comoros,COM,2011,"Population ages 00-04, male (% of male population)",SP.POP.0004.MA.5Y,15.2226347312584
Comoros,COM,2010,"Population ages 00-04, male (% of male population)",SP.POP.0004.MA.5Y,15.2046272485689
Comoros,COM,2009,"Population ages 00-04, male (% of male population)",SP.POP.0004.MA.5Y,15.1993374984932
Comoros,COM,2008,"Population ages 00-04, male (% of male population)",SP.POP.0004.MA.5Y,15.2195313723547
Comoros,COM,2007,"Population ages 00-04, male (% of male population)",SP.POP.0004.MA.5Y,15.3758562579631
Comoros,COM,2006,"Population ages 00-04, male (% of male population)",SP.POP.0004.MA.5Y,15.6976414984362
Comoros,COM,2005,"Population ages 00-04, male (% of male population)",SP.POP.0004.MA.5Y,16.1090487988614
Comoros,COM,2004,"Population ages 00-04, male (% of male population)",SP.POP.0004.MA.5Y,16.6088643361647
Comoros,COM,2003,"Population ages 00-04, male (% of male population)",SP.POP.0004.MA.5Y,17.1024522340906
Comoros,COM,2002,"Population ages 00-04, male (% of male population)",SP.POP.0004.MA.5Y,17.3396464327135
Comoros,COM,2001,"Population ages 00-04, male (% of male population)",SP.POP.0004.MA.5Y,17.3264321957683
Comoros,COM,2000,"Population ages 00-04, male (% of male population)",SP.POP.0004.MA.5Y,17.2601167455198
Comoros,COM,1999,"Population ages 00-04, male (% of male population)",SP.POP.0004.MA.5Y,17.2361405444112
Comoros,COM,1998,"Population ages 00-04, male (% of male population)",SP.POP.0004.MA.5Y,17.4263934568456
Comoros,COM,1997,"Population ages 00-04, male (% of male population)",SP.POP.0004.MA.5Y,17.798500955195
Comoros,COM,1996,"Population ages 00-04, male (% of male population)",SP.POP.0004.MA.5Y,18.1529168653632
Comoros,COM,1995,"Population ages 00-04, male (% of male population)",SP.POP.0004.MA.5Y,18.4549053894746
Comoros,COM,1994,"Population ages 00-04, male (% of male population)",SP.POP.0004.MA.5Y,18.6967018336255
Comoros,COM,1993,"Population ages 00-04, male (% of male population)",SP.POP.0004.MA.5Y,18.8473653759616
Comoros,COM,1992,"Population ages 00-04, male (% of male population)",SP.POP.0004.MA.5Y,18.8861578858984
Comoros,COM,1991,"Population ages 00-04, male (% of male population)",SP.POP.0004.MA.5Y,18.9450084075481
Comoros,COM,1990,"Population ages 00-04, male (% of male population)",SP.POP.0004.MA.5Y,19.0746616531085
Comoros,COM,1989,"Population ages 00-04, male (% of male population)",SP.POP.0004.MA.5Y,19.1791438482476
Comoros,COM,1988,"Population ages 00-04, male (% of male population)",SP.POP.0004.MA.5Y,19.2456852670284
Comoros,COM,1987,"Population ages 00-04, male (% of male population)",SP.POP.0004.MA.5Y,19.2735713126564
Comoros,COM,1986,"Population ages 00-04, male (% of male population)",SP.POP.0004.MA.5Y,19.2648945088019
Comoros,COM,1985,"Population ages 00-04, male (% of male population)",SP.POP.0004.MA.5Y,19.2207731573705
Comoros,COM,1984,"Population ages 00-04, male (% of male population)",SP.POP.0004.MA.5Y,19.1459537533744
Comoros,COM,1983,"Population ages 00-04, male (% of male population)",SP.POP.0004.MA.5Y,19.0519865954092
Comoros,COM,1982,"Population ages 00-04, male (% of male population)",SP.POP.0004.MA.5Y,18.9454943311742
Comoros,COM,1981,"Population ages 00-04, male (% of male population)",SP.POP.0004.MA.5Y,18.838825595637
Comoros,COM,1980,"Population ages 00-04, male (% of male population)",SP.POP.0004.MA.5Y,18.7684808037146
Comoros,COM,1979,"Population ages 00-04, male (% of male population)",SP.POP.0004.MA.5Y,18.7287676929522
Comoros,COM,1978,"Population ages 00-04, male (% of male population)",SP.POP.0004.MA.5Y,18.6971680997081
Comoros,COM,1977,"Population ages 00-04, male (% of male population)",SP.POP.0004.MA.5Y,18.6791868407753
Comoros,COM,1976,"Population ages 00-04, male (% of male population)",SP.POP.0004.MA.5Y,18.6678269551198
Comoros,COM,1975,"Population ages 00-04, male (% of male population)",SP.POP.0004.MA.5Y,18.6612845215606
Comoros,COM,1974,"Population ages 00-04, male (% of male population)",SP.POP.0004.MA.5Y,18.6550968292665
Comoros,COM,1973,"Population ages 00-04, male (% of male population)",SP.POP.0004.MA.5Y,18.6481251849715
Comoros,COM,1972,"Population ages 00-04, male (% of male population)",SP.POP.0004.MA.5Y,18.6443371905953
Comoros,COM,1971,"Population ages 00-04, male (% of male population)",SP.POP.0004.MA.5Y,18.6493450289117
Comoros,COM,1970,"Population ages 00-04, male (% of male population)",SP.POP.0004.MA.5Y,18.6629710834402
Comoros,COM,1969,"Population ages 00-04, male (% of male population)",SP.POP.0004.MA.5Y,18.6817311342282
Comoros,COM,1968,"Population ages 00-04, male (% of male population)",SP.POP.0004.MA.5Y,18.7098077801595
Comoros,COM,1967,"Population ages 00-04, male (% of male population)",SP.POP.0004.MA.5Y,18.7460735705537
Comoros,COM,1966,"Population ages 00-04, male (% of male population)",SP.POP.0004.MA.5Y,18.7730243062626
Comoros,COM,1965,"Population ages 00-04, male (% of male population)",SP.POP.0004.MA.5Y,18.7739553806021
Comoros,COM,1964,"Population ages 00-04, male (% of male population)",SP.POP.0004.MA.5Y,18.7539170330538
Comoros,COM,1963,"Population ages 00-04, male (% of male population)",SP.POP.0004.MA.5Y,18.7160676409348
Comoros,COM,1962,"Population ages 00-04, male (% of male population)",SP.POP.0004.MA.5Y,18.6564394408017
Comoros,COM,1961,"Population ages 00-04, male (% of male population)",SP.POP.0004.MA.5Y,18.5798238502173
Comoros,COM,1960,"Population ages 00-04, male (% of male population)",SP.POP.0004.MA.5Y,18.4902507534907
Comoros,COM,2024,"Population ages 0-14, female",SP.POP.0014.FE.IN,158617
Comoros,COM,2023,"Population ages 0-14, female",SP.POP.0014.FE.IN,156719
Comoros,COM,2022,"Population ages 0-14, female",SP.POP.0014.FE.IN,154881
Comoros,COM,2021,"Population ages 0-14, female",SP.POP.0014.FE.IN,152873
Comoros,COM,2020,"Population ages 0-14, female",SP.POP.0014.FE.IN,150714
Comoros,COM,2019,"Population ages 0-14, female",SP.POP.0014.FE.IN,148694
Comoros,COM,2018,"Population ages 0-14, female",SP.POP.0014.FE.IN,146886
Comoros,COM,2017,"Population ages 0-14, female",SP.POP.0014.FE.IN,145175
Comoros,COM,2016,"Population ages 0-14, female",SP.POP.0014.FE.IN,143393
Comoros,COM,2015,"Population ages 0-14, female",SP.POP.0014.FE.IN,141405
Comoros,COM,2014,"Population ages 0-14, female",SP.POP.0014.FE.IN,139331
Comoros,COM,2013,"Population ages 0-14, female",SP.POP.0014.FE.IN,137259
Comoros,COM,2012,"Population ages 0-14, female",SP.POP.0014.FE.IN,135649
Comoros,COM,2011,"Population ages 0-14, female",SP.POP.0014.FE.IN,134560
Comoros,COM,2010,"Population ages 0-14, female",SP.POP.0014.FE.IN,133636
Comoros,COM,2009,"Population ages 0-14, female",SP.POP.0014.FE.IN,132834
Comoros,COM,2008,"Population ages 0-14, female",SP.POP.0014.FE.IN,132085
Comoros,COM,2007,"Population ages 0-14, female",SP.POP.0014.FE.IN,131336
Comoros,COM,2006,"Population ages 0-14, female",SP.POP.0014.FE.IN,130565
Comoros,COM,2005,"Population ages 0-14, female",SP.POP.0014.FE.IN,129783
Comoros,COM,2004,"Population ages 0-14, female",SP.POP.0014.FE.IN,129041
Comoros,COM,2003,"Population ages 0-14, female",SP.POP.0014.FE.IN,128071
Comoros,COM,2002,"Population ages 0-14, female",SP.POP.0014.FE.IN,126772
Comoros,COM,2001,"Population ages 0-14, female",SP.POP.0014.FE.IN,125440
Comoros,COM,2000,"Population ages 0-14, female",SP.POP.0014.FE.IN,124254
Comoros,COM,1999,"Population ages 0-14, female",SP.POP.0014.FE.IN,123364
Comoros,COM,1998,"Population ages 0-14, female",SP.POP.0014.FE.IN,122267
Comoros,COM,1997,"Population ages 0-14, female",SP.POP.0014.FE.IN,120638
Comoros,COM,1996,"Population ages 0-14, female",SP.POP.0014.FE.IN,118714
Comoros,COM,1995,"Population ages 0-14, female",SP.POP.0014.FE.IN,116553
Comoros,COM,1994,"Population ages 0-14, female",SP.POP.0014.FE.IN,114199
Comoros,COM,1993,"Population ages 0-14, female",SP.POP.0014.FE.IN,111619
Comoros,COM,1992,"Population ages 0-14, female",SP.POP.0014.FE.IN,108805
Comoros,COM,1991,"Population ages 0-14, female",SP.POP.0014.FE.IN,106181
Comoros,COM,1990,"Population ages 0-14, female",SP.POP.0014.FE.IN,103699
Comoros,COM,1989,"Population ages 0-14, female",SP.POP.0014.FE.IN,101030
Comoros,COM,1988,"Population ages 0-14, female",SP.POP.0014.FE.IN,98346
Comoros,COM,1987,"Population ages 0-14, female",SP.POP.0014.FE.IN,95688
Comoros,COM,1986,"Population ages 0-14, female",SP.POP.0014.FE.IN,93054
Comoros,COM,1985,"Population ages 0-14, female",SP.POP.0014.FE.IN,90471
Comoros,COM,1984,"Population ages 0-14, female",SP.POP.0014.FE.IN,87977
Comoros,COM,1983,"Population ages 0-14, female",SP.POP.0014.FE.IN,85591
Comoros,COM,1982,"Population ages 0-14, female",SP.POP.0014.FE.IN,83290
Comoros,COM,1981,"Population ages 0-14, female",SP.POP.0014.FE.IN,81064
Comoros,COM,1980,"Population ages 0-14, female",SP.POP.0014.FE.IN,78863
Comoros,COM,1979,"Population ages 0-14, female",SP.POP.0014.FE.IN,76554
Comoros,COM,1978,"Population ages 0-14, female",SP.POP.0014.FE.IN,74134
Comoros,COM,1977,"Population ages 0-14, female",SP.POP.0014.FE.IN,71673
Comoros,COM,1976,"Population ages 0-14, female",SP.POP.0014.FE.IN,69194
Comoros,COM,1975,"Population ages 0-14, female",SP.POP.0014.FE.IN,66729
Comoros,COM,1974,"Population ages 0-14, female",SP.POP.0014.FE.IN,64306
Comoros,COM,1973,"Population ages 0-14, female",SP.POP.0014.FE.IN,61977
Comoros,COM,1972,"Population ages 0-14, female",SP.POP.0014.FE.IN,59778
Comoros,COM,1971,"Population ages 0-14, female",SP.POP.0014.FE.IN,57715
Comoros,COM,1970,"Population ages 0-14, female",SP.POP.0014.FE.IN,55773
Comoros,COM,1969,"Population ages 0-14, female",SP.POP.0014.FE.IN,53909
Comoros,COM,1968,"Population ages 0-14, female",SP.POP.0014.FE.IN,52090
Comoros,COM,1967,"Population ages 0-14, female",SP.POP.0014.FE.IN,50301
Comoros,COM,1966,"Population ages 0-14, female",SP.POP.0014.FE.IN,48760
Comoros,COM,1965,"Population ages 0-14, female",SP.POP.0014.FE.IN,47581
Comoros,COM,1964,"Population ages 0-14, female",SP.POP.0014.FE.IN,46349
Comoros,COM,1963,"Population ages 0-14, female",SP.POP.0014.FE.IN,44923
Comoros,COM,1962,"Population ages 0-14, female",SP.POP.0014.FE.IN,43544
Comoros,COM,1961,"Population ages 0-14, female",SP.POP.0014.FE.IN,42273
Comoros,COM,1960,"Population ages 0-14, female",SP.POP.0014.FE.IN,41085
Comoros,COM,2024,"Population ages 0-14, female (% of female population)",SP.POP.0014.FE.ZS,36.8181359219245
Comoros,COM,2023,"Population ages 0-14, female (% of female population)",SP.POP.0014.FE.ZS,37.0766992358466
Comoros,COM,2022,"Population ages 0-14, female (% of female population)",SP.POP.0014.FE.ZS,37.3539814364838
Comoros,COM,2021,"Population ages 0-14, female (% of female population)",SP.POP.0014.FE.ZS,37.5931390630764
Comoros,COM,2020,"Population ages 0-14, female (% of female population)",SP.POP.0014.FE.ZS,37.8071219557471
Comoros,COM,2019,"Population ages 0-14, female (% of female population)",SP.POP.0014.FE.ZS,38.0390486496443
Comoros,COM,2018,"Population ages 0-14, female (% of female population)",SP.POP.0014.FE.ZS,38.29933693331
Comoros,COM,2017,"Population ages 0-14, female (% of female population)",SP.POP.0014.FE.ZS,38.5913845581296
Comoros,COM,2016,"Population ages 0-14, female (% of female population)",SP.POP.0014.FE.ZS,38.8469728329775
Comoros,COM,2015,"Population ages 0-14, female (% of female population)",SP.POP.0014.FE.ZS,39.031425535145
Comoros,COM,2014,"Population ages 0-14, female (% of female population)",SP.POP.0014.FE.ZS,39.2031130419124
Comoros,COM,2013,"Population ages 0-14, female (% of female population)",SP.POP.0014.FE.ZS,39.3881392799545
Comoros,COM,2012,"Population ages 0-14, female (% of female population)",SP.POP.0014.FE.ZS,39.7004507141185
Comoros,COM,2011,"Population ages 0-14, female (% of female population)",SP.POP.0014.FE.ZS,40.1511037376094
Comoros,COM,2010,"Population ages 0-14, female (% of female population)",SP.POP.0014.FE.ZS,40.6475700913259
Comoros,COM,2009,"Population ages 0-14, female (% of female population)",SP.POP.0014.FE.ZS,41.1821969790917
Comoros,COM,2008,"Population ages 0-14, female (% of female population)",SP.POP.0014.FE.ZS,41.7414579883452
Comoros,COM,2007,"Population ages 0-14, female (% of female population)",SP.POP.0014.FE.ZS,42.3073577873486
Comoros,COM,2006,"Population ages 0-14, female (% of female population)",SP.POP.0014.FE.ZS,42.875508997767
Comoros,COM,2005,"Population ages 0-14, female (% of female population)",SP.POP.0014.FE.ZS,43.4575003306618
Comoros,COM,2004,"Population ages 0-14, female (% of female population)",SP.POP.0014.FE.ZS,44.0717560771523
Comoros,COM,2003,"Population ages 0-14, female (% of female population)",SP.POP.0014.FE.ZS,44.5776192133658
Comoros,COM,2002,"Population ages 0-14, female (% of female population)",SP.POP.0014.FE.ZS,44.9317636884646
Comoros,COM,2001,"Population ages 0-14, female (% of female population)",SP.POP.0014.FE.ZS,45.2814387253044
Comoros,COM,2000,"Population ages 0-14, female (% of female population)",SP.POP.0014.FE.ZS,45.6669110742356
Comoros,COM,1999,"Population ages 0-14, female (% of female population)",SP.POP.0014.FE.ZS,46.1115222738045
Comoros,COM,1998,"Population ages 0-14, female (% of female population)",SP.POP.0014.FE.ZS,46.4860970384325
Comoros,COM,1997,"Population ages 0-14, female (% of female population)",SP.POP.0014.FE.ZS,46.6954000743172
Comoros,COM,1996,"Population ages 0-14, female (% of female population)",SP.POP.0014.FE.ZS,46.7825644905776
Comoros,COM,1995,"Population ages 0-14, female (% of female population)",SP.POP.0014.FE.ZS,46.7606402291634
Comoros,COM,1994,"Population ages 0-14, female (% of female population)",SP.POP.0014.FE.ZS,46.6502041474927
Comoros,COM,1993,"Population ages 0-14, female (% of female population)",SP.POP.0014.FE.ZS,46.4405630193013
Comoros,COM,1992,"Population ages 0-14, female (% of female population)",SP.POP.0014.FE.ZS,46.1327442633516
Comoros,COM,1991,"Population ages 0-14, female (% of female population)",SP.POP.0014.FE.ZS,46.014222692171
Comoros,COM,1990,"Population ages 0-14, female (% of female population)",SP.POP.0014.FE.ZS,46.103932190881
Comoros,COM,1989,"Population ages 0-14, female (% of female population)",SP.POP.0014.FE.ZS,46.1509647712323
Comoros,COM,1988,"Population ages 0-14, female (% of female population)",SP.POP.0014.FE.ZS,46.1815697286738
Comoros,COM,1987,"Population ages 0-14, female (% of female population)",SP.POP.0014.FE.ZS,46.2064436374875
Comoros,COM,1986,"Population ages 0-14, female (% of female population)",SP.POP.0014.FE.ZS,46.228364763627
Comoros,COM,1985,"Population ages 0-14, female (% of female population)",SP.POP.0014.FE.ZS,46.2565956315445
Comoros,COM,1984,"Population ages 0-14, female (% of female population)",SP.POP.0014.FE.ZS,46.3010230932783
Comoros,COM,1983,"Population ages 0-14, female (% of female population)",SP.POP.0014.FE.ZS,46.3633950674127
Comoros,COM,1982,"Population ages 0-14, female (% of female population)",SP.POP.0014.FE.ZS,46.4351321441613
Comoros,COM,1981,"Population ages 0-14, female (% of female population)",SP.POP.0014.FE.ZS,46.5111408826069
Comoros,COM,1980,"Population ages 0-14, female (% of female population)",SP.POP.0014.FE.ZS,46.5812773548017
Comoros,COM,1979,"Population ages 0-14, female (% of female population)",SP.POP.0014.FE.ZS,46.6018353650185
Comoros,COM,1978,"Population ages 0-14, female (% of female population)",SP.POP.0014.FE.ZS,46.5591252657395
Comoros,COM,1977,"Population ages 0-14, female (% of female population)",SP.POP.0014.FE.ZS,46.4727088817709
Comoros,COM,1976,"Population ages 0-14, female (% of female population)",SP.POP.0014.FE.ZS,46.3459232814687
Comoros,COM,1975,"Population ages 0-14, female (% of female population)",SP.POP.0014.FE.ZS,46.1782800357086
Comoros,COM,1974,"Population ages 0-14, female (% of female population)",SP.POP.0014.FE.ZS,45.9847542226227
Comoros,COM,1973,"Population ages 0-14, female (% of female population)",SP.POP.0014.FE.ZS,45.7891587183143
Comoros,COM,1972,"Population ages 0-14, female (% of female population)",SP.POP.0014.FE.ZS,45.5976018123708
Comoros,COM,1971,"Population ages 0-14, female (% of female population)",SP.POP.0014.FE.ZS,45.4128422319879
Comoros,COM,1970,"Population ages 0-14, female (% of female population)",SP.POP.0014.FE.ZS,45.2264240448591
Comoros,COM,1969,"Population ages 0-14, female (% of female population)",SP.POP.0014.FE.ZS,45.0102904280234
Comoros,COM,1968,"Population ages 0-14, female (% of female population)",SP.POP.0014.FE.ZS,44.7445164560007
Comoros,COM,1967,"Population ages 0-14, female (% of female population)",SP.POP.0014.FE.ZS,44.4233469632874
Comoros,COM,1966,"Population ages 0-14, female (% of female population)",SP.POP.0014.FE.ZS,44.0768361581921
Comoros,COM,1965,"Population ages 0-14, female (% of female population)",SP.POP.0014.FE.ZS,43.7401176686891
Comoros,COM,1964,"Population ages 0-14, female (% of female population)",SP.POP.0014.FE.ZS,43.2625801573745
Comoros,COM,1963,"Population ages 0-14, female (% of female population)",SP.POP.0014.FE.ZS,42.6188838555131
Comoros,COM,1962,"Population ages 0-14, female (% of female population)",SP.POP.0014.FE.ZS,42.0049390338015
Comoros,COM,1961,"Population ages 0-14, female (% of female population)",SP.POP.0014.FE.ZS,41.4800241388277
Comoros,COM,1960,"Population ages 0-14, female (% of female population)",SP.POP.0014.FE.ZS,41.0213271561795
Comoros,COM,2024,"Population ages 0-14, male",SP.POP.0014.MA.IN,163087
Comoros,COM,2023,"Population ages 0-14, male",SP.POP.0014.MA.IN,161337
Comoros,COM,2022,"Population ages 0-14, male",SP.POP.0014.MA.IN,159764
Comoros,COM,2021,"Population ages 0-14, male",SP.POP.0014.MA.IN,158067
Comoros,COM,2020,"Population ages 0-14, male",SP.POP.0014.MA.IN,156255
Comoros,COM,2019,"Population ages 0-14, male",SP.POP.0014.MA.IN,154636
Comoros,COM,2018,"Population ages 0-14, male",SP.POP.0014.MA.IN,153273
Comoros,COM,2017,"Population ages 0-14, male",SP.POP.0014.MA.IN,152026
Comoros,COM,2016,"Population ages 0-14, male",SP.POP.0014.MA.IN,150253
Comoros,COM,2015,"Population ages 0-14, male",SP.POP.0014.MA.IN,147740
Comoros,COM,2014,"Population ages 0-14, male",SP.POP.0014.MA.IN,145035
Comoros,COM,2013,"Population ages 0-14, male",SP.POP.0014.MA.IN,142271
Comoros,COM,2012,"Population ages 0-14, male",SP.POP.0014.MA.IN,140403
Comoros,COM,2011,"Population ages 0-14, male",SP.POP.0014.MA.IN,139522
Comoros,COM,2010,"Population ages 0-14, male",SP.POP.0014.MA.IN,138852
Comoros,COM,2009,"Population ages 0-14, male",SP.POP.0014.MA.IN,138371
Comoros,COM,2008,"Population ages 0-14, male",SP.POP.0014.MA.IN,138028
Comoros,COM,2007,"Population ages 0-14, male",SP.POP.0014.MA.IN,137754
Comoros,COM,2006,"Population ages 0-14, male",SP.POP.0014.MA.IN,137467
Comoros,COM,2005,"Population ages 0-14, male",SP.POP.0014.MA.IN,137097
Comoros,COM,2004,"Population ages 0-14, male",SP.POP.0014.MA.IN,136598
Comoros,COM,2003,"Population ages 0-14, male",SP.POP.0014.MA.IN,135676
Comoros,COM,2002,"Population ages 0-14, male",SP.POP.0014.MA.IN,133414
Comoros,COM,2001,"Population ages 0-14, male",SP.POP.0014.MA.IN,130335
Comoros,COM,2000,"Population ages 0-14, male",SP.POP.0014.MA.IN,127746
Comoros,COM,1999,"Population ages 0-14, male",SP.POP.0014.MA.IN,125857
Comoros,COM,1998,"Population ages 0-14, male",SP.POP.0014.MA.IN,124306
Comoros,COM,1997,"Population ages 0-14, male",SP.POP.0014.MA.IN,122569
Comoros,COM,1996,"Population ages 0-14, male",SP.POP.0014.MA.IN,120542
Comoros,COM,1995,"Population ages 0-14, male",SP.POP.0014.MA.IN,118285
Comoros,COM,1994,"Population ages 0-14, male",SP.POP.0014.MA.IN,115836
Comoros,COM,1993,"Population ages 0-14, male",SP.POP.0014.MA.IN,113168
Comoros,COM,1992,"Population ages 0-14, male",SP.POP.0014.MA.IN,110283
Comoros,COM,1991,"Population ages 0-14, male",SP.POP.0014.MA.IN,107615
Comoros,COM,1990,"Population ages 0-14, male",SP.POP.0014.MA.IN,105084
Comoros,COM,1989,"Population ages 0-14, male",SP.POP.0014.MA.IN,102333
Comoros,COM,1988,"Population ages 0-14, male",SP.POP.0014.MA.IN,99567
Comoros,COM,1987,"Population ages 0-14, male",SP.POP.0014.MA.IN,96837
Comoros,COM,1986,"Population ages 0-14, male",SP.POP.0014.MA.IN,94136
Comoros,COM,1985,"Population ages 0-14, male",SP.POP.0014.MA.IN,91484
Comoros,COM,1984,"Population ages 0-14, male",SP.POP.0014.MA.IN,88928
Comoros,COM,1983,"Population ages 0-14, male",SP.POP.0014.MA.IN,86491
Comoros,COM,1982,"Population ages 0-14, male",SP.POP.0014.MA.IN,84148
Comoros,COM,1981,"Population ages 0-14, male",SP.POP.0014.MA.IN,81883
Comoros,COM,1980,"Population ages 0-14, male",SP.POP.0014.MA.IN,79567
Comoros,COM,1979,"Population ages 0-14, male",SP.POP.0014.MA.IN,77087
Comoros,COM,1978,"Population ages 0-14, male",SP.POP.0014.MA.IN,74530
Comoros,COM,1977,"Population ages 0-14, male",SP.POP.0014.MA.IN,71960
Comoros,COM,1976,"Population ages 0-14, male",SP.POP.0014.MA.IN,69404
Comoros,COM,1975,"Population ages 0-14, male",SP.POP.0014.MA.IN,66904
Comoros,COM,1974,"Population ages 0-14, male",SP.POP.0014.MA.IN,64479
Comoros,COM,1973,"Population ages 0-14, male",SP.POP.0014.MA.IN,62157
Comoros,COM,1972,"Population ages 0-14, male",SP.POP.0014.MA.IN,59965
Comoros,COM,1971,"Population ages 0-14, male",SP.POP.0014.MA.IN,57907
Comoros,COM,1970,"Population ages 0-14, male",SP.POP.0014.MA.IN,55956
Comoros,COM,1969,"Population ages 0-14, male",SP.POP.0014.MA.IN,54046
Comoros,COM,1968,"Population ages 0-14, male",SP.POP.0014.MA.IN,52129
Comoros,COM,1967,"Population ages 0-14, male",SP.POP.0014.MA.IN,50184
Comoros,COM,1966,"Population ages 0-14, male",SP.POP.0014.MA.IN,48507
Comoros,COM,1965,"Population ages 0-14, male",SP.POP.0014.MA.IN,47291
Comoros,COM,1964,"Population ages 0-14, male",SP.POP.0014.MA.IN,46114
Comoros,COM,1963,"Population ages 0-14, male",SP.POP.0014.MA.IN,44777
Comoros,COM,1962,"Population ages 0-14, male",SP.POP.0014.MA.IN,43482
Comoros,COM,1961,"Population ages 0-14, male",SP.POP.0014.MA.IN,42296
Comoros,COM,1960,"Population ages 0-14, male",SP.POP.0014.MA.IN,41208
Comoros,COM,2024,"Population ages 0-14, male (% of male population)",SP.POP.0014.MA.ZS,37.4211964035157
Comoros,COM,2023,"Population ages 0-14, male (% of male population)",SP.POP.0014.MA.ZS,37.722265996722
Comoros,COM,2022,"Population ages 0-14, male (% of male population)",SP.POP.0014.MA.ZS,38.0790475679734
Comoros,COM,2021,"Population ages 0-14, male (% of male population)",SP.POP.0014.MA.ZS,38.4101068101656
Comoros,COM,2020,"Population ages 0-14, male (% of male population)",SP.POP.0014.MA.ZS,38.722823729998
Comoros,COM,2019,"Population ages 0-14, male (% of male population)",SP.POP.0014.MA.ZS,39.0811032119308
Comoros,COM,2018,"Population ages 0-14, male (% of male population)",SP.POP.0014.MA.ZS,39.4963266841721
Comoros,COM,2017,"Population ages 0-14, male (% of male population)",SP.POP.0014.MA.ZS,39.9558983348862
Comoros,COM,2016,"Population ages 0-14, male (% of male population)",SP.POP.0014.MA.ZS,40.323710405054
Comoros,COM,2015,"Population ages 0-14, male (% of male population)",SP.POP.0014.MA.ZS,40.5435555177458
Comoros,COM,2014,"Population ages 0-14, male (% of male population)",SP.POP.0014.MA.ZS,40.7292165422381
Comoros,COM,2013,"Population ages 0-14, male (% of male population)",SP.POP.0014.MA.ZS,40.9161826728537
Comoros,COM,2012,"Population ages 0-14, male (% of male population)",SP.POP.0014.MA.ZS,41.3009873525332
Comoros,COM,2011,"Population ages 0-14, male (% of male population)",SP.POP.0014.MA.ZS,41.9083148605379
Comoros,COM,2010,"Population ages 0-14, male (% of male population)",SP.POP.0014.MA.ZS,42.5836902368674
Comoros,COM,2009,"Population ages 0-14, male (% of male population)",SP.POP.0014.MA.ZS,43.3227769333006
Comoros,COM,2008,"Population ages 0-14, male (% of male population)",SP.POP.0014.MA.ZS,44.1165847905367
Comoros,COM,2007,"Population ages 0-14, male (% of male population)",SP.POP.0014.MA.ZS,44.9451619691772
Comoros,COM,2006,"Population ages 0-14, male (% of male population)",SP.POP.0014.MA.ZS,45.7867722735342
Comoros,COM,2005,"Population ages 0-14, male (% of male population)",SP.POP.0014.MA.ZS,46.6263197900919
Comoros,COM,2004,"Population ages 0-14, male (% of male population)",SP.POP.0014.MA.ZS,47.4454380154668
Comoros,COM,2003,"Population ages 0-14, male (% of male population)",SP.POP.0014.MA.ZS,48.0273276754661
Comoros,COM,2002,"Population ages 0-14, male (% of male population)",SP.POP.0014.MA.ZS,48.2021757431019
Comoros,COM,2001,"Population ages 0-14, male (% of male population)",SP.POP.0014.MA.ZS,48.2372121082025
Comoros,COM,2000,"Population ages 0-14, male (% of male population)",SP.POP.0014.MA.ZS,48.3899194296818
Comoros,COM,1999,"Population ages 0-14, male (% of male population)",SP.POP.0014.MA.ZS,48.7152243543221
Comoros,COM,1998,"Population ages 0-14, male (% of male population)",SP.POP.0014.MA.ZS,49.0208141084794
Comoros,COM,1997,"Population ages 0-14, male (% of male population)",SP.POP.0014.MA.ZS,49.1407253869392
Comoros,COM,1996,"Population ages 0-14, male (% of male population)",SP.POP.0014.MA.ZS,49.1308299605868
Comoros,COM,1995,"Population ages 0-14, male (% of male population)",SP.POP.0014.MA.ZS,49.0132867031448
Comoros,COM,1994,"Population ages 0-14, male (% of male population)",SP.POP.0014.MA.ZS,48.8053205473911
Comoros,COM,1993,"Population ages 0-14, male (% of male population)",SP.POP.0014.MA.ZS,48.5004392825765
Comoros,COM,1992,"Population ages 0-14, male (% of male population)",SP.POP.0014.MA.ZS,48.1035764992225
Comoros,COM,1991,"Population ages 0-14, male (% of male population)",SP.POP.0014.MA.ZS,47.8718671874305
Comoros,COM,1990,"Population ages 0-14, male (% of male population)",SP.POP.0014.MA.ZS,47.8369925934693
Comoros,COM,1989,"Population ages 0-14, male (% of male population)",SP.POP.0014.MA.ZS,47.7765172206115
Comoros,COM,1988,"Population ages 0-14, male (% of male population)",SP.POP.0014.MA.ZS,47.7010048746602
Comoros,COM,1987,"Population ages 0-14, male (% of male population)",SP.POP.0014.MA.ZS,47.62061656938
Comoros,COM,1986,"Population ages 0-14, male (% of male population)",SP.POP.0014.MA.ZS,47.5374445779847
Comoros,COM,1985,"Population ages 0-14, male (% of male population)",SP.POP.0014.MA.ZS,47.4583437084993
Comoros,COM,1984,"Population ages 0-14, male (% of male population)",SP.POP.0014.MA.ZS,47.3967951946574
Comoros,COM,1983,"Population ages 0-14, male (% of male population)",SP.POP.0014.MA.ZS,47.3604236025933
Comoros,COM,1982,"Population ages 0-14, male (% of male population)",SP.POP.0014.MA.ZS,47.3351877842499
Comoros,COM,1981,"Population ages 0-14, male (% of male population)",SP.POP.0014.MA.ZS,47.306345758325
Comoros,COM,1980,"Population ages 0-14, male (% of male population)",SP.POP.0014.MA.ZS,47.2437625431961
Comoros,COM,1979,"Population ages 0-14, male (% of male population)",SP.POP.0014.MA.ZS,47.1429838214025
Comoros,COM,1978,"Population ages 0-14, male (% of male population)",SP.POP.0014.MA.ZS,47.0328942178749
Comoros,COM,1977,"Population ages 0-14, male (% of male population)",SP.POP.0014.MA.ZS,46.924895257658
Comoros,COM,1976,"Population ages 0-14, male (% of male population)",SP.POP.0014.MA.ZS,46.8193255486073
Comoros,COM,1975,"Population ages 0-14, male (% of male population)",SP.POP.0014.MA.ZS,46.7240963897492
Comoros,COM,1974,"Population ages 0-14, male (% of male population)",SP.POP.0014.MA.ZS,46.6455187979715
Comoros,COM,1973,"Population ages 0-14, male (% of male population)",SP.POP.0014.MA.ZS,46.5712369770692
Comoros,COM,1972,"Population ages 0-14, male (% of male population)",SP.POP.0014.MA.ZS,46.4929929638891
Comoros,COM,1971,"Population ages 0-14, male (% of male population)",SP.POP.0014.MA.ZS,46.4089792549078
Comoros,COM,1970,"Population ages 0-14, male (% of male population)",SP.POP.0014.MA.ZS,46.2962809746411
Comoros,COM,1969,"Population ages 0-14, male (% of male population)",SP.POP.0014.MA.ZS,46.1027301148602
Comoros,COM,1968,"Population ages 0-14, male (% of male population)",SP.POP.0014.MA.ZS,45.7958498787645
Comoros,COM,1967,"Population ages 0-14, male (% of male population)",SP.POP.0014.MA.ZS,45.362632594675
Comoros,COM,1966,"Population ages 0-14, male (% of male population)",SP.POP.0014.MA.ZS,44.897628612155
Comoros,COM,1965,"Population ages 0-14, male (% of male population)",SP.POP.0014.MA.ZS,44.535583451835
Comoros,COM,1964,"Population ages 0-14, male (% of male population)",SP.POP.0014.MA.ZS,44.1238523990183
Comoros,COM,1963,"Population ages 0-14, male (% of male population)",SP.POP.0014.MA.ZS,43.5667166125046
Comoros,COM,1962,"Population ages 0-14, male (% of male population)",SP.POP.0014.MA.ZS,43.0355066188296
Comoros,COM,1961,"Population ages 0-14, male (% of male population)",SP.POP.0014.MA.ZS,42.5982344735901
Comoros,COM,1960,"Population ages 0-14, male (% of male population)",SP.POP.0014.MA.ZS,42.2451971377606
Comoros,COM,2024,"Population ages 0-14, total",SP.POP.0014.TO,321704
Comoros,COM,2023,"Population ages 0-14, total",SP.POP.0014.TO,318057
Comoros,COM,2022,"Population ages 0-14, total",SP.POP.0014.TO,314644
Comoros,COM,2021,"Population ages 0-14, total",SP.POP.0014.TO,310939
Comoros,COM,2020,"Population ages 0-14, total",SP.POP.0014.TO,306970
Comoros,COM,2019,"Population ages 0-14, total",SP.POP.0014.TO,303330
Comoros,COM,2018,"Population ages 0-14, total",SP.POP.0014.TO,300159
Comoros,COM,2017,"Population ages 0-14, total",SP.POP.0014.TO,297201
Comoros,COM,2016,"Population ages 0-14, total",SP.POP.0014.TO,293646
Comoros,COM,2015,"Population ages 0-14, total",SP.POP.0014.TO,289145
Comoros,COM,2014,"Population ages 0-14, total",SP.POP.0014.TO,284366
Comoros,COM,2013,"Population ages 0-14, total",SP.POP.0014.TO,279530
Comoros,COM,2012,"Population ages 0-14, total",SP.POP.0014.TO,276051
Comoros,COM,2011,"Population ages 0-14, total",SP.POP.0014.TO,274082
Comoros,COM,2010,"Population ages 0-14, total",SP.POP.0014.TO,272488
Comoros,COM,2009,"Population ages 0-14, total",SP.POP.0014.TO,271205
Comoros,COM,2008,"Population ages 0-14, total",SP.POP.0014.TO,270113
Comoros,COM,2007,"Population ages 0-14, total",SP.POP.0014.TO,269090
Comoros,COM,2006,"Population ages 0-14, total",SP.POP.0014.TO,268032
Comoros,COM,2005,"Population ages 0-14, total",SP.POP.0014.TO,266880
Comoros,COM,2004,"Population ages 0-14, total",SP.POP.0014.TO,265639
Comoros,COM,2003,"Population ages 0-14, total",SP.POP.0014.TO,263748
Comoros,COM,2002,"Population ages 0-14, total",SP.POP.0014.TO,260186
Comoros,COM,2001,"Population ages 0-14, total",SP.POP.0014.TO,255775
Comoros,COM,2000,"Population ages 0-14, total",SP.POP.0014.TO,252000
Comoros,COM,1999,"Population ages 0-14, total",SP.POP.0014.TO,249221
Comoros,COM,1998,"Population ages 0-14, total",SP.POP.0014.TO,246573
Comoros,COM,1997,"Population ages 0-14, total",SP.POP.0014.TO,243208
Comoros,COM,1996,"Population ages 0-14, total",SP.POP.0014.TO,239257
Comoros,COM,1995,"Population ages 0-14, total",SP.POP.0014.TO,234838
Comoros,COM,1994,"Population ages 0-14, total",SP.POP.0014.TO,230035
Comoros,COM,1993,"Population ages 0-14, total",SP.POP.0014.TO,224787
Comoros,COM,1992,"Population ages 0-14, total",SP.POP.0014.TO,219088
Comoros,COM,1991,"Population ages 0-14, total",SP.POP.0014.TO,213796
Comoros,COM,1990,"Population ages 0-14, total",SP.POP.0014.TO,208783
Comoros,COM,1989,"Population ages 0-14, total",SP.POP.0014.TO,203363
Comoros,COM,1988,"Population ages 0-14, total",SP.POP.0014.TO,197913
Comoros,COM,1987,"Population ages 0-14, total",SP.POP.0014.TO,192525
Comoros,COM,1986,"Population ages 0-14, total",SP.POP.0014.TO,187190
Comoros,COM,1985,"Population ages 0-14, total",SP.POP.0014.TO,181955
Comoros,COM,1984,"Population ages 0-14, total",SP.POP.0014.TO,176906
Comoros,COM,1983,"Population ages 0-14, total",SP.POP.0014.TO,172083
Comoros,COM,1982,"Population ages 0-14, total",SP.POP.0014.TO,167438
Comoros,COM,1981,"Population ages 0-14, total",SP.POP.0014.TO,162948
Comoros,COM,1980,"Population ages 0-14, total",SP.POP.0014.TO,158431
Comoros,COM,1979,"Population ages 0-14, total",SP.POP.0014.TO,153641
Comoros,COM,1978,"Population ages 0-14, total",SP.POP.0014.TO,148664
Comoros,COM,1977,"Population ages 0-14, total",SP.POP.0014.TO,143634
Comoros,COM,1976,"Population ages 0-14, total",SP.POP.0014.TO,138598
Comoros,COM,1975,"Population ages 0-14, total",SP.POP.0014.TO,133633
Comoros,COM,1974,"Population ages 0-14, total",SP.POP.0014.TO,128785
Comoros,COM,1973,"Population ages 0-14, total",SP.POP.0014.TO,124134
Comoros,COM,1972,"Population ages 0-14, total",SP.POP.0014.TO,119744
Comoros,COM,1971,"Population ages 0-14, total",SP.POP.0014.TO,115622
Comoros,COM,1970,"Population ages 0-14, total",SP.POP.0014.TO,111729
Comoros,COM,1969,"Population ages 0-14, total",SP.POP.0014.TO,107956
Comoros,COM,1968,"Population ages 0-14, total",SP.POP.0014.TO,104218
Comoros,COM,1967,"Population ages 0-14, total",SP.POP.0014.TO,100485
Comoros,COM,1966,"Population ages 0-14, total",SP.POP.0014.TO,97267
Comoros,COM,1965,"Population ages 0-14, total",SP.POP.0014.TO,94872
Comoros,COM,1964,"Population ages 0-14, total",SP.POP.0014.TO,92463
Comoros,COM,1963,"Population ages 0-14, total",SP.POP.0014.TO,89700
Comoros,COM,1962,"Population ages 0-14, total",SP.POP.0014.TO,87026
Comoros,COM,1961,"Population ages 0-14, total",SP.POP.0014.TO,84569
Comoros,COM,1960,"Population ages 0-14, total",SP.POP.0014.TO,82293
Comoros,COM,2024,Population ages 0-14 (% of total population),SP.POP.0014.TO.ZS,37.1214061858144
Comoros,COM,2023,Population ages 0-14 (% of total population),SP.POP.0014.TO.ZS,37.4013831349727
Comoros,COM,2022,Population ages 0-14 (% of total population),SP.POP.0014.TO.ZS,37.7186557466662
Comoros,COM,2021,Population ages 0-14 (% of total population),SP.POP.0014.TO.ZS,38.0040565918395
Comoros,COM,2020,Population ages 0-14 (% of total population),SP.POP.0014.TO.ZS,38.2677596275572
Comoros,COM,2019,Population ages 0-14 (% of total population),SP.POP.0014.TO.ZS,38.5632448403083
Comoros,COM,2018,Population ages 0-14 (% of total population),SP.POP.0014.TO.ZS,38.9013595303205
Comoros,COM,2017,Population ages 0-14 (% of total population),SP.POP.0014.TO.ZS,39.2775181238308
Comoros,COM,2016,Population ages 0-14 (% of total population),SP.POP.0014.TO.ZS,39.5888187386163
Comoros,COM,2015,Population ages 0-14 (% of total population),SP.POP.0014.TO.ZS,39.7896879240163
Comoros,COM,2014,Population ages 0-14 (% of total population),SP.POP.0014.TO.ZS,39.9669010298629
Comoros,COM,2013,Population ages 0-14 (% of total population),SP.POP.0014.TO.ZS,40.1513230895191
Comoros,COM,2012,Population ages 0-14 (% of total population),SP.POP.0014.TO.ZS,40.4986873367423
Comoros,COM,2011,Population ages 0-14 (% of total population),SP.POP.0014.TO.ZS,41.0268001484905
Comoros,COM,2010,Population ages 0-14 (% of total population),SP.POP.0014.TO.ZS,41.6116401663928
Comoros,COM,2009,Population ages 0-14 (% of total population),SP.POP.0014.TO.ZS,42.2472242667819
Comoros,COM,2008,Population ages 0-14 (% of total population),SP.POP.0014.TO.ZS,42.9222938883566
Comoros,COM,2007,Population ages 0-14 (% of total population),SP.POP.0014.TO.ZS,43.617837781324
Comoros,COM,2006,Population ages 0-14 (% of total population),SP.POP.0014.TO.ZS,44.3208218892672
Comoros,COM,2005,Population ages 0-14 (% of total population),SP.POP.0014.TO.ZS,45.0295860983301
Comoros,COM,2004,Population ages 0-14 (% of total population),SP.POP.0014.TO.ZS,45.7443895685237
Comoros,COM,2003,Population ages 0-14 (% of total population),SP.POP.0014.TO.ZS,46.2879356262532
Comoros,COM,2002,Population ages 0-14 (% of total population),SP.POP.0014.TO.ZS,46.5512722224061
Comoros,COM,2001,Population ages 0-14 (% of total population),SP.POP.0014.TO.ZS,46.7408903183363
Comoros,COM,2000,Population ages 0-14 (% of total population),SP.POP.0014.TO.ZS,47.0078598416839
Comoros,COM,1999,Population ages 0-14 (% of total population),SP.POP.0014.TO.ZS,47.3906441789245
Comoros,COM,1998,Population ages 0-14 (% of total population),SP.POP.0014.TO.ZS,47.7302929263111
Comoros,COM,1997,Population ages 0-14 (% of total population),SP.POP.0014.TO.ZS,47.8965688712084
Comoros,COM,1996,Population ages 0-14 (% of total population),SP.POP.0014.TO.ZS,47.9369153307808
Comoros,COM,1995,Population ages 0-14 (% of total population),SP.POP.0014.TO.ZS,47.8687732629957
Comoros,COM,1994,Population ages 0-14 (% of total population),SP.POP.0014.TO.ZS,47.7111020082237
Comoros,COM,1993,Population ages 0-14 (% of total population),SP.POP.0014.TO.ZS,47.455254791189
Comoros,COM,1992,Population ages 0-14 (% of total population),SP.POP.0014.TO.ZS,47.1041952215862
Comoros,COM,1991,Population ages 0-14 (% of total population),SP.POP.0014.TO.ZS,46.9308932381529
Comoros,COM,1990,Population ages 0-14 (% of total population),SP.POP.0014.TO.ZS,46.9602212343102
Comoros,COM,1989,Population ages 0-14 (% of total population),SP.POP.0014.TO.ZS,46.9548814023454
Comoros,COM,1988,Population ages 0-14 (% of total population),SP.POP.0014.TO.ZS,46.9336817754422
Comoros,COM,1987,Population ages 0-14 (% of total population),SP.POP.0014.TO.ZS,46.9070921622945
Comoros,COM,1986,Population ages 0-14 (% of total population),SP.POP.0014.TO.ZS,46.8775512248383
Comoros,COM,1985,Population ages 0-14 (% of total population),SP.POP.0014.TO.ZS,46.8531126400791
Comoros,COM,1984,Population ages 0-14 (% of total population),SP.POP.0014.TO.ZS,46.8454452893192
Comoros,COM,1983,Population ages 0-14 (% of total population),SP.POP.0014.TO.ZS,46.8592147219885
Comoros,COM,1982,Population ages 0-14 (% of total population),SP.POP.0014.TO.ZS,46.8831463379804
Comoros,COM,1981,Population ages 0-14 (% of total population),SP.POP.0014.TO.ZS,46.9073715572892
Comoros,COM,1980,Population ages 0-14 (% of total population),SP.POP.0014.TO.ZS,46.911651925702
Comoros,COM,1979,Population ages 0-14 (% of total population),SP.POP.0014.TO.ZS,46.871787205872
Comoros,COM,1978,Population ages 0-14 (% of total population),SP.POP.0014.TO.ZS,46.7954408098512
Comoros,COM,1977,Population ages 0-14 (% of total population),SP.POP.0014.TO.ZS,46.6981599819233
Comoros,COM,1976,Population ages 0-14 (% of total population),SP.POP.0014.TO.ZS,46.5817811506429
Comoros,COM,1975,Population ages 0-14 (% of total population),SP.POP.0014.TO.ZS,46.4499422126055
Comoros,COM,1974,Population ages 0-14 (% of total population),SP.POP.0014.TO.ZS,46.3132248494111
Comoros,COM,1973,Population ages 0-14 (% of total population),SP.POP.0014.TO.ZS,46.1774536445459
Comoros,COM,1972,Population ages 0-14 (% of total population),SP.POP.0014.TO.ZS,46.0416454389382
Comoros,COM,1971,Population ages 0-14 (% of total population),SP.POP.0014.TO.ZS,45.9063387131995
Comoros,COM,1970,Population ages 0-14 (% of total population),SP.POP.0014.TO.ZS,45.7559755021306
Comoros,COM,1969,Population ages 0-14 (% of total population),SP.POP.0014.TO.ZS,45.550651685014
Comoros,COM,1968,Population ages 0-14 (% of total population),SP.POP.0014.TO.ZS,45.2642734136972
Comoros,COM,1967,Population ages 0-14 (% of total population),SP.POP.0014.TO.ZS,44.8875299015677
Comoros,COM,1966,Population ages 0-14 (% of total population),SP.POP.0014.TO.ZS,44.4823769910776
Comoros,COM,1965,Population ages 0-14 (% of total population),SP.POP.0014.TO.ZS,44.1330529802249
Comoros,COM,1964,Population ages 0-14 (% of total population),SP.POP.0014.TO.ZS,43.6878822742854
Comoros,COM,1963,Population ages 0-14 (% of total population),SP.POP.0014.TO.ZS,43.0868144035007
Comoros,COM,1962,Population ages 0-14 (% of total population),SP.POP.0014.TO.ZS,42.5136112827703
Comoros,COM,1961,Population ages 0-14 (% of total population),SP.POP.0014.TO.ZS,42.0318487482667
Comoros,COM,1960,Population ages 0-14 (% of total population),SP.POP.0014.TO.ZS,41.6251896813354
Comoros,COM,2024,"Population ages 05-09, female (% of female population)",SP.POP.0509.FE.5Y,12.3316702006785
Comoros,COM,2023,"Population ages 05-09, female (% of female population)",SP.POP.0509.FE.5Y,12.4189122051622
Comoros,COM,2022,"Population ages 05-09, female (% of female population)",SP.POP.0509.FE.5Y,12.5142747578868
Comoros,COM,2021,"Population ages 05-09, female (% of female population)",SP.POP.0509.FE.5Y,12.6058035165376
Comoros,COM,2020,"Population ages 05-09, female (% of female population)",SP.POP.0509.FE.5Y,12.6941442226768
Comoros,COM,2019,"Population ages 05-09, female (% of female population)",SP.POP.0509.FE.5Y,12.7744648846115
Comoros,COM,2018,"Population ages 05-09, female (% of female population)",SP.POP.0509.FE.5Y,12.8380193001166
Comoros,COM,2017,"Population ages 05-09, female (% of female population)",SP.POP.0509.FE.5Y,12.8804976274971
Comoros,COM,2016,"Population ages 05-09, female (% of female population)",SP.POP.0509.FE.5Y,12.878599061562
Comoros,COM,2015,"Population ages 05-09, female (% of female population)",SP.POP.0509.FE.5Y,12.8263659825828
Comoros,COM,2014,"Population ages 05-09, female (% of female population)",SP.POP.0509.FE.5Y,12.7468993382254
Comoros,COM,2013,"Population ages 05-09, female (% of female population)",SP.POP.0509.FE.5Y,12.6593357399893
Comoros,COM,2012,"Population ages 05-09, female (% of female population)",SP.POP.0509.FE.5Y,12.6662374151253
Comoros,COM,2011,"Population ages 05-09, female (% of female population)",SP.POP.0509.FE.5Y,12.8147248563261
Comoros,COM,2010,"Population ages 05-09, female (% of female population)",SP.POP.0509.FE.5Y,13.0514725451877
Comoros,COM,2009,"Population ages 05-09, female (% of female population)",SP.POP.0509.FE.5Y,13.3736575807932
Comoros,COM,2008,"Population ages 05-09, female (% of female population)",SP.POP.0509.FE.5Y,13.7672388729474
Comoros,COM,2007,"Population ages 05-09, female (% of female population)",SP.POP.0509.FE.5Y,14.1761668379328
Comoros,COM,2006,"Population ages 05-09, female (% of female population)",SP.POP.0509.FE.5Y,14.5486339156706
Comoros,COM,2005,"Population ages 05-09, female (% of female population)",SP.POP.0509.FE.5Y,14.8660526681478
Comoros,COM,2004,"Population ages 05-09, female (% of female population)",SP.POP.0509.FE.5Y,15.1186400157105
Comoros,COM,2003,"Population ages 05-09, female (% of female population)",SP.POP.0509.FE.5Y,15.2312913331013
Comoros,COM,2002,"Population ages 05-09, female (% of female population)",SP.POP.0509.FE.5Y,15.2163164619548
Comoros,COM,2001,"Population ages 05-09, female (% of female population)",SP.POP.0509.FE.5Y,15.2588413236446
Comoros,COM,2000,"Population ages 05-09, female (% of female population)",SP.POP.0509.FE.5Y,15.4636485088382
Comoros,COM,1999,"Population ages 05-09, female (% of female population)",SP.POP.0509.FE.5Y,15.8043463634529
Comoros,COM,1998,"Population ages 05-09, female (% of female population)",SP.POP.0509.FE.5Y,16.0480496693211
Comoros,COM,1997,"Population ages 05-09, female (% of female population)",SP.POP.0509.FE.5Y,16.082321793522
Comoros,COM,1996,"Population ages 05-09, female (% of female population)",SP.POP.0509.FE.5Y,16.0371298638861
Comoros,COM,1995,"Population ages 05-09, female (% of female population)",SP.POP.0509.FE.5Y,15.9451484326261
Comoros,COM,1994,"Population ages 05-09, female (% of female population)",SP.POP.0509.FE.5Y,15.8113713932071
Comoros,COM,1993,"Population ages 05-09, female (% of female population)",SP.POP.0509.FE.5Y,15.6403033946752
Comoros,COM,1992,"Population ages 05-09, female (% of female population)",SP.POP.0509.FE.5Y,15.4389193222869
Comoros,COM,1991,"Population ages 05-09, female (% of female population)",SP.POP.0509.FE.5Y,15.3166954125101
Comoros,COM,1990,"Population ages 05-09, female (% of female population)",SP.POP.0509.FE.5Y,15.2732793747263
Comoros,COM,1989,"Population ages 05-09, female (% of female population)",SP.POP.0509.FE.5Y,15.207709033767
Comoros,COM,1988,"Population ages 05-09, female (% of female population)",SP.POP.0509.FE.5Y,15.1335499685378
Comoros,COM,1987,"Population ages 05-09, female (% of female population)",SP.POP.0509.FE.5Y,15.0573669164799
Comoros,COM,1986,"Population ages 05-09, female (% of female population)",SP.POP.0509.FE.5Y,14.9891699620452
Comoros,COM,1985,"Population ages 05-09, female (% of female population)",SP.POP.0509.FE.5Y,14.9429401178011
Comoros,COM,1984,"Population ages 05-09, female (% of female population)",SP.POP.0509.FE.5Y,14.9222154390249
Comoros,COM,1983,"Population ages 05-09, female (% of female population)",SP.POP.0509.FE.5Y,14.9293913081161
Comoros,COM,1982,"Population ages 05-09, female (% of female population)",SP.POP.0509.FE.5Y,14.9661172390916
Comoros,COM,1981,"Population ages 05-09, female (% of female population)",SP.POP.0509.FE.5Y,15.0234809126143
Comoros,COM,1980,"Population ages 05-09, female (% of female population)",SP.POP.0509.FE.5Y,15.1025085202271
Comoros,COM,1979,"Population ages 05-09, female (% of female population)",SP.POP.0509.FE.5Y,15.1744814256799
Comoros,COM,1978,"Population ages 05-09, female (% of female population)",SP.POP.0509.FE.5Y,15.2111313828501
Comoros,COM,1977,"Population ages 05-09, female (% of female population)",SP.POP.0509.FE.5Y,15.2172785392865
Comoros,COM,1976,"Population ages 05-09, female (% of female population)",SP.POP.0509.FE.5Y,15.1976905404591
Comoros,COM,1975,"Population ages 05-09, female (% of female population)",SP.POP.0509.FE.5Y,15.1474363854038
Comoros,COM,1974,"Population ages 05-09, female (% of female population)",SP.POP.0509.FE.5Y,15.0763003961614
Comoros,COM,1973,"Population ages 05-09, female (% of female population)",SP.POP.0509.FE.5Y,15.00816383826
Comoros,COM,1972,"Population ages 05-09, female (% of female population)",SP.POP.0509.FE.5Y,14.945575481125
Comoros,COM,1971,"Population ages 05-09, female (% of female population)",SP.POP.0509.FE.5Y,14.8845096133797
Comoros,COM,1970,"Population ages 05-09, female (% of female population)",SP.POP.0509.FE.5Y,14.819229724415
Comoros,COM,1969,"Population ages 05-09, female (% of female population)",SP.POP.0509.FE.5Y,14.7464129613472
Comoros,COM,1968,"Population ages 05-09, female (% of female population)",SP.POP.0509.FE.5Y,14.6611519844696
Comoros,COM,1967,"Population ages 05-09, female (% of female population)",SP.POP.0509.FE.5Y,14.5600586411848
Comoros,COM,1966,"Population ages 05-09, female (% of female population)",SP.POP.0509.FE.5Y,14.4564971751412
Comoros,COM,1965,"Population ages 05-09, female (% of female population)",SP.POP.0509.FE.5Y,14.3514432800147
Comoros,COM,1964,"Population ages 05-09, female (% of female population)",SP.POP.0509.FE.5Y,14.2309092436504
Comoros,COM,1963,"Population ages 05-09, female (% of female population)",SP.POP.0509.FE.5Y,14.0929250764889
Comoros,COM,1962,"Population ages 05-09, female (% of female population)",SP.POP.0509.FE.5Y,13.9252778206513
Comoros,COM,1961,"Population ages 05-09, female (% of female population)",SP.POP.0509.FE.5Y,13.7095785027058
Comoros,COM,1960,"Population ages 05-09, female (% of female population)",SP.POP.0509.FE.5Y,13.4532819458035
Comoros,COM,2024,"Population ages 05-09, male (% of male population)",SP.POP.0509.MA.5Y,12.5027964879553
Comoros,COM,2023,"Population ages 05-09, male (% of male population)",SP.POP.0509.MA.5Y,12.593144211907
Comoros,COM,2022,"Population ages 05-09, male (% of male population)",SP.POP.0509.MA.5Y,12.7026688832877
Comoros,COM,2021,"Population ages 05-09, male (% of male population)",SP.POP.0509.MA.5Y,12.8167338761119
Comoros,COM,2020,"Population ages 05-09, male (% of male population)",SP.POP.0509.MA.5Y,12.9392872277417
Comoros,COM,2019,"Population ages 05-09, male (% of male population)",SP.POP.0509.MA.5Y,13.0708828576555
Comoros,COM,2018,"Population ages 05-09, male (% of male population)",SP.POP.0509.MA.5Y,13.2008740713636
Comoros,COM,2017,"Population ages 05-09, male (% of male population)",SP.POP.0509.MA.5Y,13.3226189240298
Comoros,COM,2016,"Population ages 05-09, male (% of male population)",SP.POP.0509.MA.5Y,13.3810319980033
Comoros,COM,2015,"Population ages 05-09, male (% of male population)",SP.POP.0509.MA.5Y,13.3420417840981
Comoros,COM,2014,"Population ages 05-09, male (% of male population)",SP.POP.0509.MA.5Y,13.2339870455736
Comoros,COM,2013,"Population ages 05-09, male (% of male population)",SP.POP.0509.MA.5Y,13.0792647416199
Comoros,COM,2012,"Population ages 05-09, male (% of male population)",SP.POP.0509.MA.5Y,13.1143008005601
Comoros,COM,2011,"Population ages 05-09, male (% of male population)",SP.POP.0509.MA.5Y,13.4041907714119
Comoros,COM,2010,"Population ages 05-09, male (% of male population)",SP.POP.0509.MA.5Y,13.7750196661131
Comoros,COM,2009,"Population ages 05-09, male (% of male population)",SP.POP.0509.MA.5Y,14.2232749052507
Comoros,COM,2008,"Population ages 05-09, male (% of male population)",SP.POP.0509.MA.5Y,14.7367445368858
Comoros,COM,2007,"Population ages 05-09, male (% of male population)",SP.POP.0509.MA.5Y,15.1980384575856
Comoros,COM,2006,"Population ages 05-09, male (% of male population)",SP.POP.0509.MA.5Y,15.5664100881649
Comoros,COM,2005,"Population ages 05-09, male (% of male population)",SP.POP.0509.MA.5Y,15.9046503204567
Comoros,COM,2004,"Population ages 05-09, male (% of male population)",SP.POP.0509.MA.5Y,16.2118604477495
Comoros,COM,2003,"Population ages 05-09, male (% of male population)",SP.POP.0509.MA.5Y,16.3980212214267
Comoros,COM,2002,"Population ages 05-09, male (% of male population)",SP.POP.0509.MA.5Y,16.433688972068
Comoros,COM,2001,"Population ages 05-09, male (% of male population)",SP.POP.0509.MA.5Y,16.4665040692532
Comoros,COM,2000,"Population ages 05-09, male (% of male population)",SP.POP.0509.MA.5Y,16.5888868265446
Comoros,COM,1999,"Population ages 05-09, male (% of male population)",SP.POP.0509.MA.5Y,16.7991407089151
Comoros,COM,1998,"Population ages 05-09, male (% of male population)",SP.POP.0509.MA.5Y,16.9586872678229
Comoros,COM,1997,"Population ages 05-09, male (% of male population)",SP.POP.0509.MA.5Y,16.962780469519
Comoros,COM,1996,"Population ages 05-09, male (% of male population)",SP.POP.0509.MA.5Y,16.8843158113544
Comoros,COM,1995,"Population ages 05-09, male (% of male population)",SP.POP.0509.MA.5Y,16.7607626853519
Comoros,COM,1994,"Population ages 05-09, male (% of male population)",SP.POP.0509.MA.5Y,16.5951108938924
Comoros,COM,1993,"Population ages 05-09, male (% of male population)",SP.POP.0509.MA.5Y,16.3910257783873
Comoros,COM,1992,"Population ages 05-09, male (% of male population)",SP.POP.0509.MA.5Y,16.1554214528887
Comoros,COM,1991,"Population ages 05-09, male (% of male population)",SP.POP.0509.MA.5Y,15.9852400822071
Comoros,COM,1990,"Population ages 05-09, male (% of male population)",SP.POP.0509.MA.5Y,15.8901265984131
Comoros,COM,1989,"Population ages 05-09, male (% of male population)",SP.POP.0509.MA.5Y,15.7826425946935
Comoros,COM,1988,"Population ages 05-09, male (% of male population)",SP.POP.0509.MA.5Y,15.6655048926257
Comoros,COM,1987,"Population ages 05-09, male (% of male population)",SP.POP.0509.MA.5Y,15.545780448584
Comoros,COM,1986,"Population ages 05-09, male (% of male population)",SP.POP.0509.MA.5Y,15.4350943815459
Comoros,COM,1985,"Population ages 05-09, male (% of male population)",SP.POP.0509.MA.5Y,15.347723688579
Comoros,COM,1984,"Population ages 05-09, male (% of male population)",SP.POP.0509.MA.5Y,15.2885150926452
Comoros,COM,1983,"Population ages 05-09, male (% of male population)",SP.POP.0509.MA.5Y,15.2611376379884
Comoros,COM,1982,"Population ages 05-09, male (% of male population)",SP.POP.0509.MA.5Y,15.2646248955817
Comoros,COM,1981,"Population ages 05-09, male (% of male population)",SP.POP.0509.MA.5Y,15.2875349525108
Comoros,COM,1980,"Population ages 05-09, male (% of male population)",SP.POP.0509.MA.5Y,15.3392155232814
Comoros,COM,1979,"Population ages 05-09, male (% of male population)",SP.POP.0509.MA.5Y,15.3979519136978
Comoros,COM,1978,"Population ages 05-09, male (% of male population)",SP.POP.0509.MA.5Y,15.4320422812968
Comoros,COM,1977,"Population ages 05-09, male (% of male population)",SP.POP.0509.MA.5Y,15.4448085293686
Comoros,COM,1976,"Population ages 05-09, male (% of male population)",SP.POP.0509.MA.5Y,15.4395941688759
Comoros,COM,1975,"Population ages 05-09, male (% of male population)",SP.POP.0509.MA.5Y,15.4117445762434
Comoros,COM,1974,"Population ages 05-09, male (% of male population)",SP.POP.0509.MA.5Y,15.3704252964198
Comoros,COM,1973,"Population ages 05-09, male (% of male population)",SP.POP.0509.MA.5Y,15.3330611052212
Comoros,COM,1972,"Population ages 05-09, male (% of male population)",SP.POP.0509.MA.5Y,15.2984047605202
Comoros,COM,1971,"Population ages 05-09, male (% of male population)",SP.POP.0509.MA.5Y,15.2620886144426
Comoros,COM,1970,"Population ages 05-09, male (% of male population)",SP.POP.0509.MA.5Y,15.2149091962107
Comoros,COM,1969,"Population ages 05-09, male (% of male population)",SP.POP.0509.MA.5Y,15.1519028913371
Comoros,COM,1968,"Population ages 05-09, male (% of male population)",SP.POP.0509.MA.5Y,15.0692272551569
Comoros,COM,1967,"Population ages 05-09, male (% of male population)",SP.POP.0509.MA.5Y,14.9649502614607
Comoros,COM,1966,"Population ages 05-09, male (% of male population)",SP.POP.0509.MA.5Y,14.8535700401711
Comoros,COM,1965,"Population ages 05-09, male (% of male population)",SP.POP.0509.MA.5Y,14.7395632233701
Comoros,COM,1964,"Population ages 05-09, male (% of male population)",SP.POP.0509.MA.5Y,14.612745965755
Comoros,COM,1963,"Population ages 05-09, male (% of male population)",SP.POP.0509.MA.5Y,14.4671038549106
Comoros,COM,1962,"Population ages 05-09, male (% of male population)",SP.POP.0509.MA.5Y,14.2907336385006
Comoros,COM,1961,"Population ages 05-09, male (% of male population)",SP.POP.0509.MA.5Y,14.0637825371007
Comoros,COM,1960,"Population ages 05-09, male (% of male population)",SP.POP.0509.MA.5Y,13.794004879749
Comoros,COM,2024,"Population ages 10-14, female (% of female population)",SP.POP.1014.FE.5Y,11.322416776633
Comoros,COM,2023,"Population ages 10-14, female (% of female population)",SP.POP.1014.FE.5Y,11.3298161773404
Comoros,COM,2022,"Population ages 10-14, female (% of female population)",SP.POP.1014.FE.5Y,11.3386497134195
Comoros,COM,2021,"Population ages 10-14, female (% of female population)",SP.POP.1014.FE.5Y,11.3249723349318
Comoros,COM,2020,"Population ages 10-14, female (% of female population)",SP.POP.1014.FE.5Y,11.30366834278
Comoros,COM,2019,"Population ages 10-14, female (% of female population)",SP.POP.1014.FE.5Y,11.3088614136205
Comoros,COM,2018,"Population ages 10-14, female (% of female population)",SP.POP.1014.FE.5Y,11.3592215289384
Comoros,COM,2017,"Population ages 10-14, female (% of female population)",SP.POP.1014.FE.5Y,11.466565652538
Comoros,COM,2016,"Population ages 10-14, female (% of female population)",SP.POP.1014.FE.5Y,11.5570919257485
Comoros,COM,2015,"Population ages 10-14, female (% of female population)",SP.POP.1014.FE.5Y,11.6135087017127
Comoros,COM,2014,"Population ages 10-14, female (% of female population)",SP.POP.1014.FE.5Y,11.7227243055868
Comoros,COM,2013,"Population ages 10-14, female (% of female population)",SP.POP.1014.FE.5Y,11.9199777317363
Comoros,COM,2012,"Population ages 10-14, female (% of female population)",SP.POP.1014.FE.5Y,12.2295715289159
Comoros,COM,2011,"Population ages 10-14, female (% of female population)",SP.POP.1014.FE.5Y,12.5767603406399
Comoros,COM,2010,"Population ages 10-14, female (% of female population)",SP.POP.1014.FE.5Y,12.8764248290965
Comoros,COM,2009,"Population ages 10-14, female (% of female population)",SP.POP.1014.FE.5Y,13.1174198268806
Comoros,COM,2008,"Population ages 10-14, female (% of female population)",SP.POP.1014.FE.5Y,13.287521015308
Comoros,COM,2007,"Population ages 10-14, female (% of female population)",SP.POP.1014.FE.5Y,13.3813093324485
Comoros,COM,2006,"Population ages 10-14, female (% of female population)",SP.POP.1014.FE.5Y,13.4138972809668
Comoros,COM,2005,"Population ages 10-14, female (% of female population)",SP.POP.1014.FE.5Y,13.4176702322334
Comoros,COM,2004,"Population ages 10-14, female (% of female population)",SP.POP.1014.FE.5Y,13.421733450593
Comoros,COM,2003,"Population ages 10-14, female (% of female population)",SP.POP.1014.FE.5Y,13.4369996519318
Comoros,COM,2002,"Population ages 10-14, female (% of female population)",SP.POP.1014.FE.5Y,13.5836424243606
Comoros,COM,2001,"Population ages 10-14, female (% of female population)",SP.POP.1014.FE.5Y,13.8475866624793
Comoros,COM,2000,"Population ages 10-14, female (% of female population)",SP.POP.1014.FE.5Y,14.044982018586
Comoros,COM,1999,"Population ages 10-14, female (% of female population)",SP.POP.1014.FE.5Y,14.1174579679592
Comoros,COM,1998,"Population ages 10-14, female (% of female population)",SP.POP.1014.FE.5Y,14.0206334511319
Comoros,COM,1997,"Population ages 10-14, female (% of female population)",SP.POP.1014.FE.5Y,13.8084860964885
Comoros,COM,1996,"Population ages 10-14, female (% of female population)",SP.POP.1014.FE.5Y,13.5676510691289
Comoros,COM,1995,"Population ages 10-14, female (% of female population)",SP.POP.1014.FE.5Y,13.3145038504821
Comoros,COM,1994,"Population ages 10-14, female (% of female population)",SP.POP.1014.FE.5Y,13.070545775403
Comoros,COM,1993,"Population ages 10-14, female (% of female population)",SP.POP.1014.FE.5Y,12.8520430877024
Comoros,COM,1992,"Population ages 10-14, female (% of female population)",SP.POP.1014.FE.5Y,12.674685819921
Comoros,COM,1991,"Population ages 10-14, female (% of female population)",SP.POP.1014.FE.5Y,12.5716118184418
Comoros,COM,1990,"Population ages 10-14, female (% of female population)",SP.POP.1014.FE.5Y,12.5241468841905
Comoros,COM,1989,"Population ages 10-14, female (% of female population)",SP.POP.1014.FE.5Y,12.4947467475515
Comoros,COM,1988,"Population ages 10-14, female (% of female population)",SP.POP.1014.FE.5Y,12.4951867539469
Comoros,COM,1987,"Population ages 10-14, female (% of female population)",SP.POP.1014.FE.5Y,12.5272830873831
Comoros,COM,1986,"Population ages 10-14, female (% of female population)",SP.POP.1014.FE.5Y,12.5824672614908
Comoros,COM,1985,"Population ages 10-14, female (% of female population)",SP.POP.1014.FE.5Y,12.6559432264398
Comoros,COM,1984,"Population ages 10-14, female (% of female population)",SP.POP.1014.FE.5Y,12.7481422225965
Comoros,COM,1983,"Population ages 10-14, female (% of female population)",SP.POP.1014.FE.5Y,12.8476943160951
Comoros,COM,1982,"Population ages 10-14, female (% of female population)",SP.POP.1014.FE.5Y,12.9392842109958
Comoros,COM,1981,"Population ages 10-14, female (% of female population)",SP.POP.1014.FE.5Y,13.0124705592101
Comoros,COM,1980,"Population ages 10-14, female (% of female population)",SP.POP.1014.FE.5Y,13.0301884786448
Comoros,COM,1979,"Population ages 10-14, female (% of female population)",SP.POP.1014.FE.5Y,12.9951756989149
Comoros,COM,1978,"Population ages 10-14, female (% of female population)",SP.POP.1014.FE.5Y,12.9410804173955
Comoros,COM,1977,"Population ages 10-14, female (% of female population)",SP.POP.1014.FE.5Y,12.8749367810875
Comoros,COM,1976,"Population ages 10-14, female (% of female population)",SP.POP.1014.FE.5Y,12.8014923073832
Comoros,COM,1975,"Population ages 10-14, female (% of female population)",SP.POP.1014.FE.5Y,12.726379383127
Comoros,COM,1974,"Population ages 10-14, female (% of female population)",SP.POP.1014.FE.5Y,12.6524935284106
Comoros,COM,1973,"Population ages 10-14, female (% of female population)",SP.POP.1014.FE.5Y,12.5730497292265
Comoros,COM,1972,"Population ages 10-14, female (% of female population)",SP.POP.1014.FE.5Y,12.484458310132
Comoros,COM,1971,"Population ages 10-14, female (% of female population)",SP.POP.1014.FE.5Y,12.386643952836
Comoros,COM,1970,"Population ages 10-14, female (% of female population)",SP.POP.1014.FE.5Y,12.2778635982144
Comoros,COM,1969,"Population ages 10-14, female (% of female population)",SP.POP.1014.FE.5Y,12.1356082206535
Comoros,COM,1968,"Population ages 10-14, female (% of female population)",SP.POP.1014.FE.5Y,11.9416062156138
Comoros,COM,1967,"Population ages 10-14, female (% of female population)",SP.POP.1014.FE.5Y,11.6955604030698
Comoros,COM,1966,"Population ages 10-14, female (% of female population)",SP.POP.1014.FE.5Y,11.4282485875706
Comoros,COM,1965,"Population ages 10-14, female (% of female population)",SP.POP.1014.FE.5Y,11.197370840228
Comoros,COM,1964,"Population ages 10-14, female (% of female population)",SP.POP.1014.FE.5Y,10.8631327415456
Comoros,COM,1963,"Population ages 10-14, female (% of female population)",SP.POP.1014.FE.5Y,10.3925242511207
Comoros,COM,1962,"Population ages 10-14, female (% of female population)",SP.POP.1014.FE.5Y,10.0020257755827
Comoros,COM,1961,"Population ages 10-14, female (% of female population)",SP.POP.1014.FE.5Y,9.76395955274481
Comoros,COM,1960,"Population ages 10-14, female (% of female population)",SP.POP.1014.FE.5Y,9.64364878087745
Comoros,COM,2024,"Population ages 10-14, male (% of male population)",SP.POP.1014.MA.5Y,11.5628323518378
Comoros,COM,2023,"Population ages 10-14, male (% of male population)",SP.POP.1014.MA.5Y,11.6127772698897
Comoros,COM,2022,"Population ages 10-14, male (% of male population)",SP.POP.1014.MA.5Y,11.6861216877305
Comoros,COM,2021,"Population ages 10-14, male (% of male population)",SP.POP.1014.MA.5Y,11.7420712497069
Comoros,COM,2020,"Population ages 10-14, male (% of male population)",SP.POP.1014.MA.5Y,11.7890430037445
Comoros,COM,2019,"Population ages 10-14, male (% of male population)",SP.POP.1014.MA.5Y,11.8689044962988
Comoros,COM,2018,"Population ages 10-14, male (% of male population)",SP.POP.1014.MA.5Y,11.9954183405528
Comoros,COM,2017,"Population ages 10-14, male (% of male population)",SP.POP.1014.MA.5Y,12.1688268510281
Comoros,COM,2016,"Population ages 10-14, male (% of male population)",SP.POP.1014.MA.5Y,12.2599076263294
Comoros,COM,2015,"Population ages 10-14, male (% of male population)",SP.POP.1014.MA.5Y,12.2673896876209
Comoros,COM,2014,"Population ages 10-14, male (% of male population)",SP.POP.1014.MA.5Y,12.3642740901643
Comoros,COM,2013,"Population ages 10-14, male (% of male population)",SP.POP.1014.MA.5Y,12.6011426040617
Comoros,COM,2012,"Population ages 10-14, male (% of male population)",SP.POP.1014.MA.5Y,12.9385394007051
Comoros,COM,2011,"Population ages 10-14, male (% of male population)",SP.POP.1014.MA.5Y,13.2814893578676
Comoros,COM,2010,"Population ages 10-14, male (% of male population)",SP.POP.1014.MA.5Y,13.6040433221854
Comoros,COM,2009,"Population ages 10-14, male (% of male population)",SP.POP.1014.MA.5Y,13.9001645295566
Comoros,COM,2008,"Population ages 10-14, male (% of male population)",SP.POP.1014.MA.5Y,14.1603088812961
Comoros,COM,2007,"Population ages 10-14, male (% of male population)",SP.POP.1014.MA.5Y,14.3712672536285
Comoros,COM,2006,"Population ages 10-14, male (% of male population)",SP.POP.1014.MA.5Y,14.5227206869331
Comoros,COM,2005,"Population ages 10-14, male (% of male population)",SP.POP.1014.MA.5Y,14.6126206707739
Comoros,COM,2004,"Population ages 10-14, male (% of male population)",SP.POP.1014.MA.5Y,14.6247132315526
Comoros,COM,2003,"Population ages 10-14, male (% of male population)",SP.POP.1014.MA.5Y,14.5268542199488
Comoros,COM,2002,"Population ages 10-14, male (% of male population)",SP.POP.1014.MA.5Y,14.4288403383205
Comoros,COM,2001,"Population ages 10-14, male (% of male population)",SP.POP.1014.MA.5Y,14.4442758431811
Comoros,COM,2000,"Population ages 10-14, male (% of male population)",SP.POP.1014.MA.5Y,14.5409158576174
Comoros,COM,1999,"Population ages 10-14, male (% of male population)",SP.POP.1014.MA.5Y,14.6799431009957
Comoros,COM,1998,"Population ages 10-14, male (% of male population)",SP.POP.1014.MA.5Y,14.6357333838109
Comoros,COM,1997,"Population ages 10-14, male (% of male population)",SP.POP.1014.MA.5Y,14.3794439622252
Comoros,COM,1996,"Population ages 10-14, male (% of male population)",SP.POP.1014.MA.5Y,14.0935972838691
Comoros,COM,1995,"Population ages 10-14, male (% of male population)",SP.POP.1014.MA.5Y,13.7976186283183
Comoros,COM,1994,"Population ages 10-14, male (% of male population)",SP.POP.1014.MA.5Y,13.5135078198733
Comoros,COM,1993,"Population ages 10-14, male (% of male population)",SP.POP.1014.MA.5Y,13.2620481282277
Comoros,COM,1992,"Population ages 10-14, male (% of male population)",SP.POP.1014.MA.5Y,13.0619971604354
Comoros,COM,1991,"Population ages 10-14, male (% of male population)",SP.POP.1014.MA.5Y,12.9416186976752
Comoros,COM,1990,"Population ages 10-14, male (% of male population)",SP.POP.1014.MA.5Y,12.8722043419477
Comoros,COM,1989,"Population ages 10-14, male (% of male population)",SP.POP.1014.MA.5Y,12.8147307776704
Comoros,COM,1988,"Population ages 10-14, male (% of male population)",SP.POP.1014.MA.5Y,12.789814715006
Comoros,COM,1987,"Population ages 10-14, male (% of male population)",SP.POP.1014.MA.5Y,12.8012648081396
Comoros,COM,1986,"Population ages 10-14, male (% of male population)",SP.POP.1014.MA.5Y,12.837455687637
Comoros,COM,1985,"Population ages 10-14, male (% of male population)",SP.POP.1014.MA.5Y,12.8898468625498
Comoros,COM,1984,"Population ages 10-14, male (% of male population)",SP.POP.1014.MA.5Y,12.9623263486378
Comoros,COM,1983,"Population ages 10-14, male (% of male population)",SP.POP.1014.MA.5Y,13.0472993691957
Comoros,COM,1982,"Population ages 10-14, male (% of male population)",SP.POP.1014.MA.5Y,13.1250685574941
Comoros,COM,1981,"Population ages 10-14, male (% of male population)",SP.POP.1014.MA.5Y,13.1799852101772
Comoros,COM,1980,"Population ages 10-14, male (% of male population)",SP.POP.1014.MA.5Y,13.1360662162002
Comoros,COM,1979,"Population ages 10-14, male (% of male population)",SP.POP.1014.MA.5Y,13.0162642147525
Comoros,COM,1978,"Population ages 10-14, male (% of male population)",SP.POP.1014.MA.5Y,12.9036838368699
Comoros,COM,1977,"Population ages 10-14, male (% of male population)",SP.POP.1014.MA.5Y,12.8008998875141
Comoros,COM,1976,"Population ages 10-14, male (% of male population)",SP.POP.1014.MA.5Y,12.7119044246116
Comoros,COM,1975,"Population ages 10-14, male (% of male population)",SP.POP.1014.MA.5Y,12.6510672919453
Comoros,COM,1974,"Population ages 10-14, male (% of male population)",SP.POP.1014.MA.5Y,12.6199966722852
Comoros,COM,1973,"Population ages 10-14, male (% of male population)",SP.POP.1014.MA.5Y,12.5900506868765
Comoros,COM,1972,"Population ages 10-14, male (% of male population)",SP.POP.1014.MA.5Y,12.5502510127735
Comoros,COM,1971,"Population ages 10-14, male (% of male population)",SP.POP.1014.MA.5Y,12.4975456115535
Comoros,COM,1970,"Population ages 10-14, male (% of male population)",SP.POP.1014.MA.5Y,12.4184006949903
Comoros,COM,1969,"Population ages 10-14, male (% of male population)",SP.POP.1014.MA.5Y,12.2690960892949
Comoros,COM,1968,"Population ages 10-14, male (% of male population)",SP.POP.1014.MA.5Y,12.016814843448
Comoros,COM,1967,"Population ages 10-14, male (% of male population)",SP.POP.1014.MA.5Y,11.6516087626606
Comoros,COM,1966,"Population ages 10-14, male (% of male population)",SP.POP.1014.MA.5Y,11.2710342657213
Comoros,COM,1965,"Population ages 10-14, male (% of male population)",SP.POP.1014.MA.5Y,11.0220648478627
Comoros,COM,1964,"Population ages 10-14, male (% of male population)",SP.POP.1014.MA.5Y,10.7571894002095
Comoros,COM,1963,"Population ages 10-14, male (% of male population)",SP.POP.1014.MA.5Y,10.3835451166592
Comoros,COM,1962,"Population ages 10-14, male (% of male population)",SP.POP.1014.MA.5Y,10.0883335395274
Comoros,COM,1961,"Population ages 10-14, male (% of male population)",SP.POP.1014.MA.5Y,9.9546280862721
Comoros,COM,1960,"Population ages 10-14, male (% of male population)",SP.POP.1014.MA.5Y,9.96094150452094
Comoros,COM,2024,"Population ages 15-19, female (% of female population)",SP.POP.1519.FE.5Y,9.89616156411069
Comoros,COM,2023,"Population ages 15-19, female (% of female population)",SP.POP.1519.FE.5Y,9.87792472024415
Comoros,COM,2022,"Population ages 15-19, female (% of female population)",SP.POP.1519.FE.5Y,9.93390500698815
Comoros,COM,2021,"Population ages 15-19, female (% of female population)",SP.POP.1519.FE.5Y,10.0390999631132
Comoros,COM,2020,"Population ages 15-19, female (% of female population)",SP.POP.1519.FE.5Y,10.1792216295133
Comoros,COM,2019,"Population ages 15-19, female (% of female population)",SP.POP.1519.FE.5Y,10.3435176018235
Comoros,COM,2018,"Population ages 15-19, female (% of female population)",SP.POP.1519.FE.5Y,10.4926457742862
Comoros,COM,2017,"Population ages 15-19, female (% of female population)",SP.POP.1519.FE.5Y,10.5713943937159
Comoros,COM,2016,"Population ages 15-19, female (% of female population)",SP.POP.1519.FE.5Y,10.588718154333
Comoros,COM,2015,"Population ages 15-19, female (% of female population)",SP.POP.1519.FE.5Y,10.6456243013097
Comoros,COM,2014,"Population ages 15-19, female (% of female population)",SP.POP.1519.FE.5Y,10.8195369828479
Comoros,COM,2013,"Population ages 15-19, female (% of female population)",SP.POP.1519.FE.5Y,11.0938136697295
Comoros,COM,2012,"Population ages 15-19, female (% of female population)",SP.POP.1519.FE.5Y,11.2826328728635
Comoros,COM,2011,"Population ages 15-19, female (% of female population)",SP.POP.1519.FE.5Y,11.3289012753108
Comoros,COM,2010,"Population ages 15-19, female (% of female population)",SP.POP.1519.FE.5Y,11.3555932383827
Comoros,COM,2009,"Population ages 15-19, female (% of female population)",SP.POP.1519.FE.5Y,11.3839008903991
Comoros,COM,2008,"Population ages 15-19, female (% of female population)",SP.POP.1519.FE.5Y,11.4353297349227
Comoros,COM,2007,"Population ages 15-19, female (% of female population)",SP.POP.1519.FE.5Y,11.5261586235999
Comoros,COM,2006,"Population ages 15-19, female (% of female population)",SP.POP.1519.FE.5Y,11.6434060160252
Comoros,COM,2005,"Population ages 15-19, female (% of female population)",SP.POP.1519.FE.5Y,11.7464468505091
Comoros,COM,2004,"Population ages 15-19, female (% of female population)",SP.POP.1519.FE.5Y,11.7910842817989
Comoros,COM,2003,"Population ages 15-19, female (% of female population)",SP.POP.1519.FE.5Y,11.7474765053951
Comoros,COM,2002,"Population ages 15-19, female (% of female population)",SP.POP.1519.FE.5Y,11.6298563324821
Comoros,COM,2001,"Population ages 15-19, female (% of female population)",SP.POP.1519.FE.5Y,11.4598787826282
Comoros,COM,2000,"Population ages 15-19, female (% of female population)",SP.POP.1519.FE.5Y,11.2554279613285
Comoros,COM,1999,"Population ages 15-19, female (% of female population)",SP.POP.1519.FE.5Y,11.0406527768433
Comoros,COM,1998,"Population ages 15-19, female (% of female population)",SP.POP.1519.FE.5Y,10.8104151973523
Comoros,COM,1997,"Population ages 15-19, female (% of female population)",SP.POP.1519.FE.5Y,10.5884607047749
Comoros,COM,1996,"Population ages 15-19, female (% of female population)",SP.POP.1519.FE.5Y,10.4227255889469
Comoros,COM,1995,"Population ages 15-19, female (% of female population)",SP.POP.1519.FE.5Y,10.3165639938296
Comoros,COM,1994,"Population ages 15-19, female (% of female population)",SP.POP.1519.FE.5Y,10.2647687792205
Comoros,COM,1993,"Population ages 15-19, female (% of female population)",SP.POP.1519.FE.5Y,10.2799286032278
Comoros,COM,1992,"Population ages 15-19, female (% of female population)",SP.POP.1519.FE.5Y,10.3660346318878
Comoros,COM,1991,"Population ages 15-19, female (% of female population)",SP.POP.1519.FE.5Y,10.4561922013538
Comoros,COM,1990,"Population ages 15-19, female (% of female population)",SP.POP.1519.FE.5Y,10.5203723010508
Comoros,COM,1989,"Population ages 15-19, female (% of female population)",SP.POP.1519.FE.5Y,10.5962669931297
Comoros,COM,1988,"Population ages 15-19, female (% of female population)",SP.POP.1519.FE.5Y,10.6828235205725
Comoros,COM,1987,"Population ages 15-19, female (% of female population)",SP.POP.1519.FE.5Y,10.7674032295449
Comoros,COM,1986,"Population ages 15-19, female (% of female population)",SP.POP.1519.FE.5Y,10.8387317926197
Comoros,COM,1985,"Population ages 15-19, female (% of female population)",SP.POP.1519.FE.5Y,10.8843259162304
Comoros,COM,1984,"Population ages 15-19, female (% of female population)",SP.POP.1519.FE.5Y,10.8882596888618
Comoros,COM,1983,"Population ages 15-19, female (% of female population)",SP.POP.1519.FE.5Y,10.8469792913672
Comoros,COM,1982,"Population ages 15-19, female (% of female population)",SP.POP.1519.FE.5Y,10.7733520657195
Comoros,COM,1981,"Population ages 15-19, female (% of female population)",SP.POP.1519.FE.5Y,10.6764281472599
Comoros,COM,1980,"Population ages 15-19, female (% of female population)",SP.POP.1519.FE.5Y,10.5482478160458
Comoros,COM,1979,"Population ages 15-19, female (% of female population)",SP.POP.1519.FE.5Y,10.4147072699326
Comoros,COM,1978,"Population ages 15-19, female (% of female population)",SP.POP.1519.FE.5Y,10.3077082502489
Comoros,COM,1977,"Population ages 15-19, female (% of female population)",SP.POP.1519.FE.5Y,10.2210392540817
Comoros,COM,1976,"Population ages 15-19, female (% of female population)",SP.POP.1519.FE.5Y,10.1534504584759
Comoros,COM,1975,"Population ages 15-19, female (% of female population)",SP.POP.1519.FE.5Y,10.0994443021944
Comoros,COM,1974,"Population ages 15-19, female (% of female population)",SP.POP.1519.FE.5Y,10.0338238869581
Comoros,COM,1973,"Population ages 15-19, female (% of female population)",SP.POP.1519.FE.5Y,9.92922210811729
Comoros,COM,1972,"Population ages 15-19, female (% of female population)",SP.POP.1519.FE.5Y,9.77658105706375
Comoros,COM,1971,"Population ages 15-19, female (% of female population)",SP.POP.1519.FE.5Y,9.56577503078563
Comoros,COM,1970,"Population ages 15-19, female (% of female population)",SP.POP.1519.FE.5Y,9.31645035862131
Comoros,COM,1969,"Population ages 15-19, female (% of female population)",SP.POP.1519.FE.5Y,8.96623988177488
Comoros,COM,1968,"Population ages 15-19, female (% of female population)",SP.POP.1519.FE.5Y,8.53186618735317
Comoros,COM,1967,"Population ages 15-19, female (% of female population)",SP.POP.1519.FE.5Y,8.1943107452906
Comoros,COM,1966,"Population ages 15-19, female (% of female population)",SP.POP.1519.FE.5Y,8.00677966101695
Comoros,COM,1965,"Population ages 15-19, female (% of female population)",SP.POP.1519.FE.5Y,7.92608935466078
Comoros,COM,1964,"Population ages 15-19, female (% of female population)",SP.POP.1519.FE.5Y,8.04280660487432
Comoros,COM,1963,"Population ages 15-19, female (% of female population)",SP.POP.1519.FE.5Y,8.34807769845599
Comoros,COM,1962,"Population ages 15-19, female (% of female population)",SP.POP.1519.FE.5Y,8.63800354993054
Comoros,COM,1961,"Population ages 15-19, female (% of female population)",SP.POP.1519.FE.5Y,8.85139411542481
Comoros,COM,1960,"Population ages 15-19, female (% of female population)",SP.POP.1519.FE.5Y,9.00563132775526
Comoros,COM,2024,"Population ages 15-19, male (% of male population)",SP.POP.1519.MA.5Y,10.2587224610471
Comoros,COM,2023,"Population ages 15-19, male (% of male population)",SP.POP.1519.MA.5Y,10.2697704215835
Comoros,COM,2022,"Population ages 15-19, male (% of male population)",SP.POP.1519.MA.5Y,10.3618693504466
Comoros,COM,2021,"Population ages 15-19, male (% of male population)",SP.POP.1519.MA.5Y,10.4828509602709
Comoros,COM,2020,"Population ages 15-19, male (% of male population)",SP.POP.1519.MA.5Y,10.6076977024854
Comoros,COM,2019,"Population ages 15-19, male (% of male population)",SP.POP.1519.MA.5Y,10.7394593119205
Comoros,COM,2018,"Population ages 15-19, male (% of male population)",SP.POP.1519.MA.5Y,10.8400825626371
Comoros,COM,2017,"Population ages 15-19, male (% of male population)",SP.POP.1519.MA.5Y,10.8338184604103
Comoros,COM,2016,"Population ages 15-19, male (% of male population)",SP.POP.1519.MA.5Y,10.7538035033292
Comoros,COM,2015,"Population ages 15-19, male (% of male population)",SP.POP.1519.MA.5Y,10.7529699750547
Comoros,COM,2014,"Population ages 15-19, male (% of male population)",SP.POP.1519.MA.5Y,10.9465324513577
Comoros,COM,2013,"Population ages 15-19, male (% of male population)",SP.POP.1519.MA.5Y,11.3485345017248
Comoros,COM,2012,"Population ages 15-19, male (% of male population)",SP.POP.1519.MA.5Y,11.6924719701014
Comoros,COM,2011,"Population ages 15-19, male (% of male population)",SP.POP.1519.MA.5Y,11.8547287352593
Comoros,COM,2010,"Population ages 15-19, male (% of male population)",SP.POP.1519.MA.5Y,11.9730976773285
Comoros,COM,2009,"Population ages 15-19, male (% of male population)",SP.POP.1519.MA.5Y,12.0266252968498
Comoros,COM,2008,"Population ages 15-19, male (% of male population)",SP.POP.1519.MA.5Y,11.9967974021242
Comoros,COM,2007,"Population ages 15-19, male (% of male population)",SP.POP.1519.MA.5Y,11.8929112689176
Comoros,COM,2006,"Population ages 15-19, male (% of male population)",SP.POP.1519.MA.5Y,11.7325543827627
Comoros,COM,2005,"Population ages 15-19, male (% of male population)",SP.POP.1519.MA.5Y,11.5248772673862
Comoros,COM,2004,"Population ages 15-19, male (% of male population)",SP.POP.1519.MA.5Y,11.2852610135582
Comoros,COM,2003,"Population ages 15-19, male (% of male population)",SP.POP.1519.MA.5Y,11.0579739643714
Comoros,COM,2002,"Population ages 15-19, male (% of male population)",SP.POP.1519.MA.5Y,10.991440824629
Comoros,COM,2001,"Population ages 15-19, male (% of male population)",SP.POP.1519.MA.5Y,11.0384275177
Comoros,COM,2000,"Population ages 15-19, male (% of male population)",SP.POP.1519.MA.5Y,11.0084358297379
Comoros,COM,1999,"Population ages 15-19, male (% of male population)",SP.POP.1519.MA.5Y,10.8646132706283
Comoros,COM,1998,"Population ages 15-19, male (% of male population)",SP.POP.1519.MA.5Y,10.6087673220863
Comoros,COM,1997,"Population ages 15-19, male (% of male population)",SP.POP.1519.MA.5Y,10.3321432652235
Comoros,COM,1996,"Population ages 15-19, male (% of male population)",SP.POP.1519.MA.5Y,10.1296520466764
Comoros,COM,1995,"Population ages 15-19, male (% of male population)",SP.POP.1519.MA.5Y,10.0042887066131
Comoros,COM,1994,"Population ages 15-19, male (% of male population)",SP.POP.1519.MA.5Y,9.94969327221248
Comoros,COM,1993,"Population ages 15-19, male (% of male population)",SP.POP.1519.MA.5Y,9.98007157091735
Comoros,COM,1992,"Population ages 15-19, male (% of male population)",SP.POP.1519.MA.5Y,10.0981198243919
Comoros,COM,1991,"Population ages 15-19, male (% of male population)",SP.POP.1519.MA.5Y,10.2407494728601
Comoros,COM,1990,"Population ages 15-19, male (% of male population)",SP.POP.1519.MA.5Y,10.3436502770052
Comoros,COM,1989,"Population ages 15-19, male (% of male population)",SP.POP.1519.MA.5Y,10.4306436778389
Comoros,COM,1988,"Population ages 15-19, male (% of male population)",SP.POP.1519.MA.5Y,10.5311822547998
Comoros,COM,1987,"Population ages 15-19, male (% of male population)",SP.POP.1519.MA.5Y,10.6328466543071
Comoros,COM,1986,"Population ages 15-19, male (% of male population)",SP.POP.1519.MA.5Y,10.7155121044711
Comoros,COM,1985,"Population ages 15-19, male (% of male population)",SP.POP.1519.MA.5Y,10.7598252822045
Comoros,COM,1984,"Population ages 15-19, male (% of male population)",SP.POP.1519.MA.5Y,10.7414010430408
Comoros,COM,1983,"Population ages 15-19, male (% of male population)",SP.POP.1519.MA.5Y,10.6492027334852
Comoros,COM,1982,"Population ages 15-19, male (% of male population)",SP.POP.1519.MA.5Y,10.4961171847973
Comoros,COM,1981,"Population ages 15-19, male (% of male population)",SP.POP.1519.MA.5Y,10.2901924987868
Comoros,COM,1980,"Population ages 15-19, male (% of male population)",SP.POP.1519.MA.5Y,9.9731026374853
Comoros,COM,1979,"Population ages 15-19, male (% of male population)",SP.POP.1519.MA.5Y,9.63163189486205
Comoros,COM,1978,"Population ages 15-19, male (% of male population)",SP.POP.1519.MA.5Y,9.39307407115248
Comoros,COM,1977,"Population ages 15-19, male (% of male population)",SP.POP.1519.MA.5Y,9.24210560636442
Comoros,COM,1976,"Population ages 15-19, male (% of male population)",SP.POP.1519.MA.5Y,9.17774674680752
Comoros,COM,1975,"Population ages 15-19, male (% of male population)",SP.POP.1519.MA.5Y,9.19201477761987
Comoros,COM,1974,"Population ages 15-19, male (% of male population)",SP.POP.1519.MA.5Y,9.22428074338255
Comoros,COM,1973,"Population ages 15-19, male (% of male population)",SP.POP.1519.MA.5Y,9.1929435476318
Comoros,COM,1972,"Population ages 15-19, male (% of male population)",SP.POP.1519.MA.5Y,9.06863600240352
Comoros,COM,1971,"Population ages 15-19, male (% of male population)",SP.POP.1519.MA.5Y,8.82097189775318
Comoros,COM,1970,"Population ages 15-19, male (% of male population)",SP.POP.1519.MA.5Y,8.46316137839739
Comoros,COM,1969,"Population ages 15-19, male (% of male population)",SP.POP.1519.MA.5Y,7.9856179545251
Comoros,COM,1968,"Population ages 15-19, male (% of male population)",SP.POP.1519.MA.5Y,7.42567733773764
Comoros,COM,1967,"Population ages 15-19, male (% of male population)",SP.POP.1519.MA.5Y,6.94757679983006
Comoros,COM,1966,"Population ages 15-19, male (% of male population)",SP.POP.1519.MA.5Y,6.71384142616487
Comoros,COM,1965,"Population ages 15-19, male (% of male population)",SP.POP.1519.MA.5Y,6.78096188799006
Comoros,COM,1964,"Population ages 15-19, male (% of male population)",SP.POP.1519.MA.5Y,7.097305081259
Comoros,COM,1963,"Population ages 15-19, male (% of male population)",SP.POP.1519.MA.5Y,7.56971336278192
Comoros,COM,1962,"Population ages 15-19, male (% of male population)",SP.POP.1519.MA.5Y,8.0613633551899
Comoros,COM,1961,"Population ages 15-19, male (% of male population)",SP.POP.1519.MA.5Y,8.50383470724792
Comoros,COM,1960,"Population ages 15-19, male (% of male population)",SP.POP.1519.MA.5Y,8.90246652861214
Comoros,COM,2024,"Population ages 15-64, female",SP.POP.1564.FE.IN,251200
Comoros,COM,2023,"Population ages 15-64, female",SP.POP.1564.FE.IN,245429
Comoros,COM,2022,"Population ages 15-64, female",SP.POP.1564.FE.IN,239745
Comoros,COM,2021,"Population ages 15-64, female",SP.POP.1564.FE.IN,234242
Comoros,COM,2020,"Population ages 15-64, female",SP.POP.1564.FE.IN,228839
Comoros,COM,2019,"Population ages 15-64, female",SP.POP.1564.FE.IN,223643
Comoros,COM,2018,"Population ages 15-64, female",SP.POP.1564.FE.IN,218627
Comoros,COM,2017,"Population ages 15-64, female",SP.POP.1564.FE.IN,213525
Comoros,COM,2016,"Population ages 15-64, female",SP.POP.1564.FE.IN,208852
Comoros,COM,2015,"Population ages 15-64, female",SP.POP.1564.FE.IN,204711
Comoros,COM,2014,"Population ages 15-64, female",SP.POP.1564.FE.IN,200585
Comoros,COM,2013,"Population ages 15-64, female",SP.POP.1564.FE.IN,196304
Comoros,COM,2012,"Population ages 15-64, female",SP.POP.1564.FE.IN,191518
Comoros,COM,2011,"Population ages 15-64, female",SP.POP.1564.FE.IN,186327
Comoros,COM,2010,"Population ages 15-64, female",SP.POP.1564.FE.IN,181116
Comoros,COM,2009,"Population ages 15-64, female",SP.POP.1564.FE.IN,175950
Comoros,COM,2008,"Population ages 15-64, female",SP.POP.1564.FE.IN,170901
Comoros,COM,2007,"Population ages 15-64, female",SP.POP.1564.FE.IN,166065
Comoros,COM,2006,"Population ages 15-64, female",SP.POP.1564.FE.IN,161417
Comoros,COM,2005,"Population ages 15-64, female",SP.POP.1564.FE.IN,156831
Comoros,COM,2004,"Population ages 15-64, female",SP.POP.1564.FE.IN,152178
Comoros,COM,2003,"Population ages 15-64, female",SP.POP.1564.FE.IN,147968
Comoros,COM,2002,"Population ages 15-64, female",SP.POP.1564.FE.IN,144335
Comoros,COM,2001,"Population ages 15-64, female",SP.POP.1564.FE.IN,140751
Comoros,COM,2000,"Population ages 15-64, female",SP.POP.1564.FE.IN,137205
Comoros,COM,1999,"Population ages 15-64, female",SP.POP.1564.FE.IN,133772
Comoros,COM,1998,"Population ages 15-64, female",SP.POP.1564.FE.IN,130553
Comoros,COM,1997,"Population ages 15-64, female",SP.POP.1564.FE.IN,127665
Comoros,COM,1996,"Population ages 15-64, female",SP.POP.1564.FE.IN,125145
Comoros,COM,1995,"Population ages 15-64, female",SP.POP.1564.FE.IN,122943
Comoros,COM,1994,"Population ages 15-64, female",SP.POP.1564.FE.IN,120971
Comoros,COM,1993,"Population ages 15-64, female",SP.POP.1564.FE.IN,119223
Comoros,COM,1992,"Population ages 15-64, female",SP.POP.1564.FE.IN,117667
Comoros,COM,1991,"Population ages 15-64, female",SP.POP.1564.FE.IN,115418
Comoros,COM,1990,"Population ages 15-64, female",SP.POP.1564.FE.IN,112319
Comoros,COM,1989,"Population ages 15-64, female",SP.POP.1564.FE.IN,109150
Comoros,COM,1988,"Population ages 15-64, female",SP.POP.1564.FE.IN,106043
Comoros,COM,1987,"Population ages 15-64, female",SP.POP.1564.FE.IN,103002
Comoros,COM,1986,"Population ages 15-64, female",SP.POP.1564.FE.IN,100000
Comoros,COM,1985,"Population ages 15-64, female",SP.POP.1564.FE.IN,97031
Comoros,COM,1984,"Population ages 15-64, female",SP.POP.1564.FE.IN,94109
Comoros,COM,1983,"Population ages 15-64, female",SP.POP.1564.FE.IN,91247
Comoros,COM,1982,"Population ages 15-64, female",SP.POP.1564.FE.IN,88464
Comoros,COM,1981,"Population ages 15-64, female",SP.POP.1564.FE.IN,85775
Comoros,COM,1980,"Population ages 15-64, female",SP.POP.1564.FE.IN,83090
Comoros,COM,1979,"Population ages 15-64, female",SP.POP.1564.FE.IN,80445
Comoros,COM,1978,"Population ages 15-64, female",SP.POP.1564.FE.IN,77965
Comoros,COM,1977,"Population ages 15-64, female",SP.POP.1564.FE.IN,75630
Comoros,COM,1976,"Population ages 15-64, female",SP.POP.1564.FE.IN,73427
Comoros,COM,1975,"Population ages 15-64, female",SP.POP.1564.FE.IN,71370
Comoros,COM,1974,"Population ages 15-64, female",SP.POP.1564.FE.IN,69428
Comoros,COM,1973,"Population ages 15-64, female",SP.POP.1564.FE.IN,67559
Comoros,COM,1972,"Population ages 15-64, female",SP.POP.1564.FE.IN,65773
Comoros,COM,1971,"Population ages 15-64, female",SP.POP.1564.FE.IN,64070
Comoros,COM,1970,"Population ages 15-64, female",SP.POP.1564.FE.IN,62459
Comoros,COM,1969,"Population ages 15-64, female",SP.POP.1564.FE.IN,60961
Comoros,COM,1968,"Population ages 15-64, female",SP.POP.1564.FE.IN,59588
Comoros,COM,1967,"Population ages 15-64, female",SP.POP.1564.FE.IN,58334
Comoros,COM,1966,"Population ages 15-64, female",SP.POP.1564.FE.IN,57389
Comoros,COM,1965,"Population ages 15-64, female",SP.POP.1564.FE.IN,56836
Comoros,COM,1964,"Population ages 15-64, female",SP.POP.1564.FE.IN,56537
Comoros,COM,1963,"Population ages 15-64, female",SP.POP.1564.FE.IN,56343
Comoros,COM,1962,"Population ages 15-64, female",SP.POP.1564.FE.IN,56083
Comoros,COM,1961,"Population ages 15-64, female",SP.POP.1564.FE.IN,55699
Comoros,COM,1960,"Population ages 15-64, female",SP.POP.1564.FE.IN,55221
Comoros,COM,2024,"Population ages 15-64, female (% of female population)",SP.POP.1564.FE.ZS,58.3082934959095
Comoros,COM,2023,"Population ages 15-64, female (% of female population)",SP.POP.1564.FE.ZS,58.0635927038728
Comoros,COM,2022,"Population ages 15-64, female (% of female population)",SP.POP.1564.FE.ZS,57.8213614290314
Comoros,COM,2021,"Population ages 15-64, female (% of female population)",SP.POP.1564.FE.ZS,57.6027296200664
Comoros,COM,2020,"Population ages 15-64, female (% of female population)",SP.POP.1564.FE.ZS,57.4048547500818
Comoros,COM,2019,"Population ages 15-64, female (% of female population)",SP.POP.1564.FE.ZS,57.2127696042692
Comoros,COM,2018,"Population ages 15-64, female (% of female population)",SP.POP.1564.FE.ZS,57.0052226605584
Comoros,COM,2017,"Population ages 15-64, female (% of female population)",SP.POP.1564.FE.ZS,56.7606363890107
Comoros,COM,2016,"Population ages 15-64, female (% of female population)",SP.POP.1564.FE.ZS,56.5805799677073
Comoros,COM,2015,"Population ages 15-64, female (% of female population)",SP.POP.1564.FE.ZS,56.5055136149716
Comoros,COM,2014,"Population ages 15-64, female (% of female population)",SP.POP.1564.FE.ZS,56.4380936838788
Comoros,COM,2013,"Population ages 15-64, female (% of female population)",SP.POP.1564.FE.ZS,56.3316766051229
Comoros,COM,2012,"Population ages 15-64, female (% of female population)",SP.POP.1564.FE.ZS,56.051861390775
Comoros,COM,2011,"Population ages 15-64, female (% of female population)",SP.POP.1564.FE.ZS,55.5977608956417
Comoros,COM,2010,"Population ages 15-64, female (% of female population)",SP.POP.1564.FE.ZS,55.0893868767442
Comoros,COM,2009,"Population ages 15-64, female (% of female population)",SP.POP.1564.FE.ZS,54.5494989955108
Comoros,COM,2008,"Population ages 15-64, female (% of female population)",SP.POP.1564.FE.ZS,54.0082354725758
Comoros,COM,2007,"Population ages 15-64, female (% of female population)",SP.POP.1564.FE.ZS,53.494473847819
Comoros,COM,2006,"Population ages 15-64, female (% of female population)",SP.POP.1564.FE.ZS,53.0071916458689
Comoros,COM,2005,"Population ages 15-64, female (% of female population)",SP.POP.1564.FE.ZS,52.5144528509745
Comoros,COM,2004,"Population ages 15-64, female (% of female population)",SP.POP.1564.FE.ZS,51.9736336546589
Comoros,COM,2003,"Population ages 15-64, female (% of female population)",SP.POP.1564.FE.ZS,51.502784545771
Comoros,COM,2002,"Population ages 15-64, female (% of female population)",SP.POP.1564.FE.ZS,51.1564109879867
Comoros,COM,2001,"Population ages 15-64, female (% of female population)",SP.POP.1564.FE.ZS,50.8084166296661
Comoros,COM,2000,"Population ages 15-64, female (% of female population)",SP.POP.1564.FE.ZS,50.4267944201568
Comoros,COM,1999,"Population ages 15-64, female (% of female population)",SP.POP.1564.FE.ZS,50.0022427056
Comoros,COM,1998,"Population ages 15-64, female (% of female population)",SP.POP.1564.FE.ZS,49.6362437005621
Comoros,COM,1997,"Population ages 15-64, female (% of female population)",SP.POP.1564.FE.ZS,49.4151390351149
Comoros,COM,1996,"Population ages 15-64, female (% of female population)",SP.POP.1564.FE.ZS,49.3166717896579
Comoros,COM,1995,"Population ages 15-64, female (% of female population)",SP.POP.1564.FE.ZS,49.3244856161072
Comoros,COM,1994,"Population ages 15-64, female (% of female population)",SP.POP.1564.FE.ZS,49.4165609674896
Comoros,COM,1993,"Population ages 15-64, female (% of female population)",SP.POP.1564.FE.ZS,49.6045301168727
Comoros,COM,1992,"Population ages 15-64, female (% of female population)",SP.POP.1564.FE.ZS,49.8899733731323
Comoros,COM,1991,"Population ages 15-64, female (% of female population)",SP.POP.1564.FE.ZS,50.0169008225067
Comoros,COM,1990,"Population ages 15-64, female (% of female population)",SP.POP.1564.FE.ZS,49.9360899497834
Comoros,COM,1989,"Population ages 15-64, female (% of female population)",SP.POP.1564.FE.ZS,49.8602178044146
Comoros,COM,1988,"Population ages 15-64, female (% of female population)",SP.POP.1564.FE.ZS,49.7962001183354
Comoros,COM,1987,"Population ages 15-64, female (% of female population)",SP.POP.1564.FE.ZS,49.7382755157228
Comoros,COM,1986,"Population ages 15-64, female (% of female population)",SP.POP.1564.FE.ZS,49.6790731872106
Comoros,COM,1985,"Population ages 15-64, female (% of female population)",SP.POP.1564.FE.ZS,49.6109088678011
Comoros,COM,1984,"Population ages 15-64, female (% of female population)",SP.POP.1564.FE.ZS,49.5276614108583
Comoros,COM,1983,"Population ages 15-64, female (% of female population)",SP.POP.1564.FE.ZS,49.4274385322492
Comoros,COM,1982,"Population ages 15-64, female (% of female population)",SP.POP.1564.FE.ZS,49.3196966022462
Comoros,COM,1981,"Population ages 15-64, female (% of female population)",SP.POP.1564.FE.ZS,49.2140994489086
Comoros,COM,1980,"Population ages 15-64, female (% of female population)",SP.POP.1564.FE.ZS,49.0773937851072
Comoros,COM,1979,"Population ages 15-64, female (% of female population)",SP.POP.1564.FE.ZS,48.9701562951803
Comoros,COM,1978,"Population ages 15-64, female (% of female population)",SP.POP.1564.FE.ZS,48.9654609343353
Comoros,COM,1977,"Population ages 15-64, female (% of female population)",SP.POP.1564.FE.ZS,49.038424130821
Comoros,COM,1976,"Population ages 15-64, female (% of female population)",SP.POP.1564.FE.ZS,49.1808384516976
Comoros,COM,1975,"Population ages 15-64, female (% of female population)",SP.POP.1564.FE.ZS,49.3903240763168
Comoros,COM,1974,"Population ages 15-64, female (% of female population)",SP.POP.1564.FE.ZS,49.647459275468
Comoros,COM,1973,"Population ages 15-64, female (% of female population)",SP.POP.1564.FE.ZS,49.9128205507081
Comoros,COM,1972,"Population ages 15-64, female (% of female population)",SP.POP.1564.FE.ZS,50.1697190672698
Comoros,COM,1971,"Population ages 15-64, female (% of female population)",SP.POP.1564.FE.ZS,50.4136880992379
Comoros,COM,1970,"Population ages 15-64, female (% of female population)",SP.POP.1564.FE.ZS,50.6481132343222
Comoros,COM,1969,"Population ages 15-64, female (% of female population)",SP.POP.1564.FE.ZS,50.8977511344518
Comoros,COM,1968,"Population ages 15-64, female (% of female population)",SP.POP.1564.FE.ZS,51.1856137231406
Comoros,COM,1967,"Population ages 15-64, female (% of female population)",SP.POP.1564.FE.ZS,51.5181354929304
Comoros,COM,1966,"Population ages 15-64, female (% of female population)",SP.POP.1564.FE.ZS,51.8770621468927
Comoros,COM,1965,"Population ages 15-64, female (% of female population)",SP.POP.1564.FE.ZS,52.2490347490347
Comoros,COM,1964,"Population ages 15-64, female (% of female population)",SP.POP.1564.FE.ZS,52.7727217570683
Comoros,COM,1963,"Population ages 15-64, female (% of female population)",SP.POP.1564.FE.ZS,53.4530275359913
Comoros,COM,1962,"Population ages 15-64, female (% of female population)",SP.POP.1564.FE.ZS,54.0997839172712
Comoros,COM,1961,"Population ages 15-64, female (% of female population)",SP.POP.1564.FE.ZS,54.6543290436216
Comoros,COM,1960,"Population ages 15-64, female (% of female population)",SP.POP.1564.FE.ZS,55.136090420752
Comoros,COM,2024,"Population ages 15-64, male",SP.POP.1564.MA.IN,254967
Comoros,COM,2023,"Population ages 15-64, male",SP.POP.1564.MA.IN,248865
Comoros,COM,2022,"Population ages 15-64, male",SP.POP.1564.MA.IN,242633
Comoros,COM,2021,"Population ages 15-64, male",SP.POP.1564.MA.IN,236538
Comoros,COM,2020,"Population ages 15-64, male",SP.POP.1564.MA.IN,230516
Comoros,COM,2019,"Population ages 15-64, male",SP.POP.1564.MA.IN,224540
Comoros,COM,2018,"Population ages 15-64, male",SP.POP.1564.MA.IN,218604
Comoros,COM,2017,"Population ages 15-64, male",SP.POP.1564.MA.IN,212558
Comoros,COM,2016,"Population ages 15-64, male",SP.POP.1564.MA.IN,206869
Comoros,COM,2015,"Population ages 15-64, male",SP.POP.1564.MA.IN,201687
Comoros,COM,2014,"Population ages 15-64, male",SP.POP.1564.MA.IN,196583
Comoros,COM,2013,"Population ages 15-64, male",SP.POP.1564.MA.IN,191371
Comoros,COM,2012,"Population ages 15-64, male",SP.POP.1564.MA.IN,185734
Comoros,COM,2011,"Population ages 15-64, male",SP.POP.1564.MA.IN,179740
Comoros,COM,2010,"Population ages 15-64, male",SP.POP.1564.MA.IN,173693
Comoros,COM,2009,"Population ages 15-64, male",SP.POP.1564.MA.IN,167649
Comoros,COM,2008,"Population ages 15-64, male",SP.POP.1564.MA.IN,161675
Comoros,COM,2007,"Population ages 15-64, male",SP.POP.1564.MA.IN,155874
Comoros,COM,2006,"Population ages 15-64, male",SP.POP.1564.MA.IN,150277
Comoros,COM,2005,"Population ages 15-64, male",SP.POP.1564.MA.IN,144846
Comoros,COM,2004,"Population ages 15-64, male",SP.POP.1564.MA.IN,139570
Comoros,COM,2003,"Population ages 15-64, male",SP.POP.1564.MA.IN,135342
Comoros,COM,2002,"Population ages 15-64, male",SP.POP.1564.MA.IN,131872
Comoros,COM,2001,"Population ages 15-64, male",SP.POP.1564.MA.IN,128172
Comoros,COM,2000,"Population ages 15-64, male",SP.POP.1564.MA.IN,124449
Comoros,COM,1999,"Population ages 15-64, male",SP.POP.1564.MA.IN,120704
Comoros,COM,1998,"Population ages 15-64, male",SP.POP.1564.MA.IN,117659
Comoros,COM,1997,"Population ages 15-64, male",SP.POP.1564.MA.IN,115537
Comoros,COM,1996,"Population ages 15-64, male",SP.POP.1564.MA.IN,113792
Comoros,COM,1995,"Population ages 15-64, male",SP.POP.1564.MA.IN,112340
Comoros,COM,1994,"Population ages 15-64, male",SP.POP.1564.MA.IN,111107
Comoros,COM,1993,"Population ages 15-64, male",SP.POP.1564.MA.IN,110074
Comoros,COM,1992,"Population ages 15-64, male",SP.POP.1564.MA.IN,109189
Comoros,COM,1991,"Population ages 15-64, male",SP.POP.1564.MA.IN,107729
Comoros,COM,1990,"Population ages 15-64, male",SP.POP.1564.MA.IN,105446
Comoros,COM,1989,"Population ages 15-64, male",SP.POP.1564.MA.IN,102952
Comoros,COM,1988,"Population ages 15-64, male",SP.POP.1564.MA.IN,100475
Comoros,COM,1987,"Population ages 15-64, male",SP.POP.1564.MA.IN,98030
Comoros,COM,1986,"Population ages 15-64, male",SP.POP.1564.MA.IN,95595
Comoros,COM,1985,"Population ages 15-64, male",SP.POP.1564.MA.IN,93164
Comoros,COM,1984,"Population ages 15-64, male",SP.POP.1564.MA.IN,90744
Comoros,COM,1983,"Population ages 15-64, male",SP.POP.1564.MA.IN,88339
Comoros,COM,1982,"Population ages 15-64, male",SP.POP.1564.MA.IN,85990
Comoros,COM,1981,"Population ages 15-64, male",SP.POP.1564.MA.IN,83739
Comoros,COM,1980,"Population ages 15-64, male",SP.POP.1564.MA.IN,81474
Comoros,COM,1979,"Population ages 15-64, male",SP.POP.1564.MA.IN,79138
Comoros,COM,1978,"Population ages 15-64, male",SP.POP.1564.MA.IN,76822
Comoros,COM,1977,"Population ages 15-64, male",SP.POP.1564.MA.IN,74532
Comoros,COM,1976,"Population ages 15-64, male",SP.POP.1564.MA.IN,72279
Comoros,COM,1975,"Population ages 15-64, male",SP.POP.1564.MA.IN,70079
Comoros,COM,1974,"Population ages 15-64, male",SP.POP.1564.MA.IN,67919
Comoros,COM,1973,"Population ages 15-64, male",SP.POP.1564.MA.IN,65832
Comoros,COM,1972,"Population ages 15-64, male",SP.POP.1564.MA.IN,63862
Comoros,COM,1971,"Population ages 15-64, male",SP.POP.1564.MA.IN,62009
Comoros,COM,1970,"Population ages 15-64, male",SP.POP.1564.MA.IN,60299
Comoros,COM,1969,"Population ages 15-64, male",SP.POP.1564.MA.IN,58783
Comoros,COM,1968,"Population ages 15-64, male",SP.POP.1564.MA.IN,57473
Comoros,COM,1967,"Population ages 15-64, male",SP.POP.1564.MA.IN,56363
Comoros,COM,1966,"Population ages 15-64, male",SP.POP.1564.MA.IN,55578
Comoros,COM,1965,"Population ages 15-64, male",SP.POP.1564.MA.IN,55083
Comoros,COM,1964,"Population ages 15-64, male",SP.POP.1564.MA.IN,54734
Comoros,COM,1963,"Population ages 15-64, male",SP.POP.1564.MA.IN,54471
Comoros,COM,1962,"Population ages 15-64, male",SP.POP.1564.MA.IN,54146
Comoros,COM,1961,"Population ages 15-64, male",SP.POP.1564.MA.IN,53694
Comoros,COM,1960,"Population ages 15-64, male",SP.POP.1564.MA.IN,53142
Comoros,COM,2024,"Population ages 15-64, male (% of male population)",SP.POP.1564.MA.ZS,58.5034458467995
Comoros,COM,2023,"Population ages 15-64, male (% of male population)",SP.POP.1564.MA.ZS,58.1871044220558
Comoros,COM,2022,"Population ages 15-64, male (% of male population)",SP.POP.1564.MA.ZS,57.8306906681444
Comoros,COM,2021,"Population ages 15-64, male (% of male population)",SP.POP.1564.MA.ZS,57.4785948345724
Comoros,COM,2020,"Population ages 15-64, male (% of male population)",SP.POP.1564.MA.ZS,57.1258639532319
Comoros,COM,2019,"Population ages 15-64, male (% of male population)",SP.POP.1564.MA.ZS,56.7477336541305
Comoros,COM,2018,"Population ages 15-64, male (% of male population)",SP.POP.1564.MA.ZS,56.3313482911544
Comoros,COM,2017,"Population ages 15-64, male (% of male population)",SP.POP.1564.MA.ZS,55.8652192139233
Comoros,COM,2016,"Population ages 15-64, male (% of male population)",SP.POP.1564.MA.ZS,55.5178641876243
Comoros,COM,2015,"Population ages 15-64, male (% of male population)",SP.POP.1564.MA.ZS,55.3481505061787
Comoros,COM,2014,"Population ages 15-64, male (% of male population)",SP.POP.1564.MA.ZS,55.2051491949468
Comoros,COM,2013,"Population ages 15-64, male (% of male population)",SP.POP.1564.MA.ZS,55.0368189994953
Comoros,COM,2012,"Population ages 15-64, male (% of male population)",SP.POP.1564.MA.ZS,54.6356149957567
Comoros,COM,2011,"Population ages 15-64, male (% of male population)",SP.POP.1564.MA.ZS,53.9887721448267
Comoros,COM,2010,"Population ages 15-64, male (% of male population)",SP.POP.1564.MA.ZS,53.2690216932945
Comoros,COM,2009,"Population ages 15-64, male (% of male population)",SP.POP.1564.MA.ZS,52.4894683863736
Comoros,COM,2008,"Population ages 15-64, male (% of male population)",SP.POP.1564.MA.ZS,51.6744920430465
Comoros,COM,2007,"Population ages 15-64, male (% of male population)",SP.POP.1564.MA.ZS,50.8571959927372
Comoros,COM,2006,"Population ages 15-64, male (% of male population)",SP.POP.1564.MA.ZS,50.0534584805801
Comoros,COM,2005,"Population ages 15-64, male (% of male population)",SP.POP.1564.MA.ZS,49.261733782035
Comoros,COM,2004,"Population ages 15-64, male (% of male population)",SP.POP.1564.MA.ZS,48.4777175923434
Comoros,COM,2003,"Population ages 15-64, male (% of male population)",SP.POP.1564.MA.ZS,47.9089195479606
Comoros,COM,2002,"Population ages 15-64, male (% of male population)",SP.POP.1564.MA.ZS,47.6452332004957
Comoros,COM,2001,"Population ages 15-64, male (% of male population)",SP.POP.1564.MA.ZS,47.4365000351595
Comoros,COM,2000,"Population ages 15-64, male (% of male population)",SP.POP.1564.MA.ZS,47.1410226786316
Comoros,COM,1999,"Population ages 15-64, male (% of male population)",SP.POP.1564.MA.ZS,46.7204691264842
Comoros,COM,1998,"Population ages 15-64, male (% of male population)",SP.POP.1564.MA.ZS,46.3997271056637
Comoros,COM,1997,"Population ages 15-64, male (% of male population)",SP.POP.1564.MA.ZS,46.3214466844809
Comoros,COM,1996,"Population ages 15-64, male (% of male population)",SP.POP.1564.MA.ZS,46.379646951893
Comoros,COM,1995,"Population ages 15-64, male (% of male population)",SP.POP.1564.MA.ZS,46.5500773831845
Comoros,COM,1994,"Population ages 15-64, male (% of male population)",SP.POP.1564.MA.ZS,46.8126432519887
Comoros,COM,1993,"Population ages 15-64, male (% of male population)",SP.POP.1564.MA.ZS,47.1740201855701
Comoros,COM,1992,"Population ages 15-64, male (% of male population)",SP.POP.1564.MA.ZS,47.6266081597135
Comoros,COM,1991,"Population ages 15-64, male (% of male population)",SP.POP.1564.MA.ZS,47.9228018042865
Comoros,COM,1990,"Population ages 15-64, male (% of male population)",SP.POP.1564.MA.ZS,48.0015568736884
Comoros,COM,1989,"Population ages 15-64, male (% of male population)",SP.POP.1564.MA.ZS,48.0657450593162
Comoros,COM,1988,"Population ages 15-64, male (% of male population)",SP.POP.1564.MA.ZS,48.1357718611141
Comoros,COM,1987,"Population ages 15-64, male (% of male population)",SP.POP.1564.MA.ZS,48.2070410275829
Comoros,COM,1986,"Population ages 15-64, male (% of male population)",SP.POP.1564.MA.ZS,48.273964024926
Comoros,COM,1985,"Population ages 15-64, male (% of male population)",SP.POP.1564.MA.ZS,48.3298576527224
Comoros,COM,1984,"Population ages 15-64, male (% of male population)",SP.POP.1564.MA.ZS,48.364419358879
Comoros,COM,1983,"Population ages 15-64, male (% of male population)",SP.POP.1564.MA.ZS,48.3723387944629
Comoros,COM,1982,"Population ages 15-64, male (% of male population)",SP.POP.1564.MA.ZS,48.3716364638677
Comoros,COM,1981,"Population ages 15-64, male (% of male population)",SP.POP.1564.MA.ZS,48.3780301804821
Comoros,COM,1980,"Population ages 15-64, male (% of male population)",SP.POP.1564.MA.ZS,48.3757674357848
Comoros,COM,1979,"Population ages 15-64, male (% of male population)",SP.POP.1564.MA.ZS,48.3972761491819
Comoros,COM,1978,"Population ages 15-64, male (% of male population)",SP.POP.1564.MA.ZS,48.4792932081723
Comoros,COM,1977,"Population ages 15-64, male (% of male population)",SP.POP.1564.MA.ZS,48.601750868098
Comoros,COM,1976,"Population ages 15-64, male (% of male population)",SP.POP.1564.MA.ZS,48.7587611897004
Comoros,COM,1975,"Population ages 15-64, male (% of male population)",SP.POP.1564.MA.ZS,48.941437745086
Comoros,COM,1974,"Population ages 15-64, male (% of male population)",SP.POP.1564.MA.ZS,49.1337090275115
Comoros,COM,1973,"Population ages 15-64, male (% of male population)",SP.POP.1564.MA.ZS,49.3247369190021
Comoros,COM,1972,"Population ages 15-64, male (% of male population)",SP.POP.1564.MA.ZS,49.5140625302863
Comoros,COM,1971,"Population ages 15-64, male (% of male population)",SP.POP.1564.MA.ZS,49.6964572655909
Comoros,COM,1970,"Population ages 15-64, male (% of male population)",SP.POP.1564.MA.ZS,49.8891325032061
Comoros,COM,1969,"Population ages 15-64, male (% of male population)",SP.POP.1564.MA.ZS,50.1435218950861
Comoros,COM,1968,"Population ages 15-64, male (% of male population)",SP.POP.1564.MA.ZS,50.4910918227501
Comoros,COM,1967,"Population ages 15-64, male (% of male population)",SP.POP.1564.MA.ZS,50.9479926058837
Comoros,COM,1966,"Population ages 15-64, male (% of male population)",SP.POP.1564.MA.ZS,51.4425479923731
Comoros,COM,1965,"Population ages 15-64, male (% of male population)",SP.POP.1564.MA.ZS,51.8735815118612
Comoros,COM,1964,"Population ages 15-64, male (% of male population)",SP.POP.1564.MA.ZS,52.3717485635552
Comoros,COM,1963,"Population ages 15-64, male (% of male population)",SP.POP.1564.MA.ZS,52.9991827044698
Comoros,COM,1962,"Population ages 15-64, male (% of male population)",SP.POP.1564.MA.ZS,53.5900037114933
Comoros,COM,1961,"Population ages 15-64, male (% of male population)",SP.POP.1564.MA.ZS,54.0781847205926
Comoros,COM,1960,"Population ages 15-64, male (% of male population)",SP.POP.1564.MA.ZS,54.4789125130708
Comoros,COM,2024,"Population ages 15-64, total",SP.POP.1564.TO,506166
Comoros,COM,2023,"Population ages 15-64, total",SP.POP.1564.TO,494294
Comoros,COM,2022,"Population ages 15-64, total",SP.POP.1564.TO,482378
Comoros,COM,2021,"Population ages 15-64, total",SP.POP.1564.TO,470780
Comoros,COM,2020,"Population ages 15-64, total",SP.POP.1564.TO,459355
Comoros,COM,2019,"Population ages 15-64, total",SP.POP.1564.TO,448183
Comoros,COM,2018,"Population ages 15-64, total",SP.POP.1564.TO,437231
Comoros,COM,2017,"Population ages 15-64, total",SP.POP.1564.TO,426083
Comoros,COM,2016,"Population ages 15-64, total",SP.POP.1564.TO,415722
Comoros,COM,2015,"Population ages 15-64, total",SP.POP.1564.TO,406398
Comoros,COM,2014,"Population ages 15-64, total",SP.POP.1564.TO,397168
Comoros,COM,2013,"Population ages 15-64, total",SP.POP.1564.TO,387674
Comoros,COM,2012,"Population ages 15-64, total",SP.POP.1564.TO,377252
Comoros,COM,2011,"Population ages 15-64, total",SP.POP.1564.TO,366068
Comoros,COM,2010,"Population ages 15-64, total",SP.POP.1564.TO,354810
Comoros,COM,2009,"Population ages 15-64, total",SP.POP.1564.TO,343599
Comoros,COM,2008,"Population ages 15-64, total",SP.POP.1564.TO,332576
Comoros,COM,2007,"Population ages 15-64, total",SP.POP.1564.TO,321939
Comoros,COM,2006,"Population ages 15-64, total",SP.POP.1564.TO,311695
Comoros,COM,2005,"Population ages 15-64, total",SP.POP.1564.TO,301677
Comoros,COM,2004,"Population ages 15-64, total",SP.POP.1564.TO,291748
Comoros,COM,2003,"Population ages 15-64, total",SP.POP.1564.TO,283309
Comoros,COM,2002,"Population ages 15-64, total",SP.POP.1564.TO,276207
Comoros,COM,2001,"Population ages 15-64, total",SP.POP.1564.TO,268923
Comoros,COM,2000,"Population ages 15-64, total",SP.POP.1564.TO,261654
Comoros,COM,1999,"Population ages 15-64, total",SP.POP.1564.TO,254476
Comoros,COM,1998,"Population ages 15-64, total",SP.POP.1564.TO,248212
Comoros,COM,1997,"Population ages 15-64, total",SP.POP.1564.TO,243202
Comoros,COM,1996,"Population ages 15-64, total",SP.POP.1564.TO,238937
Comoros,COM,1995,"Population ages 15-64, total",SP.POP.1564.TO,235284
Comoros,COM,1994,"Population ages 15-64, total",SP.POP.1564.TO,232078
Comoros,COM,1993,"Population ages 15-64, total",SP.POP.1564.TO,229296
Comoros,COM,1992,"Population ages 15-64, total",SP.POP.1564.TO,226856
Comoros,COM,1991,"Population ages 15-64, total",SP.POP.1564.TO,223148
Comoros,COM,1990,"Population ages 15-64, total",SP.POP.1564.TO,217764
Comoros,COM,1989,"Population ages 15-64, total",SP.POP.1564.TO,212102
Comoros,COM,1988,"Population ages 15-64, total",SP.POP.1564.TO,206518
Comoros,COM,1987,"Population ages 15-64, total",SP.POP.1564.TO,201031
Comoros,COM,1986,"Population ages 15-64, total",SP.POP.1564.TO,195595
Comoros,COM,1985,"Population ages 15-64, total",SP.POP.1564.TO,190195
Comoros,COM,1984,"Population ages 15-64, total",SP.POP.1564.TO,184852
Comoros,COM,1983,"Population ages 15-64, total",SP.POP.1564.TO,179587
Comoros,COM,1982,"Population ages 15-64, total",SP.POP.1564.TO,174455
Comoros,COM,1981,"Population ages 15-64, total",SP.POP.1564.TO,169514
Comoros,COM,1980,"Population ages 15-64, total",SP.POP.1564.TO,164563
Comoros,COM,1979,"Population ages 15-64, total",SP.POP.1564.TO,159583
Comoros,COM,1978,"Population ages 15-64, total",SP.POP.1564.TO,154787
Comoros,COM,1977,"Population ages 15-64, total",SP.POP.1564.TO,150162
Comoros,COM,1976,"Population ages 15-64, total",SP.POP.1564.TO,145706
Comoros,COM,1975,"Population ages 15-64, total",SP.POP.1564.TO,141449
Comoros,COM,1974,"Population ages 15-64, total",SP.POP.1564.TO,137347
Comoros,COM,1973,"Population ages 15-64, total",SP.POP.1564.TO,133391
Comoros,COM,1972,"Population ages 15-64, total",SP.POP.1564.TO,129634
Comoros,COM,1971,"Population ages 15-64, total",SP.POP.1564.TO,126080
Comoros,COM,1970,"Population ages 15-64, total",SP.POP.1564.TO,122758
Comoros,COM,1969,"Population ages 15-64, total",SP.POP.1564.TO,119744
Comoros,COM,1968,"Population ages 15-64, total",SP.POP.1564.TO,117061
Comoros,COM,1967,"Population ages 15-64, total",SP.POP.1564.TO,114697
Comoros,COM,1966,"Population ages 15-64, total",SP.POP.1564.TO,112967
Comoros,COM,1965,"Population ages 15-64, total",SP.POP.1564.TO,111919
Comoros,COM,1964,"Population ages 15-64, total",SP.POP.1564.TO,111271
Comoros,COM,1963,"Population ages 15-64, total",SP.POP.1564.TO,110815
Comoros,COM,1962,"Population ages 15-64, total",SP.POP.1564.TO,110228
Comoros,COM,1961,"Population ages 15-64, total",SP.POP.1564.TO,109393
Comoros,COM,1960,"Population ages 15-64, total",SP.POP.1564.TO,108363
Comoros,COM,2024,Population ages 15-64 (% of total population),SP.POP.1564.TO.ZS,58.406432748538
Comoros,COM,2023,Population ages 15-64 (% of total population),SP.POP.1564.TO.ZS,58.1257121757506
Comoros,COM,2022,Population ages 15-64 (% of total population),SP.POP.1564.TO.ZS,57.8260535994284
Comoros,COM,2021,Population ages 15-64 (% of total population),SP.POP.1564.TO.ZS,57.5402924437269
Comoros,COM,2020,Population ages 15-64 (% of total population),SP.POP.1564.TO.ZS,57.2645102899845
Comoros,COM,2019,Population ages 15-64 (% of total population),SP.POP.1564.TO.ZS,56.9788374452375
Comoros,COM,2018,Population ages 15-64 (% of total population),SP.POP.1564.TO.ZS,56.6662994595575
Comoros,COM,2017,Population ages 15-64 (% of total population),SP.POP.1564.TO.ZS,56.3103838597961
Comoros,COM,2016,Population ages 15-64 (% of total population),SP.POP.1564.TO.ZS,56.046719811902
Comoros,COM,2015,Population ages 15-64 (% of total population),SP.POP.1564.TO.ZS,55.9251502032526
Comoros,COM,2014,Population ages 15-64 (% of total population),SP.POP.1564.TO.ZS,55.8210266302648
Comoros,COM,2013,Population ages 15-64 (% of total population),SP.POP.1564.TO.ZS,55.684957824165
Comoros,COM,2012,Population ages 15-64 (% of total population),SP.POP.1564.TO.ZS,55.3455359546499
Comoros,COM,2011,Population ages 15-64 (% of total population),SP.POP.1564.TO.ZS,54.7959302812938
Comoros,COM,2010,Population ages 15-64 (% of total population),SP.POP.1564.TO.ZS,54.1829557324277
Comoros,COM,2009,Population ages 15-64 (% of total population),SP.POP.1564.TO.ZS,53.5245483470221
Comoros,COM,2008,Population ages 15-64 (% of total population),SP.POP.1564.TO.ZS,52.8479740412867
Comoros,COM,2007,Population ages 15-64 (% of total population),SP.POP.1564.TO.ZS,52.1842553367378
Comoros,COM,2006,Population ages 15-64 (% of total population),SP.POP.1564.TO.ZS,51.5407943408301
Comoros,COM,2005,Population ages 15-64 (% of total population),SP.POP.1564.TO.ZS,50.900743575337
Comoros,COM,2004,Population ages 15-64 (% of total population),SP.POP.1564.TO.ZS,50.2403978619055
Comoros,COM,2003,Population ages 15-64 (% of total population),SP.POP.1564.TO.ZS,49.7209973718733
Comoros,COM,2002,Population ages 15-64 (% of total population),SP.POP.1564.TO.ZS,49.4176752274685
Comoros,COM,2001,Population ages 15-64 (% of total population),SP.POP.1564.TO.ZS,49.1434889075692
Comoros,COM,2000,Population ages 15-64 (% of total population),SP.POP.1564.TO.ZS,48.8087121406433
Comoros,COM,1999,Population ages 15-64 (% of total population),SP.POP.1564.TO.ZS,48.390004307013
Comoros,COM,1998,Population ages 15-64 (% of total population),SP.POP.1564.TO.ZS,48.0475612057743
Comoros,COM,1997,Population ages 15-64 (% of total population),SP.POP.1564.TO.ZS,47.8954857196311
Comoros,COM,1996,Population ages 15-64 (% of total population),SP.POP.1564.TO.ZS,47.8729010011881
Comoros,COM,1995,Population ages 15-64 (% of total population),SP.POP.1564.TO.ZS,47.9596849482048
Comoros,COM,1994,Population ages 15-64 (% of total population),SP.POP.1564.TO.ZS,48.1347319516533
Comoros,COM,1993,Population ages 15-64 (% of total population),SP.POP.1564.TO.ZS,48.4072647894579
Comoros,COM,1992,Population ages 15-64 (% of total population),SP.POP.1564.TO.ZS,48.7743287914214
Comoros,COM,1991,Population ages 15-64 (% of total population),SP.POP.1564.TO.ZS,48.9835497721466
Comoros,COM,1990,Population ages 15-64 (% of total population),SP.POP.1564.TO.ZS,48.9802551302136
Comoros,COM,1989,Population ages 15-64 (% of total population),SP.POP.1564.TO.ZS,48.9727616756291
Comoros,COM,1988,Population ages 15-64 (% of total population),SP.POP.1564.TO.ZS,48.9742972563741
Comoros,COM,1987,Population ages 15-64 (% of total population),SP.POP.1564.TO.ZS,48.9796291288108
Comoros,COM,1986,Population ages 15-64 (% of total population),SP.POP.1564.TO.ZS,48.9822647614182
Comoros,COM,1985,Population ages 15-64 (% of total population),SP.POP.1564.TO.ZS,48.975027809822
Comoros,COM,1984,Population ages 15-64 (% of total population),SP.POP.1564.TO.ZS,48.9497175193605
Comoros,COM,1983,Population ages 15-64 (% of total population),SP.POP.1564.TO.ZS,48.9027402221478
Comoros,COM,1982,Population ages 15-64 (% of total population),SP.POP.1564.TO.ZS,48.8477875561056
Comoros,COM,1981,Population ages 15-64 (% of total population),SP.POP.1564.TO.ZS,48.7975070707362
Comoros,COM,1980,Population ages 15-64 (% of total population),SP.POP.1564.TO.ZS,48.7274999185718
Comoros,COM,1979,Population ages 15-64 (% of total population),SP.POP.1564.TO.ZS,48.6843751048686
Comoros,COM,1978,Population ages 15-64 (% of total population),SP.POP.1564.TO.ZS,48.7229608924479
Comoros,COM,1977,Population ages 15-64 (% of total population),SP.POP.1564.TO.ZS,48.8207075592085
Comoros,COM,1976,Population ages 15-64 (% of total population),SP.POP.1564.TO.ZS,48.9705516606282
Comoros,COM,1975,Population ages 15-64 (% of total population),SP.POP.1564.TO.ZS,49.1669056370952
Comoros,COM,1974,Population ages 15-64 (% of total population),SP.POP.1564.TO.ZS,49.3920704845815
Comoros,COM,1973,Population ages 15-64 (% of total population),SP.POP.1564.TO.ZS,49.6208422380073
Comoros,COM,1972,Population ages 15-64 (% of total population),SP.POP.1564.TO.ZS,49.8445649645393
Comoros,COM,1971,Population ages 15-64 (% of total population),SP.POP.1564.TO.ZS,50.0583646000834
Comoros,COM,1970,Population ages 15-64 (% of total population),SP.POP.1564.TO.ZS,50.2724374397228
Comoros,COM,1969,Population ages 15-64 (% of total population),SP.POP.1564.TO.ZS,50.5246813304585
Comoros,COM,1968,Population ages 15-64 (% of total population),SP.POP.1564.TO.ZS,50.8422568182953
Comoros,COM,1967,Population ages 15-64 (% of total population),SP.POP.1564.TO.ZS,51.2363781747033
Comoros,COM,1966,Population ages 15-64 (% of total population),SP.POP.1564.TO.ZS,51.6623754361735
Comoros,COM,1965,Population ages 15-64 (% of total population),SP.POP.1564.TO.ZS,52.0635725483446
Comoros,COM,1964,Population ages 15-64 (% of total population),SP.POP.1564.TO.ZS,52.5747184547673
Comoros,COM,1963,Population ages 15-64 (% of total population),SP.POP.1564.TO.ZS,53.2289712780189
Comoros,COM,1962,Population ages 15-64 (% of total population),SP.POP.1564.TO.ZS,53.8481642782295
Comoros,COM,1961,Population ages 15-64 (% of total population),SP.POP.1564.TO.ZS,54.3700081013514
Comoros,COM,1960,Population ages 15-64 (% of total population),SP.POP.1564.TO.ZS,54.8118361153263
Comoros,COM,2024,"Population ages 20-24, female (% of female population)",SP.POP.2024.FE.5Y,8.97755061064707
Comoros,COM,2023,"Population ages 20-24, female (% of female population)",SP.POP.2024.FE.5Y,9.06089569187821
Comoros,COM,2022,"Population ages 20-24, female (% of female population)",SP.POP.2024.FE.5Y,9.08592107912949
Comoros,COM,2021,"Population ages 20-24, female (% of female population)",SP.POP.2024.FE.5Y,9.02299274560433
Comoros,COM,2020,"Population ages 20-24, female (% of female population)",SP.POP.2024.FE.5Y,8.89146988326575
Comoros,COM,2019,"Population ages 20-24, female (% of female population)",SP.POP.2024.FE.5Y,8.74770080097826
Comoros,COM,2018,"Population ages 20-24, female (% of female population)",SP.POP.2024.FE.5Y,8.63629371012278
Comoros,COM,2017,"Population ages 20-24, female (% of female population)",SP.POP.2024.FE.5Y,8.59271369140184
Comoros,COM,2016,"Population ages 20-24, female (% of female population)",SP.POP.2024.FE.5Y,8.75139519511059
Comoros,COM,2015,"Population ages 20-24, female (% of female population)",SP.POP.2024.FE.5Y,9.0495052237879
Comoros,COM,2014,"Population ages 20-24, female (% of female population)",SP.POP.2024.FE.5Y,9.28538468464413
Comoros,COM,2013,"Population ages 20-24, female (% of female population)",SP.POP.2024.FE.5Y,9.44492909164997
Comoros,COM,2012,"Population ages 20-24, female (% of female population)",SP.POP.2024.FE.5Y,9.5662608288457
Comoros,COM,2011,"Population ages 20-24, female (% of female population)",SP.POP.2024.FE.5Y,9.68925862490824
Comoros,COM,2010,"Population ages 20-24, female (% of female population)",SP.POP.2024.FE.5Y,9.80510543165003
Comoros,COM,2009,"Population ages 20-24, female (% of female population)",SP.POP.2024.FE.5Y,9.87158659688981
Comoros,COM,2008,"Population ages 20-24, female (% of female population)",SP.POP.2024.FE.5Y,9.85017507489666
Comoros,COM,2007,"Population ages 20-24, female (% of female population)",SP.POP.2024.FE.5Y,9.72657546072744
Comoros,COM,2006,"Population ages 20-24, female (% of female population)",SP.POP.2024.FE.5Y,9.515466964403
Comoros,COM,2005,"Population ages 20-24, female (% of female population)",SP.POP.2024.FE.5Y,9.24614130225503
Comoros,COM,2004,"Population ages 20-24, female (% of female population)",SP.POP.2024.FE.5Y,8.95174992955882
Comoros,COM,2003,"Population ages 20-24, female (% of female population)",SP.POP.2024.FE.5Y,8.70379394361295
Comoros,COM,2002,"Population ages 20-24, female (% of female population)",SP.POP.2024.FE.5Y,8.54668441171102
Comoros,COM,2001,"Population ages 20-24, female (% of female population)",SP.POP.2024.FE.5Y,8.43522018027384
Comoros,COM,2000,"Population ages 20-24, female (% of female population)",SP.POP.2024.FE.5Y,8.32051571834692
Comoros,COM,1999,"Population ages 20-24, female (% of female population)",SP.POP.2024.FE.5Y,8.18718368506433
Comoros,COM,1998,"Population ages 20-24, female (% of female population)",SP.POP.2024.FE.5Y,8.09863907428917
Comoros,COM,1997,"Population ages 20-24, female (% of female population)",SP.POP.2024.FE.5Y,8.09825354555026
Comoros,COM,1996,"Population ages 20-24, female (% of female population)",SP.POP.2024.FE.5Y,8.15993978514963
Comoros,COM,1995,"Population ages 20-24, female (% of female population)",SP.POP.2024.FE.5Y,8.27567807201074
Comoros,COM,1994,"Population ages 20-24, female (% of female population)",SP.POP.2024.FE.5Y,8.43979844647741
Comoros,COM,1993,"Population ages 20-24, female (% of female population)",SP.POP.2024.FE.5Y,8.64292044419111
Comoros,COM,1992,"Population ages 20-24, female (% of female population)",SP.POP.2024.FE.5Y,8.86848532130319
Comoros,COM,1991,"Population ages 20-24, female (% of female population)",SP.POP.2024.FE.5Y,9.0107385226081
Comoros,COM,1990,"Population ages 20-24, female (% of female population)",SP.POP.2024.FE.5Y,9.04455030665709
Comoros,COM,1989,"Population ages 20-24, female (% of female population)",SP.POP.2024.FE.5Y,9.04153267066219
Comoros,COM,1988,"Population ages 20-24, female (% of female population)",SP.POP.2024.FE.5Y,9.00452679921485
Comoros,COM,1987,"Population ages 20-24, female (% of female population)",SP.POP.2024.FE.5Y,8.94498956965155
Comoros,COM,1986,"Population ages 20-24, female (% of female population)",SP.POP.2024.FE.5Y,8.86895654074678
Comoros,COM,1985,"Population ages 20-24, female (% of female population)",SP.POP.2024.FE.5Y,8.78088187172775
Comoros,COM,1984,"Population ages 20-24, female (% of female population)",SP.POP.2024.FE.5Y,8.69208260530914
Comoros,COM,1983,"Population ages 20-24, female (% of female population)",SP.POP.2024.FE.5Y,8.6127978592593
Comoros,COM,1982,"Population ages 20-24, female (% of female population)",SP.POP.2024.FE.5Y,8.54581490060964
Comoros,COM,1981,"Population ages 20-24, female (% of female population)",SP.POP.2024.FE.5Y,8.49587326905367
Comoros,COM,1980,"Population ages 20-24, female (% of female population)",SP.POP.2024.FE.5Y,8.4585033933244
Comoros,COM,1979,"Population ages 20-24, female (% of female population)",SP.POP.2024.FE.5Y,8.41163310961969
Comoros,COM,1978,"Population ages 20-24, female (% of female population)",SP.POP.2024.FE.5Y,8.33817447582203
Comoros,COM,1977,"Population ages 20-24, female (% of female population)",SP.POP.2024.FE.5Y,8.23012980950034
Comoros,COM,1976,"Population ages 20-24, female (% of female population)",SP.POP.2024.FE.5Y,8.07607552629287
Comoros,COM,1975,"Population ages 20-24, female (% of female population)",SP.POP.2024.FE.5Y,7.88564943288375
Comoros,COM,1974,"Population ages 20-24, female (% of female population)",SP.POP.2024.FE.5Y,7.60608400909598
Comoros,COM,1973,"Population ages 20-24, female (% of female population)",SP.POP.2024.FE.5Y,7.25325630019283
Comoros,COM,1972,"Population ages 20-24, female (% of female population)",SP.POP.2024.FE.5Y,6.97678853385609
Comoros,COM,1971,"Population ages 20-24, female (% of female population)",SP.POP.2024.FE.5Y,6.83775479291989
Comoros,COM,1970,"Population ages 20-24, female (% of female population)",SP.POP.2024.FE.5Y,6.81360206617769
Comoros,COM,1969,"Population ages 20-24, female (% of female population)",SP.POP.2024.FE.5Y,6.98538466997575
Comoros,COM,1968,"Population ages 20-24, female (% of female population)",SP.POP.2024.FE.5Y,7.34560822563812
Comoros,COM,1967,"Population ages 20-24, female (% of female population)",SP.POP.2024.FE.5Y,7.71166906589185
Comoros,COM,1966,"Population ages 20-24, female (% of female population)",SP.POP.2024.FE.5Y,7.97559322033899
Comoros,COM,1965,"Population ages 20-24, female (% of female population)",SP.POP.2024.FE.5Y,8.10948703805847
Comoros,COM,1964,"Population ages 20-24, female (% of female population)",SP.POP.2024.FE.5Y,8.17908580922778
Comoros,COM,1963,"Population ages 20-24, female (% of female population)",SP.POP.2024.FE.5Y,8.23043901050684
Comoros,COM,1962,"Population ages 20-24, female (% of female population)",SP.POP.2024.FE.5Y,8.26275273962031
Comoros,COM,1961,"Population ages 20-24, female (% of female population)",SP.POP.2024.FE.5Y,8.27736101775577
Comoros,COM,1960,"Population ages 20-24, female (% of female population)",SP.POP.2024.FE.5Y,8.27825149270124
Comoros,COM,2024,"Population ages 20-24, male (% of male population)",SP.POP.2024.MA.5Y,9.19772058983811
Comoros,COM,2023,"Population ages 20-24, male (% of male population)",SP.POP.2024.MA.5Y,9.20464721520142
Comoros,COM,2022,"Population ages 20-24, male (% of male population)",SP.POP.2024.MA.5Y,9.13331307389333
Comoros,COM,2021,"Population ages 20-24, male (% of male population)",SP.POP.2024.MA.5Y,8.94430343758391
Comoros,COM,2020,"Population ages 20-24, male (% of male population)",SP.POP.2024.MA.5Y,8.67088121371025
Comoros,COM,2019,"Population ages 20-24, male (% of male population)",SP.POP.2024.MA.5Y,8.38693290807494
Comoros,COM,2018,"Population ages 20-24, male (% of male population)",SP.POP.2024.MA.5Y,8.14855090203031
Comoros,COM,2017,"Population ages 20-24, male (% of male population)",SP.POP.2024.MA.5Y,7.99704061532073
Comoros,COM,2016,"Population ages 20-24, male (% of male population)",SP.POP.2024.MA.5Y,8.19071593620259
Comoros,COM,2015,"Population ages 20-24, male (% of male population)",SP.POP.2024.MA.5Y,8.68764012876066
Comoros,COM,2014,"Population ages 20-24, male (% of male population)",SP.POP.2024.MA.5Y,9.14293818073573
Comoros,COM,2013,"Population ages 20-24, male (% of male population)",SP.POP.2024.MA.5Y,9.44970658399348
Comoros,COM,2012,"Population ages 20-24, male (% of male population)",SP.POP.2024.MA.5Y,9.50773570780366
Comoros,COM,2011,"Population ages 20-24, male (% of male population)",SP.POP.2024.MA.5Y,9.39108860333652
Comoros,COM,2010,"Population ages 20-24, male (% of male population)",SP.POP.2024.MA.5Y,9.24100304077211
Comoros,COM,2009,"Population ages 20-24, male (% of male population)",SP.POP.2024.MA.5Y,9.06853728371251
Comoros,COM,2008,"Population ages 20-24, male (% of male population)",SP.POP.2024.MA.5Y,8.88864739780932
Comoros,COM,2007,"Population ages 20-24, male (% of male population)",SP.POP.2024.MA.5Y,8.71617179483415
Comoros,COM,2006,"Population ages 20-24, male (% of male population)",SP.POP.2024.MA.5Y,8.54952653439162
Comoros,COM,2005,"Population ages 20-24, male (% of male population)",SP.POP.2024.MA.5Y,8.3728554739511
Comoros,COM,2004,"Population ages 20-24, male (% of male population)",SP.POP.2024.MA.5Y,8.16688751382828
Comoros,COM,2003,"Population ages 20-24, male (% of male population)",SP.POP.2024.MA.5Y,7.9719289551235
Comoros,COM,2002,"Population ages 20-24, male (% of male population)",SP.POP.2024.MA.5Y,7.82122198577204
Comoros,COM,2001,"Population ages 20-24, male (% of male population)",SP.POP.2024.MA.5Y,7.67051447647457
Comoros,COM,2000,"Population ages 20-24, male (% of male population)",SP.POP.2024.MA.5Y,7.50398684813612
Comoros,COM,1999,"Population ages 20-24, male (% of male population)",SP.POP.2024.MA.5Y,7.33687500604794
Comoros,COM,1998,"Population ages 20-24, male (% of male population)",SP.POP.2024.MA.5Y,7.23465758070495
Comoros,COM,1997,"Population ages 20-24, male (% of male population)",SP.POP.2024.MA.5Y,7.23903530312659
Comoros,COM,1996,"Population ages 20-24, male (% of male population)",SP.POP.2024.MA.5Y,7.32364916914273
Comoros,COM,1995,"Population ages 20-24, male (% of male population)",SP.POP.2024.MA.5Y,7.47768111498085
Comoros,COM,1994,"Population ages 20-24, male (% of male population)",SP.POP.2024.MA.5Y,7.69515976810031
Comoros,COM,1993,"Population ages 20-24, male (% of male population)",SP.POP.2024.MA.5Y,7.96708594938608
Comoros,COM,1992,"Population ages 20-24, male (% of male population)",SP.POP.2024.MA.5Y,8.27137688350152
Comoros,COM,1991,"Population ages 20-24, male (% of male population)",SP.POP.2024.MA.5Y,8.48495093372717
Comoros,COM,1990,"Population ages 20-24, male (% of male population)",SP.POP.2024.MA.5Y,8.56075676807589
Comoros,COM,1989,"Population ages 20-24, male (% of male population)",SP.POP.2024.MA.5Y,8.56618625432441
Comoros,COM,1988,"Population ages 20-24, male (% of male population)",SP.POP.2024.MA.5Y,8.51185129292276
Comoros,COM,1987,"Population ages 20-24, male (% of male population)",SP.POP.2024.MA.5Y,8.40812191727604
Comoros,COM,1986,"Population ages 20-24, male (% of male population)",SP.POP.2024.MA.5Y,8.25901649278378
Comoros,COM,1985,"Population ages 20-24, male (% of male population)",SP.POP.2024.MA.5Y,8.07213852921647
Comoros,COM,1984,"Population ages 20-24, male (% of male population)",SP.POP.2024.MA.5Y,7.86544401184281
Comoros,COM,1983,"Population ages 20-24, male (% of male population)",SP.POP.2024.MA.5Y,7.65562029087086
Comoros,COM,1982,"Population ages 20-24, male (% of male population)",SP.POP.2024.MA.5Y,7.45483643236645
Comoros,COM,1981,"Population ages 20-24, male (% of male population)",SP.POP.2024.MA.5Y,7.27907702262381
Comoros,COM,1980,"Population ages 20-24, male (% of male population)",SP.POP.2024.MA.5Y,7.09484734410811
Comoros,COM,1979,"Population ages 20-24, male (% of male population)",SP.POP.2024.MA.5Y,6.90961573155331
Comoros,COM,1978,"Population ages 20-24, male (% of male population)",SP.POP.2024.MA.5Y,6.75396387157845
Comoros,COM,1977,"Population ages 20-24, male (% of male population)",SP.POP.2024.MA.5Y,6.59656673350614
Comoros,COM,1976,"Population ages 20-24, male (% of male population)",SP.POP.2024.MA.5Y,6.40553430608679
Comoros,COM,1975,"Population ages 20-24, male (% of male population)",SP.POP.2024.MA.5Y,6.18620778758219
Comoros,COM,1974,"Population ages 20-24, male (% of male population)",SP.POP.2024.MA.5Y,5.907778895054
Comoros,COM,1973,"Population ages 20-24, male (% of male population)",SP.POP.2024.MA.5Y,5.56918777371101
Comoros,COM,1972,"Population ages 20-24, male (% of male population)",SP.POP.2024.MA.5Y,5.29355895408114
Comoros,COM,1971,"Population ages 20-24, male (% of male population)",SP.POP.2024.MA.5Y,5.15121036413107
Comoros,COM,1970,"Population ages 20-24, male (% of male population)",SP.POP.2024.MA.5Y,5.14085963678484
Comoros,COM,1969,"Population ages 20-24, male (% of male population)",SP.POP.2024.MA.5Y,5.32758392725381
Comoros,COM,1968,"Population ages 20-24, male (% of male population)",SP.POP.2024.MA.5Y,5.72179077204203
Comoros,COM,1967,"Population ages 20-24, male (% of male population)",SP.POP.2024.MA.5Y,6.18782682581794
Comoros,COM,1966,"Population ages 20-24, male (% of male population)",SP.POP.2024.MA.5Y,6.62914900312853
Comoros,COM,1965,"Population ages 20-24, male (% of male population)",SP.POP.2024.MA.5Y,7.01780820627761
Comoros,COM,1964,"Population ages 20-24, male (% of male population)",SP.POP.2024.MA.5Y,7.36330451672782
Comoros,COM,1963,"Population ages 20-24, male (% of male population)",SP.POP.2024.MA.5Y,7.67236178948802
Comoros,COM,1962,"Population ages 20-24, male (% of male population)",SP.POP.2024.MA.5Y,7.94012124211308
Comoros,COM,1961,"Population ages 20-24, male (% of male population)",SP.POP.2024.MA.5Y,8.15183728554091
Comoros,COM,1960,"Population ages 20-24, male (% of male population)",SP.POP.2024.MA.5Y,8.29659852787403
Comoros,COM,2024,"Population ages 25-29, female (% of female population)",SP.POP.2529.FE.5Y,7.65400805685058
Comoros,COM,2023,"Population ages 25-29, female (% of female population)",SP.POP.2529.FE.5Y,7.52572807494854
Comoros,COM,2022,"Population ages 25-29, female (% of female population)",SP.POP.2529.FE.5Y,7.45543321101559
Comoros,COM,2021,"Population ages 25-29, female (% of female population)",SP.POP.2529.FE.5Y,7.47251936554777
Comoros,COM,2020,"Population ages 25-29, female (% of female population)",SP.POP.2529.FE.5Y,7.56897505396466
Comoros,COM,2019,"Population ages 25-29, female (% of female population)",SP.POP.2529.FE.5Y,7.71609912585668
Comoros,COM,2018,"Population ages 25-29, female (% of female population)",SP.POP.2529.FE.5Y,7.87101618946551
Comoros,COM,2017,"Population ages 25-29, female (% of female population)",SP.POP.2529.FE.5Y,7.98755931257227
Comoros,COM,2016,"Population ages 25-29, female (% of female population)",SP.POP.2529.FE.5Y,8.07560602941017
Comoros,COM,2015,"Population ages 25-29, female (% of female population)",SP.POP.2529.FE.5Y,8.16056419669597
Comoros,COM,2014,"Population ages 25-29, female (% of female population)",SP.POP.2529.FE.5Y,8.24081056138298
Comoros,COM,2013,"Population ages 25-29, female (% of female population)",SP.POP.2529.FE.5Y,8.29908918210045
Comoros,COM,2012,"Population ages 25-29, female (% of female population)",SP.POP.2529.FE.5Y,8.24426363849216
Comoros,COM,2011,"Population ages 25-29, female (% of female population)",SP.POP.2529.FE.5Y,8.06543054420023
Comoros,COM,2010,"Population ages 25-29, female (% of female population)",SP.POP.2529.FE.5Y,7.83669310378915
Comoros,COM,2009,"Population ages 25-29, female (% of female population)",SP.POP.2529.FE.5Y,7.58683871127756
Comoros,COM,2008,"Population ages 25-29, female (% of female population)",SP.POP.2529.FE.5Y,7.34698327623911
Comoros,COM,2007,"Population ages 25-29, female (% of female population)",SP.POP.2529.FE.5Y,7.14034912525408
Comoros,COM,2006,"Population ages 25-29, female (% of female population)",SP.POP.2529.FE.5Y,6.97162747931171
Comoros,COM,2005,"Population ages 25-29, female (% of female population)",SP.POP.2529.FE.5Y,6.83138926512715
Comoros,COM,2004,"Population ages 25-29, female (% of female population)",SP.POP.2529.FE.5Y,6.70668294640494
Comoros,COM,2003,"Population ages 25-29, female (% of female population)",SP.POP.2529.FE.5Y,6.62321615036547
Comoros,COM,2002,"Population ages 25-29, female (% of female population)",SP.POP.2529.FE.5Y,6.57340476245328
Comoros,COM,2001,"Population ages 25-29, female (% of female population)",SP.POP.2529.FE.5Y,6.5360998906228
Comoros,COM,2000,"Population ages 25-29, female (% of female population)",SP.POP.2529.FE.5Y,6.53946447177644
Comoros,COM,1999,"Population ages 25-29, female (% of female population)",SP.POP.2529.FE.5Y,6.59262000343881
Comoros,COM,1998,"Population ages 25-29, female (% of female population)",SP.POP.2529.FE.5Y,6.69437056948249
Comoros,COM,1997,"Population ages 25-29, female (% of female population)",SP.POP.2529.FE.5Y,6.82770019198613
Comoros,COM,1996,"Population ages 25-29, female (% of female population)",SP.POP.2529.FE.5Y,6.97160286572246
Comoros,COM,1995,"Population ages 25-29, female (% of female population)",SP.POP.2529.FE.5Y,7.11020262422544
Comoros,COM,1994,"Population ages 25-29, female (% of female population)",SP.POP.2529.FE.5Y,7.22471747171653
Comoros,COM,1993,"Population ages 25-29, female (% of female population)",SP.POP.2529.FE.5Y,7.31151210541426
Comoros,COM,1992,"Population ages 25-29, female (% of female population)",SP.POP.2529.FE.5Y,7.37793192340959
Comoros,COM,1991,"Population ages 25-29, female (% of female population)",SP.POP.2529.FE.5Y,7.36854193570754
Comoros,COM,1990,"Population ages 25-29, female (% of female population)",SP.POP.2529.FE.5Y,7.28730179548339
Comoros,COM,1989,"Population ages 25-29, female (% of female population)",SP.POP.2529.FE.5Y,7.20677715246309
Comoros,COM,1988,"Population ages 25-29, female (% of female population)",SP.POP.2529.FE.5Y,7.13769170806841
Comoros,COM,1987,"Population ages 25-29, female (% of female population)",SP.POP.2529.FE.5Y,7.08201344356023
Comoros,COM,1986,"Population ages 25-29, female (% of female population)",SP.POP.2529.FE.5Y,7.04300220575085
Comoros,COM,1985,"Population ages 25-29, female (% of female population)",SP.POP.2529.FE.5Y,7.02000163612566
Comoros,COM,1984,"Population ages 25-29, female (% of female population)",SP.POP.2529.FE.5Y,6.99876849883166
Comoros,COM,1983,"Population ages 25-29, female (% of female population)",SP.POP.2529.FE.5Y,6.96499087260101
Comoros,COM,1982,"Population ages 25-29, female (% of female population)",SP.POP.2529.FE.5Y,6.91230622991217
Comoros,COM,1981,"Population ages 25-29, female (% of female population)",SP.POP.2529.FE.5Y,6.83055014472963
Comoros,COM,1980,"Population ages 25-29, female (% of female population)",SP.POP.2529.FE.5Y,6.72462980573292
Comoros,COM,1979,"Population ages 25-29, female (% of female population)",SP.POP.2529.FE.5Y,6.53943904183597
Comoros,COM,1978,"Population ages 25-29, female (% of female population)",SP.POP.2529.FE.5Y,6.28071508646542
Comoros,COM,1977,"Population ages 25-29, female (% of female population)",SP.POP.2529.FE.5Y,6.07193339644418
Comoros,COM,1976,"Population ages 25-29, female (% of female population)",SP.POP.2529.FE.5Y,5.96454095472843
Comoros,COM,1975,"Population ages 25-29, female (% of female population)",SP.POP.2529.FE.5Y,5.93863103188169
Comoros,COM,1974,"Population ages 25-29, female (% of female population)",SP.POP.2529.FE.5Y,6.06398649904893
Comoros,COM,1973,"Population ages 25-29, female (% of female population)",SP.POP.2529.FE.5Y,6.34562957599758
Comoros,COM,1972,"Population ages 25-29, female (% of female population)",SP.POP.2529.FE.5Y,6.63353648769251
Comoros,COM,1971,"Population ages 25-29, female (% of female population)",SP.POP.2529.FE.5Y,6.8763106024542
Comoros,COM,1970,"Population ages 25-29, female (% of female population)",SP.POP.2529.FE.5Y,7.08038874630533
Comoros,COM,1969,"Population ages 25-29, female (% of female population)",SP.POP.2529.FE.5Y,7.25089023682596
Comoros,COM,1968,"Population ages 25-29, female (% of female population)",SP.POP.2529.FE.5Y,7.38984594108223
Comoros,COM,1967,"Population ages 25-29, female (% of female population)",SP.POP.2529.FE.5Y,7.49485564907137
Comoros,COM,1966,"Population ages 25-29, female (% of female population)",SP.POP.2529.FE.5Y,7.54395480225989
Comoros,COM,1965,"Population ages 25-29, female (% of female population)",SP.POP.2529.FE.5Y,7.52803824232396
Comoros,COM,1964,"Population ages 25-29, female (% of female population)",SP.POP.2529.FE.5Y,7.48602204736169
Comoros,COM,1963,"Population ages 25-29, female (% of female population)",SP.POP.2529.FE.5Y,7.44586485781372
Comoros,COM,1962,"Population ages 25-29, female (% of female population)",SP.POP.2529.FE.5Y,7.40855070226887
Comoros,COM,1961,"Population ages 25-29, female (% of female population)",SP.POP.2529.FE.5Y,7.38098625754952
Comoros,COM,1960,"Population ages 25-29, female (% of female population)",SP.POP.2529.FE.5Y,7.36815304431176
Comoros,COM,2024,"Population ages 25-29, male (% of male population)",SP.POP.2529.MA.5Y,7.31893959471289
Comoros,COM,2023,"Population ages 25-29, male (% of male population)",SP.POP.2529.MA.5Y,7.07650509589733
Comoros,COM,2022,"Population ages 25-29, male (% of male population)",SP.POP.2529.MA.5Y,6.90715813684656
Comoros,COM,2021,"Population ages 25-29, male (% of male population)",SP.POP.2529.MA.5Y,6.85171842745693
Comoros,COM,2020,"Population ages 25-29, male (% of male population)",SP.POP.2529.MA.5Y,6.90381960879553
Comoros,COM,2019,"Population ages 25-29, male (% of male population)",SP.POP.2529.MA.5Y,7.02902085265656
Comoros,COM,2018,"Population ages 25-29, male (% of male population)",SP.POP.2529.MA.5Y,7.18132600130389
Comoros,COM,2017,"Population ages 25-29, male (% of male population)",SP.POP.2529.MA.5Y,7.317380865712
Comoros,COM,2016,"Population ages 25-29, male (% of male population)",SP.POP.2529.MA.5Y,7.47402829178486
Comoros,COM,2015,"Population ages 25-29, male (% of male population)",SP.POP.2529.MA.5Y,7.59130838069468
Comoros,COM,2014,"Population ages 25-29, male (% of male population)",SP.POP.2529.MA.5Y,7.56849656481636
Comoros,COM,2013,"Population ages 25-29, male (% of male population)",SP.POP.2529.MA.5Y,7.44964618961821
Comoros,COM,2012,"Population ages 25-29, male (% of male population)",SP.POP.2529.MA.5Y,7.30314355514569
Comoros,COM,2011,"Population ages 25-29, male (% of male population)",SP.POP.2529.MA.5Y,7.16624314403975
Comoros,COM,2010,"Population ages 25-29, male (% of male population)",SP.POP.2529.MA.5Y,7.02153075197389
Comoros,COM,2009,"Population ages 25-29, male (% of male population)",SP.POP.2529.MA.5Y,6.85325873407734
Comoros,COM,2008,"Population ages 25-29, male (% of male population)",SP.POP.2529.MA.5Y,6.64858679775371
Comoros,COM,2007,"Population ages 25-29, male (% of male population)",SP.POP.2529.MA.5Y,6.4073136950702
Comoros,COM,2006,"Population ages 25-29, male (% of male population)",SP.POP.2529.MA.5Y,6.14539374419201
Comoros,COM,2005,"Population ages 25-29, male (% of male population)",SP.POP.2529.MA.5Y,5.8857239056094
Comoros,COM,2004,"Population ages 25-29, male (% of male population)",SP.POP.2529.MA.5Y,5.65548190124224
Comoros,COM,2003,"Population ages 25-29, male (% of male population)",SP.POP.2529.MA.5Y,5.53934105611554
Comoros,COM,2002,"Population ages 25-29, male (% of male population)",SP.POP.2529.MA.5Y,5.55623800938655
Comoros,COM,2001,"Population ages 25-29, male (% of male population)",SP.POP.2529.MA.5Y,5.61331176882053
Comoros,COM,2000,"Population ages 25-29, male (% of male population)",SP.POP.2529.MA.5Y,5.6605667574519
Comoros,COM,1999,"Population ages 25-29, male (% of male population)",SP.POP.2529.MA.5Y,5.69202930105186
Comoros,COM,1998,"Population ages 25-29, male (% of male population)",SP.POP.2529.MA.5Y,5.79604697568401
Comoros,COM,1997,"Population ages 25-29, male (% of male population)",SP.POP.2529.MA.5Y,5.9933727706269
Comoros,COM,1996,"Population ages 25-29, male (% of male population)",SP.POP.2529.MA.5Y,6.20789161561694
Comoros,COM,1995,"Population ages 25-29, male (% of male population)",SP.POP.2529.MA.5Y,6.41565647252845
Comoros,COM,1994,"Population ages 25-29, male (% of male population)",SP.POP.2529.MA.5Y,6.58685283807469
Comoros,COM,1993,"Population ages 25-29, male (% of male population)",SP.POP.2529.MA.5Y,6.70880922279127
Comoros,COM,1992,"Population ages 25-29, male (% of male population)",SP.POP.2529.MA.5Y,6.78376780998035
Comoros,COM,1991,"Population ages 25-29, male (% of male population)",SP.POP.2529.MA.5Y,6.73849411471632
Comoros,COM,1990,"Population ages 25-29, male (% of male population)",SP.POP.2529.MA.5Y,6.58188836942519
Comoros,COM,1989,"Population ages 25-29, male (% of male population)",SP.POP.2529.MA.5Y,6.40969975395792
Comoros,COM,1988,"Population ages 25-29, male (% of male population)",SP.POP.2529.MA.5Y,6.2381277472363
Comoros,COM,1987,"Population ages 25-29, male (% of male population)",SP.POP.2529.MA.5Y,6.0757016193675
Comoros,COM,1986,"Population ages 25-29, male (% of male population)",SP.POP.2529.MA.5Y,5.93482673992304
Comoros,COM,1985,"Population ages 25-29, male (% of male population)",SP.POP.2529.MA.5Y,5.81657744023904
Comoros,COM,1984,"Population ages 25-29, male (% of male population)",SP.POP.2529.MA.5Y,5.70021505720202
Comoros,COM,1983,"Population ages 25-29, male (% of male population)",SP.POP.2529.MA.5Y,5.5693665673734
Comoros,COM,1982,"Population ages 25-29, male (% of male population)",SP.POP.2529.MA.5Y,5.41625297785628
Comoros,COM,1981,"Population ages 25-29, male (% of male population)",SP.POP.2529.MA.5Y,5.22785570679176
Comoros,COM,1980,"Population ages 25-29, male (% of male population)",SP.POP.2529.MA.5Y,5.01727843817169
Comoros,COM,1979,"Population ages 25-29, male (% of male population)",SP.POP.2529.MA.5Y,4.76796203487679
Comoros,COM,1978,"Population ages 25-29, male (% of male population)",SP.POP.2529.MA.5Y,4.49002129841445
Comoros,COM,1977,"Population ages 25-29, male (% of male population)",SP.POP.2529.MA.5Y,4.27903033859898
Comoros,COM,1976,"Population ages 25-29, male (% of male population)",SP.POP.2529.MA.5Y,4.18580805321137
Comoros,COM,1975,"Population ages 25-29, male (% of male population)",SP.POP.2529.MA.5Y,4.20142538384449
Comoros,COM,1974,"Population ages 25-29, male (% of male population)",SP.POP.2529.MA.5Y,4.37485983809944
Comoros,COM,1973,"Population ages 25-29, male (% of male population)",SP.POP.2529.MA.5Y,4.71728860800276
Comoros,COM,1972,"Population ages 25-29, male (% of male population)",SP.POP.2529.MA.5Y,5.11833459324301
Comoros,COM,1971,"Population ages 25-29, male (% of male population)",SP.POP.2529.MA.5Y,5.52628099041085
Comoros,COM,1970,"Population ages 25-29, male (% of male population)",SP.POP.2529.MA.5Y,5.94216688040376
Comoros,COM,1969,"Population ages 25-29, male (% of male population)",SP.POP.2529.MA.5Y,6.35846779181008
Comoros,COM,1968,"Population ages 25-29, male (% of male population)",SP.POP.2529.MA.5Y,6.76678848789401
Comoros,COM,1967,"Population ages 25-29, male (% of male population)",SP.POP.2529.MA.5Y,7.15367197422002
Comoros,COM,1966,"Population ages 25-29, male (% of male population)",SP.POP.2529.MA.5Y,7.43580962254022
Comoros,COM,1965,"Population ages 25-29, male (% of male population)",SP.POP.2529.MA.5Y,7.5531844764425
Comoros,COM,1964,"Population ages 25-29, male (% of male population)",SP.POP.2529.MA.5Y,7.57763499710558
Comoros,COM,1963,"Population ages 25-29, male (% of male population)",SP.POP.2529.MA.5Y,7.55803771235089
Comoros,COM,1962,"Population ages 25-29, male (% of male population)",SP.POP.2529.MA.5Y,7.4922677223803
Comoros,COM,1961,"Population ages 25-29, male (% of male population)",SP.POP.2529.MA.5Y,7.40554232278012
Comoros,COM,1960,"Population ages 25-29, male (% of male population)",SP.POP.2529.MA.5Y,7.32167387694011
Comoros,COM,2024,"Population ages 30-34, female (% of female population)",SP.POP.3034.FE.5Y,6.84530545119872
Comoros,COM,2023,"Population ages 30-34, female (% of female population)",SP.POP.3034.FE.5Y,6.97875511604249
Comoros,COM,2022,"Population ages 30-34, female (% of female population)",SP.POP.3034.FE.5Y,7.06846216088783
Comoros,COM,2021,"Population ages 30-34, female (% of female population)",SP.POP.3034.FE.5Y,7.0995942456658
Comoros,COM,2020,"Population ages 30-34, female (% of female population)",SP.POP.3034.FE.5Y,7.07467003478071
Comoros,COM,2019,"Population ages 30-34, female (% of female population)",SP.POP.3034.FE.5Y,7.00913539883908
Comoros,COM,2018,"Population ages 30-34, female (% of female population)",SP.POP.3034.FE.5Y,6.92582674742713
Comoros,COM,2017,"Population ages 30-34, female (% of female population)",SP.POP.3034.FE.5Y,6.854739024682
Comoros,COM,2016,"Population ages 30-34, female (% of female population)",SP.POP.3034.FE.5Y,6.8384878794118
Comoros,COM,2015,"Population ages 30-34, female (% of female population)",SP.POP.3034.FE.5Y,6.81507652814773
Comoros,COM,2014,"Population ages 30-34, female (% of female population)",SP.POP.3034.FE.5Y,6.68105388736326
Comoros,COM,2013,"Population ages 30-34, female (% of female population)",SP.POP.3034.FE.5Y,6.44344836689834
Comoros,COM,2012,"Population ages 30-34, female (% of female population)",SP.POP.3034.FE.5Y,6.22087918520253
Comoros,COM,2011,"Population ages 30-34, female (% of female population)",SP.POP.3034.FE.5Y,6.07354073296055
Comoros,COM,2010,"Population ages 30-34, female (% of female population)",SP.POP.3034.FE.5Y,5.95025359866775
Comoros,COM,2009,"Population ages 30-34, female (% of female population)",SP.POP.3034.FE.5Y,5.83983357722166
Comoros,COM,2008,"Population ages 30-34, female (% of female population)",SP.POP.3034.FE.5Y,5.73386087550089
Comoros,COM,2007,"Population ages 30-34, female (% of female population)",SP.POP.3034.FE.5Y,5.62858974400273
Comoros,COM,2006,"Population ages 30-34, female (% of female population)",SP.POP.3034.FE.5Y,5.52623801392355
Comoros,COM,2005,"Population ages 30-34, female (% of female population)",SP.POP.3034.FE.5Y,5.43674983718045
Comoros,COM,2004,"Population ages 30-34, female (% of female population)",SP.POP.3034.FE.5Y,5.3724843962124
Comoros,COM,2003,"Population ages 30-34, female (% of female population)",SP.POP.3034.FE.5Y,5.36668987121476
Comoros,COM,2002,"Population ages 30-34, female (% of female population)",SP.POP.3034.FE.5Y,5.46014542193805
Comoros,COM,2001,"Population ages 30-34, female (% of female population)",SP.POP.3034.FE.5Y,5.61451576222913
Comoros,COM,2000,"Population ages 30-34, female (% of female population)",SP.POP.3034.FE.5Y,5.75938166722715
Comoros,COM,1999,"Population ages 30-34, female (% of female population)",SP.POP.3034.FE.5Y,5.85757324302705
Comoros,COM,1998,"Population ages 30-34, female (% of female population)",SP.POP.3034.FE.5Y,5.90260417953802
Comoros,COM,1997,"Population ages 30-34, female (% of female population)",SP.POP.3034.FE.5Y,5.91905617142503
Comoros,COM,1996,"Population ages 30-34, female (% of female population)",SP.POP.3034.FE.5Y,5.91961632736702
Comoros,COM,1995,"Population ages 30-34, female (% of female population)",SP.POP.3034.FE.5Y,5.90520933423469
Comoros,COM,1994,"Population ages 30-34, female (% of female population)",SP.POP.3034.FE.5Y,5.88279748446171
Comoros,COM,1993,"Population ages 30-34, female (% of female population)",SP.POP.3034.FE.5Y,5.86048504870042
Comoros,COM,1992,"Population ages 30-34, female (% of female population)",SP.POP.3034.FE.5Y,5.84052711022166
Comoros,COM,1991,"Population ages 30-34, female (% of female population)",SP.POP.3034.FE.5Y,5.81799980932405
Comoros,COM,1990,"Population ages 30-34, female (% of female population)",SP.POP.3034.FE.5Y,5.79525220573034
Comoros,COM,1989,"Population ages 30-34, female (% of female population)",SP.POP.3034.FE.5Y,5.77332444087122
Comoros,COM,1988,"Population ages 30-34, female (% of female population)",SP.POP.3034.FE.5Y,5.7434939000911
Comoros,COM,1987,"Population ages 30-34, female (% of female population)",SP.POP.3034.FE.5Y,5.70095804682067
Comoros,COM,1986,"Population ages 30-34, female (% of female population)",SP.POP.3034.FE.5Y,5.63534566699124
Comoros,COM,1985,"Population ages 30-34, female (% of female population)",SP.POP.3034.FE.5Y,5.55311272905759
Comoros,COM,1984,"Population ages 30-34, female (% of female population)",SP.POP.3034.FE.5Y,5.41413173904806
Comoros,COM,1983,"Population ages 30-34, female (% of female population)",SP.POP.3034.FE.5Y,5.22130557015097
Comoros,COM,1982,"Population ages 30-34, female (% of female population)",SP.POP.3034.FE.5Y,5.07502710899629
Comoros,COM,1981,"Population ages 30-34, female (% of female population)",SP.POP.3034.FE.5Y,5.01318201508401
Comoros,COM,1980,"Population ages 30-34, female (% of female population)",SP.POP.3034.FE.5Y,5.00699928530505
Comoros,COM,1979,"Population ages 30-34, female (% of female population)",SP.POP.3034.FE.5Y,5.11467226711714
Comoros,COM,1978,"Population ages 30-34, female (% of female population)",SP.POP.3034.FE.5Y,5.34650542783662
Comoros,COM,1977,"Population ages 30-34, female (% of female population)",SP.POP.3034.FE.5Y,5.57979847755891
Comoros,COM,1976,"Population ages 30-34, female (% of female population)",SP.POP.3034.FE.5Y,5.77498844600433
Comoros,COM,1975,"Population ages 30-34, female (% of female population)",SP.POP.3034.FE.5Y,5.94139914050227
Comoros,COM,1974,"Population ages 30-34, female (% of female population)",SP.POP.3034.FE.5Y,6.08329400323222
Comoros,COM,1973,"Population ages 30-34, female (% of female population)",SP.POP.3034.FE.5Y,6.20193124644448
Comoros,COM,1972,"Population ages 30-34, female (% of female population)",SP.POP.3034.FE.5Y,6.29562391780258
Comoros,COM,1971,"Population ages 30-34, female (% of female population)",SP.POP.3034.FE.5Y,6.35856116013644
Comoros,COM,1970,"Population ages 30-34, female (% of female population)",SP.POP.3034.FE.5Y,6.38747318956045
Comoros,COM,1969,"Population ages 30-34, female (% of female population)",SP.POP.3034.FE.5Y,6.38131775923321
Comoros,COM,1968,"Population ages 30-34, female (% of female population)",SP.POP.3034.FE.5Y,6.34489097335859
Comoros,COM,1967,"Population ages 30-34, female (% of female population)",SP.POP.3034.FE.5Y,6.28493963667194
Comoros,COM,1966,"Population ages 30-34, female (% of female population)",SP.POP.3034.FE.5Y,6.22824858757062
Comoros,COM,1965,"Population ages 30-34, female (% of female population)",SP.POP.3034.FE.5Y,6.20932156646442
Comoros,COM,1964,"Population ages 30-34, female (% of female population)",SP.POP.3034.FE.5Y,6.21983889184472
Comoros,COM,1963,"Population ages 30-34, female (% of female population)",SP.POP.3034.FE.5Y,6.24433745226858
Comoros,COM,1962,"Population ages 30-34, female (% of female population)",SP.POP.3034.FE.5Y,6.28762154653496
Comoros,COM,1961,"Population ages 30-34, female (% of female population)",SP.POP.3034.FE.5Y,6.35067044122048
Comoros,COM,1960,"Population ages 30-34, female (% of female population)",SP.POP.3034.FE.5Y,6.43359226790742
Comoros,COM,2024,"Population ages 30-34, male (% of male population)",SP.POP.3034.MA.5Y,6.34237731879045
Comoros,COM,2023,"Population ages 30-34, male (% of male population)",SP.POP.3034.MA.5Y,6.49794129956488
Comoros,COM,2022,"Population ages 30-34, male (% of male population)",SP.POP.3034.MA.5Y,6.61899739606609
Comoros,COM,2021,"Population ages 30-34, male (% of male population)",SP.POP.3034.MA.5Y,6.70433959581993
Comoros,COM,2020,"Population ages 30-34, male (% of male population)",SP.POP.3034.MA.5Y,6.74930549188027
Comoros,COM,2019,"Population ages 30-34, male (% of male population)",SP.POP.3034.MA.5Y,6.75203004440446
Comoros,COM,2018,"Population ages 30-34, male (% of male population)",SP.POP.3034.MA.5Y,6.72535038871953
Comoros,COM,2017,"Population ages 30-34, male (% of male population)",SP.POP.3034.MA.5Y,6.69317672599015
Comoros,COM,2016,"Population ages 30-34, male (% of male population)",SP.POP.3034.MA.5Y,6.63872018721636
Comoros,COM,2015,"Population ages 30-34, male (% of male population)",SP.POP.3034.MA.5Y,6.53120086059984
Comoros,COM,2014,"Population ages 30-34, male (% of male population)",SP.POP.3034.MA.5Y,6.35758204633882
Comoros,COM,2013,"Population ages 30-34, male (% of male population)",SP.POP.3034.MA.5Y,6.10500856305964
Comoros,COM,2012,"Population ages 30-34, male (% of male population)",SP.POP.3034.MA.5Y,5.84130878262801
Comoros,COM,2011,"Population ages 30-34, male (% of male population)",SP.POP.3034.MA.5Y,5.60521683757757
Comoros,COM,2010,"Population ages 30-34, male (% of male population)",SP.POP.3034.MA.5Y,5.36666375316843
Comoros,COM,2009,"Population ages 30-34, male (% of male population)",SP.POP.3034.MA.5Y,5.152076344219
Comoros,COM,2008,"Population ages 30-34, male (% of male population)",SP.POP.3034.MA.5Y,4.98991597175833
Comoros,COM,2007,"Population ages 30-34, male (% of male population)",SP.POP.3034.MA.5Y,4.89292595112131
Comoros,COM,2006,"Population ages 30-34, male (% of male population)",SP.POP.3034.MA.5Y,4.85622832933089
Comoros,COM,2005,"Population ages 30-34, male (% of male population)",SP.POP.3034.MA.5Y,4.8669624379535
Comoros,COM,2004,"Population ages 30-34, male (% of male population)",SP.POP.3034.MA.5Y,4.90975368739504
Comoros,COM,2003,"Population ages 30-34, male (% of male population)",SP.POP.3034.MA.5Y,5.00287613164718
Comoros,COM,2002,"Population ages 30-34, male (% of male population)",SP.POP.3034.MA.5Y,5.11671767005445
Comoros,COM,2001,"Population ages 30-34, male (% of male population)",SP.POP.3034.MA.5Y,5.21045755504317
Comoros,COM,2000,"Population ages 30-34, male (% of male population)",SP.POP.3034.MA.5Y,5.29805714545461
Comoros,COM,1999,"Population ages 30-34, male (% of male population)",SP.POP.3034.MA.5Y,5.3628279192189
Comoros,COM,1998,"Population ages 30-34, male (% of male population)",SP.POP.3034.MA.5Y,5.41194425383905
Comoros,COM,1997,"Population ages 30-34, male (% of male population)",SP.POP.3034.MA.5Y,5.44431102673945
Comoros,COM,1996,"Population ages 30-34, male (% of male population)",SP.POP.3034.MA.5Y,5.43266938116724
Comoros,COM,1995,"Population ages 30-34, male (% of male population)",SP.POP.3034.MA.5Y,5.37870108129274
Comoros,COM,1994,"Population ages 30-34, male (% of male population)",SP.POP.3034.MA.5Y,5.29716361062424
Comoros,COM,1993,"Population ages 30-34, male (% of male population)",SP.POP.3034.MA.5Y,5.20153427475518
Comoros,COM,1992,"Population ages 30-34, male (% of male population)",SP.POP.3034.MA.5Y,5.10096593176757
Comoros,COM,1991,"Population ages 30-34, male (% of male population)",SP.POP.3034.MA.5Y,4.98758885755211
Comoros,COM,1990,"Population ages 30-34, male (% of male population)",SP.POP.3034.MA.5Y,4.87319673511752
Comoros,COM,1989,"Population ages 30-34, male (% of male population)",SP.POP.3034.MA.5Y,4.76817419966292
Comoros,COM,1988,"Population ages 30-34, male (% of male population)",SP.POP.3034.MA.5Y,4.65308468973447
Comoros,COM,1987,"Population ages 30-34, male (% of male population)",SP.POP.3034.MA.5Y,4.52173827519904
Comoros,COM,1986,"Population ages 30-34, male (% of male population)",SP.POP.3034.MA.5Y,4.36255845192045
Comoros,COM,1985,"Population ages 30-34, male (% of male population)",SP.POP.3034.MA.5Y,4.18637948207171
Comoros,COM,1984,"Population ages 30-34, male (% of male population)",SP.POP.3034.MA.5Y,3.98482074569153
Comoros,COM,1983,"Population ages 30-34, male (% of male population)",SP.POP.3034.MA.5Y,3.77113632381286
Comoros,COM,1982,"Population ages 30-34, male (% of male population)",SP.POP.3034.MA.5Y,3.62967984001845
Comoros,COM,1981,"Population ages 30-34, male (% of male population)",SP.POP.3034.MA.5Y,3.60444156864558
Comoros,COM,1980,"Population ages 30-34, male (% of male population)",SP.POP.3034.MA.5Y,3.69764514481825
Comoros,COM,1979,"Population ages 30-34, male (% of male population)",SP.POP.3034.MA.5Y,3.92524393264371
Comoros,COM,1978,"Population ages 30-34, male (% of male population)",SP.POP.3034.MA.5Y,4.26536246746076
Comoros,COM,1977,"Population ages 30-34, male (% of male population)",SP.POP.3034.MA.5Y,4.62953000440162
Comoros,COM,1976,"Population ages 30-34, male (% of male population)",SP.POP.3034.MA.5Y,4.97541132900249
Comoros,COM,1975,"Population ages 30-34, male (% of male population)",SP.POP.3034.MA.5Y,5.30136637113755
Comoros,COM,1974,"Population ages 30-34, male (% of male population)",SP.POP.3034.MA.5Y,5.60973139554231
Comoros,COM,1973,"Population ages 30-34, male (% of male population)",SP.POP.3034.MA.5Y,5.91047191617372
Comoros,COM,1972,"Population ages 30-34, male (% of male population)",SP.POP.3034.MA.5Y,6.19487895175515
Comoros,COM,1971,"Population ages 30-34, male (% of male population)",SP.POP.3034.MA.5Y,6.44512388150012
Comoros,COM,1970,"Population ages 30-34, male (% of male population)",SP.POP.3034.MA.5Y,6.64708559136226
Comoros,COM,1969,"Population ages 30-34, male (% of male population)",SP.POP.3034.MA.5Y,6.79607095483645
Comoros,COM,1968,"Population ages 30-34, male (% of male population)",SP.POP.3034.MA.5Y,6.88626699933232
Comoros,COM,1967,"Population ages 30-34, male (% of male population)",SP.POP.3034.MA.5Y,6.91955508752265
Comoros,COM,1966,"Population ages 30-34, male (% of male population)",SP.POP.3034.MA.5Y,6.88877987374813
Comoros,COM,1965,"Population ages 30-34, male (% of male population)",SP.POP.3034.MA.5Y,6.79320444122162
Comoros,COM,1964,"Population ages 30-34, male (% of male population)",SP.POP.3034.MA.5Y,6.685388689283
Comoros,COM,1963,"Population ages 30-34, male (% of male population)",SP.POP.3034.MA.5Y,6.60355328961451
Comoros,COM,1962,"Population ages 30-34, male (% of male population)",SP.POP.3034.MA.5Y,6.54509464307806
Comoros,COM,1961,"Population ages 30-34, male (% of male population)",SP.POP.3034.MA.5Y,6.506161213812
Comoros,COM,1960,"Population ages 30-34, male (% of male population)",SP.POP.3034.MA.5Y,6.48463289114879
Comoros,COM,2024,"Population ages 35-39, female (% of female population)",SP.POP.3539.FE.5Y,6.29332646261085
Comoros,COM,2023,"Population ages 35-39, female (% of female population)",SP.POP.3539.FE.5Y,6.22832335754335
Comoros,COM,2022,"Population ages 35-39, female (% of female population)",SP.POP.3539.FE.5Y,6.16368067472123
Comoros,COM,2021,"Population ages 35-39, female (% of female population)",SP.POP.3539.FE.5Y,6.12922660764785
Comoros,COM,2020,"Population ages 35-39, female (% of female population)",SP.POP.3539.FE.5Y,6.1235624579038
Comoros,COM,2019,"Population ages 35-39, female (% of female population)",SP.POP.3539.FE.5Y,6.12258472180651
Comoros,COM,2018,"Population ages 35-39, female (% of female population)",SP.POP.3539.FE.5Y,6.10631490844048
Comoros,COM,2017,"Population ages 35-39, female (% of female population)",SP.POP.3539.FE.5Y,6.0621768544732
Comoros,COM,2016,"Population ages 35-39, female (% of female population)",SP.POP.3539.FE.5Y,5.90980266793815
Comoros,COM,2015,"Population ages 35-39, female (% of female population)",SP.POP.3539.FE.5Y,5.661426777261
Comoros,COM,2014,"Population ages 35-39, female (% of female population)",SP.POP.3539.FE.5Y,5.4219376041057
Comoros,COM,2013,"Population ages 35-39, female (% of female population)",SP.POP.3539.FE.5Y,5.21725905222137
Comoros,COM,2012,"Population ages 35-39, female (% of female population)",SP.POP.3539.FE.5Y,5.07711894169984
Comoros,COM,2011,"Population ages 35-39, female (% of female population)",SP.POP.3539.FE.5Y,4.98233542403934
Comoros,COM,2010,"Population ages 35-39, female (% of female population)",SP.POP.3539.FE.5Y,4.89616522314402
Comoros,COM,2009,"Population ages 35-39, female (% of female population)",SP.POP.3539.FE.5Y,4.83084897938937
Comoros,COM,2008,"Population ages 35-39, female (% of female population)",SP.POP.3539.FE.5Y,4.79591449771834
Comoros,COM,2007,"Population ages 35-39, female (% of female population)",SP.POP.3539.FE.5Y,4.79443229295855
Comoros,COM,2006,"Population ages 35-39, female (% of female population)",SP.POP.3539.FE.5Y,4.82135820307369
Comoros,COM,2005,"Population ages 35-39, female (% of female population)",SP.POP.3539.FE.5Y,4.86616986473839
Comoros,COM,2004,"Population ages 35-39, female (% of female population)",SP.POP.3539.FE.5Y,4.91500098190729
Comoros,COM,2003,"Population ages 35-39, female (% of female population)",SP.POP.3539.FE.5Y,4.97111033762617
Comoros,COM,2002,"Population ages 35-39, female (% of female population)",SP.POP.3539.FE.5Y,5.02792009059188
Comoros,COM,2001,"Population ages 35-39, female (% of female population)",SP.POP.3539.FE.5Y,5.05174660587749
Comoros,COM,2000,"Population ages 35-39, female (% of female population)",SP.POP.3539.FE.5Y,5.03112061789174
Comoros,COM,1999,"Population ages 35-39, female (% of female population)",SP.POP.3539.FE.5Y,4.98366562754641
Comoros,COM,1998,"Population ages 35-39, female (% of female population)",SP.POP.3539.FE.5Y,4.9353755139828
Comoros,COM,1997,"Population ages 35-39, female (% of female population)",SP.POP.3539.FE.5Y,4.89371090605066
Comoros,COM,1996,"Population ages 35-39, female (% of female population)",SP.POP.3539.FE.5Y,4.85758084474184
Comoros,COM,1995,"Population ages 35-39, female (% of female population)",SP.POP.3539.FE.5Y,4.82819768549816
Comoros,COM,1994,"Population ages 35-39, female (% of female population)",SP.POP.3539.FE.5Y,4.79639376875267
Comoros,COM,1993,"Population ages 35-39, female (% of female population)",SP.POP.3539.FE.5Y,4.75541612751563
Comoros,COM,1992,"Population ages 35-39, female (% of female population)",SP.POP.3539.FE.5Y,4.70422129131828
Comoros,COM,1991,"Population ages 35-39, female (% of female population)",SP.POP.3539.FE.5Y,4.64035916414599
Comoros,COM,1990,"Population ages 35-39, female (% of female population)",SP.POP.3539.FE.5Y,4.56729005826374
Comoros,COM,1989,"Population ages 35-39, female (% of female population)",SP.POP.3539.FE.5Y,4.44676399649174
Comoros,COM,1988,"Population ages 35-39, female (% of female population)",SP.POP.3539.FE.5Y,4.28355419480263
Comoros,COM,1987,"Population ages 35-39, female (% of female population)",SP.POP.3539.FE.5Y,4.1615158773082
Comoros,COM,1986,"Population ages 35-39, female (% of female population)",SP.POP.3539.FE.5Y,4.11193688770542
Comoros,COM,1985,"Population ages 35-39, female (% of female population)",SP.POP.3539.FE.5Y,4.11690117801047
Comoros,COM,1984,"Population ages 35-39, female (% of female population)",SP.POP.3539.FE.5Y,4.21973349051639
Comoros,COM,1983,"Population ages 35-39, female (% of female population)",SP.POP.3539.FE.5Y,4.41554853772026
Comoros,COM,1982,"Population ages 35-39, female (% of female population)",SP.POP.3539.FE.5Y,4.60002731806309
Comoros,COM,1981,"Population ages 35-39, female (% of female population)",SP.POP.3539.FE.5Y,4.73921412813664
Comoros,COM,1980,"Population ages 35-39, female (% of female population)",SP.POP.3539.FE.5Y,4.82950686048091
Comoros,COM,1979,"Population ages 35-39, female (% of female population)",SP.POP.3539.FE.5Y,4.89187173750932
Comoros,COM,1978,"Population ages 35-39, female (% of female population)",SP.POP.3539.FE.5Y,4.95084016065266
Comoros,COM,1977,"Population ages 35-39, female (% of female population)",SP.POP.3539.FE.5Y,5.00434427398753
Comoros,COM,1976,"Population ages 35-39, female (% of female population)",SP.POP.3539.FE.5Y,5.04926355836275
Comoros,COM,1975,"Population ages 35-39, female (% of female population)",SP.POP.3539.FE.5Y,5.08536154958721
Comoros,COM,1974,"Population ages 35-39, female (% of female population)",SP.POP.3539.FE.5Y,5.10898013472347
Comoros,COM,1973,"Population ages 35-39, female (% of female population)",SP.POP.3539.FE.5Y,5.11292693918864
Comoros,COM,1972,"Population ages 35-39, female (% of female population)",SP.POP.3539.FE.5Y,5.09805566785406
Comoros,COM,1971,"Population ages 35-39, female (% of female population)",SP.POP.3539.FE.5Y,5.06733496736526
Comoros,COM,1970,"Population ages 35-39, female (% of female population)",SP.POP.3539.FE.5Y,5.02799638337814
Comoros,COM,1969,"Population ages 35-39, female (% of female population)",SP.POP.3539.FE.5Y,4.98616114852031
Comoros,COM,1968,"Population ages 35-39, female (% of female population)",SP.POP.3539.FE.5Y,4.94904072876268
Comoros,COM,1967,"Population ages 35-39, female (% of female population)",SP.POP.3539.FE.5Y,4.92312175994206
Comoros,COM,1966,"Population ages 35-39, female (% of female population)",SP.POP.3539.FE.5Y,4.93830508474576
Comoros,COM,1965,"Population ages 35-39, female (% of female population)",SP.POP.3539.FE.5Y,5.02114359257216
Comoros,COM,1964,"Population ages 35-39, female (% of female population)",SP.POP.3539.FE.5Y,5.13847273949203
Comoros,COM,1963,"Population ages 35-39, female (% of female population)",SP.POP.3539.FE.5Y,5.26243388753172
Comoros,COM,1962,"Population ages 35-39, female (% of female population)",SP.POP.3539.FE.5Y,5.39628029016824
Comoros,COM,1961,"Population ages 35-39, female (% of female population)",SP.POP.3539.FE.5Y,5.53672094632055
Comoros,COM,1960,"Population ages 35-39, female (% of female population)",SP.POP.3539.FE.5Y,5.67975318010264
Comoros,COM,2024,"Population ages 35-39, male (% of male population)",SP.POP.3539.MA.5Y,6.18910109691164
Comoros,COM,2023,"Population ages 35-39, male (% of male population)",SP.POP.3539.MA.5Y,6.20263878399895
Comoros,COM,2022,"Population ages 35-39, male (% of male population)",SP.POP.3539.MA.5Y,6.18830553618991
Comoros,COM,2021,"Population ages 35-39, male (% of male population)",SP.POP.3539.MA.5Y,6.18031247228294
Comoros,COM,2020,"Population ages 35-39, male (% of male population)",SP.POP.3539.MA.5Y,6.17610396433413
Comoros,COM,2019,"Population ages 35-39, male (% of male population)",SP.POP.3539.MA.5Y,6.15192541466484
Comoros,COM,2018,"Population ages 35-39, male (% of male population)",SP.POP.3539.MA.5Y,6.09878655599906
Comoros,COM,2017,"Population ages 35-39, male (% of male population)",SP.POP.3539.MA.5Y,6.02258436283212
Comoros,COM,2016,"Population ages 35-39, male (% of male population)",SP.POP.3539.MA.5Y,5.83521417433987
Comoros,COM,2015,"Population ages 35-39, male (% of male population)",SP.POP.3539.MA.5Y,5.52735066424806
Comoros,COM,2014,"Population ages 35-39, male (% of male population)",SP.POP.3539.MA.5Y,5.20044538739015
Comoros,COM,2013,"Population ages 35-39, male (% of male population)",SP.POP.3539.MA.5Y,4.90100355320241
Comoros,COM,2012,"Population ages 35-39, male (% of male population)",SP.POP.3539.MA.5Y,4.73143805182829
Comoros,COM,2011,"Population ages 35-39, male (% of male population)",SP.POP.3539.MA.5Y,4.68848559121956
Comoros,COM,2010,"Population ages 35-39, male (% of male population)",SP.POP.3539.MA.5Y,4.68076493129511
Comoros,COM,2009,"Population ages 35-39, male (% of male population)",SP.POP.3539.MA.5Y,4.69684137691358
Comoros,COM,2008,"Population ages 35-39, male (% of male population)",SP.POP.3539.MA.5Y,4.72255338462178
Comoros,COM,2007,"Population ages 35-39, male (% of male population)",SP.POP.3539.MA.5Y,4.74398315135557
Comoros,COM,2006,"Population ages 35-39, male (% of male population)",SP.POP.3539.MA.5Y,4.75547324910986
Comoros,COM,2005,"Population ages 35-39, male (% of male population)",SP.POP.3539.MA.5Y,4.75813130136532
Comoros,COM,2004,"Population ages 35-39, male (% of male population)",SP.POP.3539.MA.5Y,4.75258460646078
Comoros,COM,2003,"Population ages 35-39, male (% of male population)",SP.POP.3539.MA.5Y,4.76499792033558
Comoros,COM,2002,"Population ages 35-39, male (% of male population)",SP.POP.3539.MA.5Y,4.78865809906098
Comoros,COM,2001,"Population ages 35-39, male (% of male population)",SP.POP.3539.MA.5Y,4.77688501352717
Comoros,COM,2000,"Population ages 35-39, male (% of male population)",SP.POP.3539.MA.5Y,4.71395074869409
Comoros,COM,1999,"Population ages 35-39, male (% of male population)",SP.POP.3539.MA.5Y,4.60475513107092
Comoros,COM,1998,"Population ages 35-39, male (% of male population)",SP.POP.3539.MA.5Y,4.48934844505438
Comoros,COM,1997,"Population ages 35-39, male (% of male population)",SP.POP.3539.MA.5Y,4.38648013134182
Comoros,COM,1996,"Population ages 35-39, male (% of male population)",SP.POP.3539.MA.5Y,4.28776966688269
Comoros,COM,1995,"Population ages 35-39, male (% of male population)",SP.POP.3539.MA.5Y,4.19588822843267
Comoros,COM,1994,"Population ages 35-39, male (% of male population)",SP.POP.3539.MA.5Y,4.10016684643387
Comoros,COM,1993,"Population ages 35-39, male (% of male population)",SP.POP.3539.MA.5Y,3.99082863693831
Comoros,COM,1992,"Population ages 35-39, male (% of male population)",SP.POP.3539.MA.5Y,3.86568990297064
Comoros,COM,1991,"Population ages 35-39, male (% of male population)",SP.POP.3539.MA.5Y,3.71333374852089
Comoros,COM,1990,"Population ages 35-39, male (% of male population)",SP.POP.3539.MA.5Y,3.5480331950963
Comoros,COM,1989,"Population ages 35-39, male (% of male population)",SP.POP.3539.MA.5Y,3.36848887208146
Comoros,COM,1988,"Population ages 35-39, male (% of male population)",SP.POP.3539.MA.5Y,3.18254224905082
Comoros,COM,1987,"Population ages 35-39, male (% of male population)",SP.POP.3539.MA.5Y,3.05924239369366
Comoros,COM,1986,"Population ages 35-39, male (% of male population)",SP.POP.3539.MA.5Y,3.03495500590832
Comoros,COM,1985,"Population ages 35-39, male (% of male population)",SP.POP.3539.MA.5Y,3.10347153054449
Comoros,COM,1984,"Population ages 35-39, male (% of male population)",SP.POP.3539.MA.5Y,3.29354641851144
Comoros,COM,1983,"Population ages 35-39, male (% of male population)",SP.POP.3539.MA.5Y,3.60303136499036
Comoros,COM,1982,"Population ages 35-39, male (% of male population)",SP.POP.3539.MA.5Y,3.94975544311345
Comoros,COM,1981,"Population ages 35-39, male (% of male population)",SP.POP.3539.MA.5Y,4.29511473667183
Comoros,COM,1980,"Population ages 35-39, male (% of male population)",SP.POP.3539.MA.5Y,4.64944364616609
Comoros,COM,1979,"Population ages 35-39, male (% of male population)",SP.POP.3539.MA.5Y,4.9908725923978
Comoros,COM,1978,"Population ages 35-39, male (% of male population)",SP.POP.3539.MA.5Y,5.2921038100497
Comoros,COM,1977,"Population ages 35-39, male (% of male population)",SP.POP.3539.MA.5Y,5.55158866011314
Comoros,COM,1976,"Population ages 35-39, male (% of male population)",SP.POP.3539.MA.5Y,5.7589433280041
Comoros,COM,1975,"Population ages 35-39, male (% of male population)",SP.POP.3539.MA.5Y,5.90196906896106
Comoros,COM,1974,"Population ages 35-39, male (% of male population)",SP.POP.3539.MA.5Y,5.98301418619288
Comoros,COM,1973,"Population ages 35-39, male (% of male population)",SP.POP.3539.MA.5Y,6.01237014531736
Comoros,COM,1972,"Population ages 35-39, male (% of male population)",SP.POP.3539.MA.5Y,5.99678238452443
Comoros,COM,1971,"Population ages 35-39, male (% of male population)",SP.POP.3539.MA.5Y,5.95584905811591
Comoros,COM,1970,"Population ages 35-39, male (% of male population)",SP.POP.3539.MA.5Y,5.90658999710421
Comoros,COM,1969,"Population ages 35-39, male (% of male population)",SP.POP.3539.MA.5Y,5.85688755816582
Comoros,COM,1968,"Population ages 35-39, male (% of male population)",SP.POP.3539.MA.5Y,5.81139965562076
Comoros,COM,1967,"Population ages 35-39, male (% of male population)",SP.POP.3539.MA.5Y,5.77789629254668
Comoros,COM,1966,"Population ages 35-39, male (% of male population)",SP.POP.3539.MA.5Y,5.75260556470871
Comoros,COM,1965,"Population ages 35-39, male (% of male population)",SP.POP.3539.MA.5Y,5.72245190089182
Comoros,COM,1964,"Population ages 35-39, male (% of male population)",SP.POP.3539.MA.5Y,5.69650229879008
Comoros,COM,1963,"Population ages 35-39, male (% of male population)",SP.POP.3539.MA.5Y,5.68652824534433
Comoros,COM,1962,"Population ages 35-39, male (% of male population)",SP.POP.3539.MA.5Y,5.68996659656068
Comoros,COM,1961,"Population ages 35-39, male (% of male population)",SP.POP.3539.MA.5Y,5.70497681047029
Comoros,COM,1960,"Population ages 35-39, male (% of male population)",SP.POP.3539.MA.5Y,5.73319254505567
Comoros,COM,2024,"Population ages 40-44, female (% of female population)",SP.POP.4044.FE.5Y,5.47835664388419
Comoros,COM,2023,"Population ages 40-44, female (% of female population)",SP.POP.4044.FE.5Y,5.47103077905794
Comoros,COM,2022,"Population ages 40-44, female (% of female population)",SP.POP.4044.FE.5Y,5.43170364939386
Comoros,COM,2021,"Population ages 40-44, female (% of female population)",SP.POP.4044.FE.5Y,5.35681790237305
Comoros,COM,2020,"Population ages 40-44, female (% of female population)",SP.POP.4044.FE.5Y,5.24745980400887
Comoros,COM,2019,"Population ages 40-44, female (% of female population)",SP.POP.4044.FE.5Y,5.11093715224215
Comoros,COM,2018,"Population ages 40-44, female (% of female population)",SP.POP.4044.FE.5Y,4.96400457862803
Comoros,COM,2017,"Population ages 40-44, female (% of female population)",SP.POP.4044.FE.5Y,4.82767787126015
Comoros,COM,2016,"Population ages 40-44, female (% of female population)",SP.POP.4044.FE.5Y,4.68054095642657
Comoros,COM,2015,"Population ages 40-44, female (% of female population)",SP.POP.4044.FE.5Y,4.5298590888389
Comoros,COM,2014,"Population ages 40-44, female (% of female population)",SP.POP.4044.FE.5Y,4.41140885967677
Comoros,COM,2013,"Population ages 40-44, female (% of female population)",SP.POP.4044.FE.5Y,4.32882420124082
Comoros,COM,2012,"Population ages 40-44, female (% of female population)",SP.POP.4044.FE.5Y,4.30300280964645
Comoros,COM,2011,"Population ages 40-44, female (% of female population)",SP.POP.4044.FE.5Y,4.32349448280389
Comoros,COM,2010,"Population ages 40-44, female (% of female population)",SP.POP.4044.FE.5Y,4.35779084003133
Comoros,COM,2009,"Population ages 40-44, female (% of female population)",SP.POP.4044.FE.5Y,4.39371016146234
Comoros,COM,2008,"Population ages 40-44, female (% of female population)",SP.POP.4044.FE.5Y,4.41953507186287
Comoros,COM,2007,"Population ages 40-44, female (% of female population)",SP.POP.4044.FE.5Y,4.42639796671101
Comoros,COM,2006,"Population ages 40-44, female (% of female population)",SP.POP.4044.FE.5Y,4.40989097596217
Comoros,COM,2005,"Population ages 40-44, female (% of female population)",SP.POP.4044.FE.5Y,4.36707981255242
Comoros,COM,2004,"Population ages 40-44, female (% of female population)",SP.POP.4044.FE.5Y,4.29546017298645
Comoros,COM,2003,"Population ages 40-44, female (% of female population)",SP.POP.4044.FE.5Y,4.2030978071702
Comoros,COM,2002,"Population ages 40-44, female (% of female population)",SP.POP.4044.FE.5Y,4.11331782118737
Comoros,COM,2001,"Population ages 40-44, female (% of female population)",SP.POP.4044.FE.5Y,4.05273208361761
Comoros,COM,2000,"Population ages 40-44, female (% of female population)",SP.POP.4044.FE.5Y,4.03566512855287
Comoros,COM,1999,"Population ages 40-44, female (% of female population)",SP.POP.4044.FE.5Y,4.04808360806477
Comoros,COM,1998,"Population ages 40-44, female (% of female population)",SP.POP.4044.FE.5Y,4.02992933983982
Comoros,COM,1997,"Population ages 40-44, female (% of female population)",SP.POP.4044.FE.5Y,3.96803585805413
Comoros,COM,1996,"Population ages 40-44, female (% of female population)",SP.POP.4044.FE.5Y,3.88953254675715
Comoros,COM,1995,"Population ages 40-44, female (% of female population)",SP.POP.4044.FE.5Y,3.80133558270763
Comoros,COM,1994,"Population ages 40-44, female (% of female population)",SP.POP.4044.FE.5Y,3.67445061959121
Comoros,COM,1993,"Population ages 40-44, female (% of female population)",SP.POP.4044.FE.5Y,3.51470998181796
Comoros,COM,1992,"Population ages 40-44, female (% of female population)",SP.POP.4044.FE.5Y,3.39577362074521
Comoros,COM,1991,"Population ages 40-44, female (% of female population)",SP.POP.4044.FE.5Y,3.34701288796055
Comoros,COM,1990,"Population ages 40-44, female (% of female population)",SP.POP.4044.FE.5Y,3.34999811048547
Comoros,COM,1989,"Population ages 40-44, female (% of female population)",SP.POP.4044.FE.5Y,3.4340282853384
Comoros,COM,1988,"Population ages 40-44, female (% of female population)",SP.POP.4044.FE.5Y,3.59772533035303
Comoros,COM,1987,"Population ages 40-44, female (% of female population)",SP.POP.4044.FE.5Y,3.75299389631461
Comoros,COM,1986,"Population ages 40-44, female (% of female population)",SP.POP.4044.FE.5Y,3.87099338274745
Comoros,COM,1985,"Population ages 40-44, female (% of female population)",SP.POP.4044.FE.5Y,3.95712328206806
Comoros,COM,1984,"Population ages 40-44, female (% of female population)",SP.POP.4044.FE.5Y,4.01579900216828
Comoros,COM,1983,"Population ages 40-44, female (% of female population)",SP.POP.4044.FE.5Y,4.05207763435152
Comoros,COM,1982,"Population ages 40-44, female (% of female population)",SP.POP.4044.FE.5Y,4.06704633199252
Comoros,COM,1981,"Population ages 40-44, female (% of female population)",SP.POP.4044.FE.5Y,4.05960164208606
Comoros,COM,1980,"Population ages 40-44, female (% of female population)",SP.POP.4044.FE.5Y,4.02060211573333
Comoros,COM,1979,"Population ages 40-44, female (% of female population)",SP.POP.4044.FE.5Y,3.96688429286704
Comoros,COM,1978,"Population ages 40-44, female (% of female population)",SP.POP.4044.FE.5Y,3.92085438576108
Comoros,COM,1977,"Population ages 40-44, female (% of female population)",SP.POP.4044.FE.5Y,3.88261382646247
Comoros,COM,1976,"Population ages 40-44, female (% of female population)",SP.POP.4044.FE.5Y,3.85535067214114
Comoros,COM,1975,"Population ages 40-44, female (% of female population)",SP.POP.4044.FE.5Y,3.84490287398878
Comoros,COM,1974,"Population ages 40-44, female (% of female population)",SP.POP.4044.FE.5Y,3.85077444544557
Comoros,COM,1973,"Population ages 40-44, female (% of female population)",SP.POP.4044.FE.5Y,3.86470931564132
Comoros,COM,1972,"Population ages 40-44, female (% of female population)",SP.POP.4044.FE.5Y,3.88637594489661
Comoros,COM,1971,"Population ages 40-44, female (% of female population)",SP.POP.4044.FE.5Y,3.91774236063845
Comoros,COM,1970,"Population ages 40-44, female (% of female population)",SP.POP.4044.FE.5Y,3.96125511374925
Comoros,COM,1969,"Population ages 40-44, female (% of female population)",SP.POP.4044.FE.5Y,4.01681535256718
Comoros,COM,1968,"Population ages 40-44, female (% of female population)",SP.POP.4044.FE.5Y,4.08490205426207
Comoros,COM,1967,"Population ages 40-44, female (% of female population)",SP.POP.4044.FE.5Y,4.16493716385089
Comoros,COM,1966,"Population ages 40-44, female (% of female population)",SP.POP.4044.FE.5Y,4.26757062146893
Comoros,COM,1965,"Population ages 40-44, female (% of female population)",SP.POP.4044.FE.5Y,4.40522154807869
Comoros,COM,1964,"Population ages 40-44, female (% of female population)",SP.POP.4044.FE.5Y,4.557419282574
Comoros,COM,1963,"Population ages 40-44, female (% of female population)",SP.POP.4044.FE.5Y,4.70365011977326
Comoros,COM,1962,"Population ages 40-44, female (% of female population)",SP.POP.4044.FE.5Y,4.84401528013582
Comoros,COM,1961,"Population ages 40-44, female (% of female population)",SP.POP.4044.FE.5Y,4.97642539286923
Comoros,COM,1960,"Population ages 40-44, female (% of female population)",SP.POP.4044.FE.5Y,5.09914731313777
Comoros,COM,2024,"Population ages 40-44, male (% of male population)",SP.POP.4044.MA.5Y,5.60077739496965
Comoros,COM,2023,"Population ages 40-44, male (% of male population)",SP.POP.4044.MA.5Y,5.58269054961807
Comoros,COM,2022,"Population ages 40-44, male (% of male population)",SP.POP.4044.MA.5Y,5.52880117743098
Comoros,COM,2021,"Population ages 40-44, male (% of male population)",SP.POP.4044.MA.5Y,5.45398876616095
Comoros,COM,2020,"Population ages 40-44, male (% of male population)",SP.POP.4044.MA.5Y,5.36140443047856
Comoros,COM,2019,"Population ages 40-44, male (% of male population)",SP.POP.4044.MA.5Y,5.25082073690675
Comoros,COM,2018,"Population ages 40-44, male (% of male population)",SP.POP.4044.MA.5Y,5.13478273193685
Comoros,COM,2017,"Population ages 40-44, male (% of male population)",SP.POP.4044.MA.5Y,5.032005245943
Comoros,COM,2016,"Population ages 40-44, male (% of male population)",SP.POP.4044.MA.5Y,4.87819933068003
Comoros,COM,2015,"Population ages 40-44, male (% of male population)",SP.POP.4044.MA.5Y,4.69542833777446
Comoros,COM,2014,"Population ages 40-44, male (% of male population)",SP.POP.4044.MA.5Y,4.57659413442218
Comoros,COM,2013,"Population ages 40-44, male (% of male population)",SP.POP.4044.MA.5Y,4.51361677468153
Comoros,COM,2012,"Population ages 40-44, male (% of male population)",SP.POP.4044.MA.5Y,4.49728562624743
Comoros,COM,2011,"Population ages 40-44, male (% of male population)",SP.POP.4044.MA.5Y,4.49654874114658
Comoros,COM,2010,"Population ages 40-44, male (% of male population)",SP.POP.4044.MA.5Y,4.48387378725636
Comoros,COM,2009,"Population ages 40-44, male (% of male population)",SP.POP.4044.MA.5Y,4.46045733268002
Comoros,COM,2008,"Population ages 40-44, male (% of male population)",SP.POP.4044.MA.5Y,4.42722399966759
Comoros,COM,2007,"Population ages 40-44, male (% of male population)",SP.POP.4044.MA.5Y,4.38280094031358
Comoros,COM,2006,"Population ages 40-44, male (% of male population)",SP.POP.4044.MA.5Y,4.3221431354981
Comoros,COM,2005,"Population ages 40-44, male (% of male population)",SP.POP.4044.MA.5Y,4.24084330526964
Comoros,COM,2004,"Population ages 40-44, male (% of male population)",SP.POP.4044.MA.5Y,4.13450199978118
Comoros,COM,2003,"Population ages 40-44, male (% of male population)",SP.POP.4044.MA.5Y,4.00835405623059
Comoros,COM,2002,"Population ages 40-44, male (% of male population)",SP.POP.4044.MA.5Y,3.8677067263051
Comoros,COM,2001,"Population ages 40-44, male (% of male population)",SP.POP.4044.MA.5Y,3.73283197074727
Comoros,COM,2000,"Population ages 40-44, male (% of male population)",SP.POP.4044.MA.5Y,3.63589186076903
Comoros,COM,1999,"Population ages 40-44, male (% of male population)",SP.POP.4044.MA.5Y,3.56721920631695
Comoros,COM,1998,"Population ages 40-44, male (% of male population)",SP.POP.4044.MA.5Y,3.48117738920569
Comoros,COM,1997,"Population ages 40-44, male (% of male population)",SP.POP.4044.MA.5Y,3.36272754790509
Comoros,COM,1996,"Population ages 40-44, male (% of male population)",SP.POP.4044.MA.5Y,3.2213296161794
Comoros,COM,1995,"Population ages 40-44, male (% of male population)",SP.POP.4044.MA.5Y,3.06694318810433
Comoros,COM,1994,"Population ages 40-44, male (% of male population)",SP.POP.4044.MA.5Y,2.8947434946744
Comoros,COM,1993,"Population ages 40-44, male (% of male population)",SP.POP.4044.MA.5Y,2.71755201748559
Comoros,COM,1992,"Population ages 40-44, male (% of male population)",SP.POP.4044.MA.5Y,2.5970457187348
Comoros,COM,1991,"Population ages 40-44, male (% of male population)",SP.POP.4044.MA.5Y,2.56319006396854
Comoros,COM,1990,"Population ages 40-44, male (% of male population)",SP.POP.4044.MA.5Y,2.61095001160827
Comoros,COM,1989,"Population ages 40-44, male (% of male population)",SP.POP.4044.MA.5Y,2.76505548785897
Comoros,COM,1988,"Population ages 40-44, male (% of male population)",SP.POP.4044.MA.5Y,3.0210915885164
Comoros,COM,1987,"Population ages 40-44, male (% of male population)",SP.POP.4044.MA.5Y,3.3080732329814
Comoros,COM,1986,"Population ages 40-44, male (% of male population)",SP.POP.4044.MA.5Y,3.59498247704847
Comoros,COM,1985,"Population ages 40-44, male (% of male population)",SP.POP.4044.MA.5Y,3.87979332669323
Comoros,COM,1984,"Population ages 40-44, male (% of male population)",SP.POP.4044.MA.5Y,4.15644012375783
Comoros,COM,1983,"Population ages 40-44, male (% of male population)",SP.POP.4044.MA.5Y,4.4197367268267
Comoros,COM,1982,"Population ages 40-44, male (% of male population)",SP.POP.4044.MA.5Y,4.66219085843827
Comoros,COM,1981,"Population ages 40-44, male (% of male population)",SP.POP.4044.MA.5Y,4.87168673306681
Comoros,COM,1980,"Population ages 40-44, male (% of male population)",SP.POP.4044.MA.5Y,5.0475602370293
Comoros,COM,1979,"Population ages 40-44, male (% of male population)",SP.POP.4044.MA.5Y,5.17647850243245
Comoros,COM,1978,"Population ages 40-44, male (% of male population)",SP.POP.4044.MA.5Y,5.24035655123452
Comoros,COM,1977,"Population ages 40-44, male (% of male population)",SP.POP.4044.MA.5Y,5.24673546241502
Comoros,COM,1976,"Population ages 40-44, male (% of male population)",SP.POP.4044.MA.5Y,5.21354029641322
Comoros,COM,1975,"Population ages 40-44, male (% of male population)",SP.POP.4044.MA.5Y,5.15575513567685
Comoros,COM,1974,"Population ages 40-44, male (% of male population)",SP.POP.4044.MA.5Y,5.08453119009209
Comoros,COM,1973,"Population ages 40-44, male (% of male population)",SP.POP.4044.MA.5Y,5.01436690105757
Comoros,COM,1972,"Population ages 40-44, male (% of male population)",SP.POP.4044.MA.5Y,4.95280184528309
Comoros,COM,1971,"Population ages 40-44, male (% of male population)",SP.POP.4044.MA.5Y,4.90396829531202
Comoros,COM,1970,"Population ages 40-44, male (% of male population)",SP.POP.4044.MA.5Y,4.86906879576387
Comoros,COM,1969,"Population ages 40-44, male (% of male population)",SP.POP.4044.MA.5Y,4.84775589761963
Comoros,COM,1968,"Population ages 40-44, male (% of male population)",SP.POP.4044.MA.5Y,4.8393189724848
Comoros,COM,1967,"Population ages 40-44, male (% of male population)",SP.POP.4044.MA.5Y,4.84368856126586
Comoros,COM,1966,"Population ages 40-44, male (% of male population)",SP.POP.4044.MA.5Y,4.85708732112775
Comoros,COM,1965,"Population ages 40-44, male (% of male population)",SP.POP.4044.MA.5Y,4.87441965589008
Comoros,COM,1964,"Population ages 40-44, male (% of male population)",SP.POP.4044.MA.5Y,4.89898240863446
Comoros,COM,1963,"Population ages 40-44, male (% of male population)",SP.POP.4044.MA.5Y,4.93636770515091
Comoros,COM,1962,"Population ages 40-44, male (% of male population)",SP.POP.4044.MA.5Y,4.98379314610912
Comoros,COM,1961,"Population ages 40-44, male (% of male population)",SP.POP.4044.MA.5Y,5.0347213479638
Comoros,COM,1960,"Population ages 40-44, male (% of male population)",SP.POP.4044.MA.5Y,5.08221762040473
Comoros,COM,2024,"Population ages 45-49, female (% of female population)",SP.POP.4549.FE.5Y,4.51982122194407
Comoros,COM,2023,"Population ages 45-49, female (% of female population)",SP.POP.4549.FE.5Y,4.3891504412217
Comoros,COM,2022,"Population ages 45-49, female (% of female population)",SP.POP.4549.FE.5Y,4.26427867703895
Comoros,COM,2021,"Population ages 45-49, female (% of female population)",SP.POP.4549.FE.5Y,4.16021148407722
Comoros,COM,2020,"Population ages 45-49, female (% of female population)",SP.POP.4549.FE.5Y,4.07936474091318
Comoros,COM,2019,"Population ages 45-49, female (% of female population)",SP.POP.4549.FE.5Y,4.01474045592573
Comoros,COM,2018,"Population ages 45-49, female (% of female population)",SP.POP.4549.FE.5Y,3.96262525389744
Comoros,COM,2017,"Population ages 45-49, female (% of female population)",SP.POP.4549.FE.5Y,3.92014567300663
Comoros,COM,2016,"Population ages 45-49, female (% of female population)",SP.POP.4549.FE.5Y,3.87363054149825
Comoros,COM,2015,"Population ages 45-49, female (% of female population)",SP.POP.4549.FE.5Y,3.83841450791504
Comoros,COM,2014,"Population ages 45-49, female (% of female population)",SP.POP.4549.FE.5Y,3.83854612164048
Comoros,COM,2013,"Population ages 45-49, female (% of female population)",SP.POP.4549.FE.5Y,3.86494986771044
Comoros,COM,2012,"Population ages 45-49, female (% of female population)",SP.POP.4549.FE.5Y,3.88082416295949
Comoros,COM,2011,"Population ages 45-49, female (% of female population)",SP.POP.4549.FE.5Y,3.86472276760937
Comoros,COM,2010,"Population ages 45-49, female (% of female population)",SP.POP.4549.FE.5Y,3.82413103484986
Comoros,COM,2009,"Population ages 45-49, female (% of female population)",SP.POP.4549.FE.5Y,3.75737865522458
Comoros,COM,2008,"Population ages 45-49, female (% of female population)",SP.POP.4549.FE.5Y,3.66377403329583
Comoros,COM,2007,"Population ages 45-49, female (% of female population)",SP.POP.4549.FE.5Y,3.54617582537939
Comoros,COM,2006,"Population ages 45-49, female (% of female population)",SP.POP.4549.FE.5Y,3.4191514514646
Comoros,COM,2005,"Population ages 45-49, female (% of female population)",SP.POP.4549.FE.5Y,3.30343704115442
Comoros,COM,2004,"Population ages 45-49, female (% of female population)",SP.POP.4549.FE.5Y,3.21911901570198
Comoros,COM,2003,"Population ages 45-49, female (% of female population)",SP.POP.4549.FE.5Y,3.19491820396798
Comoros,COM,2002,"Population ages 45-49, female (% of female population)",SP.POP.4549.FE.5Y,3.24479123286118
Comoros,COM,2001,"Population ages 45-49, female (% of female population)",SP.POP.4549.FE.5Y,3.2948527739574
Comoros,COM,2000,"Population ages 45-49, female (% of female population)",SP.POP.4549.FE.5Y,3.26256539740119
Comoros,COM,1999,"Population ages 45-49, female (% of female population)",SP.POP.4549.FE.5Y,3.10427833471634
Comoros,COM,1998,"Population ages 45-49, female (% of female population)",SP.POP.4549.FE.5Y,2.91043059545015
Comoros,COM,1997,"Population ages 45-49, female (% of female population)",SP.POP.4549.FE.5Y,2.78999194896885
Comoros,COM,1996,"Population ages 45-49, female (% of female population)",SP.POP.4549.FE.5Y,2.7275987358034
Comoros,COM,1995,"Population ages 45-49, female (% of female population)",SP.POP.4549.FE.5Y,2.71008146292243
Comoros,COM,1994,"Population ages 45-49, female (% of female population)",SP.POP.4549.FE.5Y,2.76880781540737
Comoros,COM,1993,"Population ages 45-49, female (% of female population)",SP.POP.4549.FE.5Y,2.90018182045126
Comoros,COM,1992,"Population ages 45-49, female (% of female population)",SP.POP.4549.FE.5Y,3.02880620049862
Comoros,COM,1991,"Population ages 45-49, female (% of female population)",SP.POP.4549.FE.5Y,3.12838558143163
Comoros,COM,1990,"Population ages 45-49, female (% of female population)",SP.POP.4549.FE.5Y,3.19972613154133
Comoros,COM,1989,"Population ages 45-49, female (% of female population)",SP.POP.4549.FE.5Y,3.24605320859524
Comoros,COM,1988,"Population ages 45-49, female (% of female population)",SP.POP.4549.FE.5Y,3.27605961850916
Comoros,COM,1987,"Population ages 45-49, female (% of female population)",SP.POP.4549.FE.5Y,3.2903886270571
Comoros,COM,1986,"Population ages 45-49, female (% of female population)",SP.POP.4549.FE.5Y,3.28676748206586
Comoros,COM,1985,"Population ages 45-49, female (% of female population)",SP.POP.4549.FE.5Y,3.26662712696335
Comoros,COM,1984,"Population ages 45-49, female (% of female population)",SP.POP.4549.FE.5Y,3.2297960128834
Comoros,COM,1983,"Population ages 45-49, female (% of female population)",SP.POP.4549.FE.5Y,3.18104751122643
Comoros,COM,1982,"Population ages 45-49, female (% of female population)",SP.POP.4549.FE.5Y,3.12485191101002
Comoros,COM,1981,"Population ages 45-49, female (% of female population)",SP.POP.4549.FE.5Y,3.06499780538813
Comoros,COM,1980,"Population ages 45-49, female (% of female population)",SP.POP.4549.FE.5Y,3.00112815484664
Comoros,COM,1979,"Population ages 45-49, female (% of female population)",SP.POP.4549.FE.5Y,2.9493676665297
Comoros,COM,1978,"Population ages 45-49, female (% of female population)",SP.POP.4549.FE.5Y,2.92541081673476
Comoros,COM,1977,"Population ages 45-49, female (% of female population)",SP.POP.4549.FE.5Y,2.9265493496557
Comoros,COM,1976,"Population ages 45-49, female (% of female population)",SP.POP.4549.FE.5Y,2.95380411121307
Comoros,COM,1975,"Population ages 45-49, female (% of female population)",SP.POP.4549.FE.5Y,3.00962609772808
Comoros,COM,1974,"Population ages 45-49, female (% of female population)",SP.POP.4549.FE.5Y,3.08812803020552
Comoros,COM,1973,"Population ages 45-49, female (% of female population)",SP.POP.4549.FE.5Y,3.17909466358337
Comoros,COM,1972,"Population ages 45-49, female (% of female population)",SP.POP.4549.FE.5Y,3.28110817016148
Comoros,COM,1971,"Population ages 45-49, female (% of female population)",SP.POP.4549.FE.5Y,3.38937039936737
Comoros,COM,1970,"Population ages 45-49, female (% of female population)",SP.POP.4549.FE.5Y,3.5006629121915
Comoros,COM,1969,"Population ages 45-49, female (% of female population)",SP.POP.4549.FE.5Y,3.61479984804398
Comoros,COM,1968,"Population ages 45-49, female (% of female population)",SP.POP.4549.FE.5Y,3.73014134594323
Comoros,COM,1967,"Population ages 45-49, female (% of female population)",SP.POP.4549.FE.5Y,3.84523672845775
Comoros,COM,1966,"Population ages 45-49, female (% of female population)",SP.POP.4549.FE.5Y,3.96022598870057
Comoros,COM,1965,"Population ages 45-49, female (% of female population)",SP.POP.4549.FE.5Y,4.07565728994301
Comoros,COM,1964,"Population ages 45-49, female (% of female population)",SP.POP.4549.FE.5Y,4.18171805139406
Comoros,COM,1963,"Population ages 45-49, female (% of female population)",SP.POP.4549.FE.5Y,4.27294073002395
Comoros,COM,1962,"Population ages 45-49, female (% of female population)",SP.POP.4549.FE.5Y,4.35204121006328
Comoros,COM,1961,"Population ages 45-49, female (% of female population)",SP.POP.4549.FE.5Y,4.41809234573474
Comoros,COM,1960,"Population ages 45-49, female (% of female population)",SP.POP.4549.FE.5Y,4.47111448369511
Comoros,COM,2024,"Population ages 45-49, male (% of male population)",SP.POP.4549.MA.5Y,4.68203788538472
Comoros,COM,2023,"Population ages 45-49, male (% of male population)",SP.POP.4549.MA.5Y,4.59145142472358
Comoros,COM,2022,"Population ages 45-49, male (% of male population)",SP.POP.4549.MA.5Y,4.50438855222466
Comoros,COM,2021,"Population ages 45-49, male (% of male population)",SP.POP.4549.MA.5Y,4.43533738574496
Comoros,COM,2020,"Population ages 45-49, male (% of male population)",SP.POP.4549.MA.5Y,4.38079118166746
Comoros,COM,2019,"Population ages 45-49, male (% of male population)",SP.POP.4549.MA.5Y,4.32798137893909
Comoros,COM,2018,"Population ages 45-49, male (% of male population)",SP.POP.4549.MA.5Y,4.27101881366458
Comoros,COM,2017,"Population ages 45-49, male (% of male population)",SP.POP.4549.MA.5Y,4.20674166753179
Comoros,COM,2016,"Population ages 45-49, male (% of male population)",SP.POP.4549.MA.5Y,4.12192680419841
Comoros,COM,2015,"Population ages 45-49, male (% of male population)",SP.POP.4549.MA.5Y,4.04051076161439
Comoros,COM,2014,"Population ages 45-49, male (% of male population)",SP.POP.4549.MA.5Y,3.99458570688399
Comoros,COM,2013,"Population ages 45-49, male (% of male population)",SP.POP.4549.MA.5Y,3.98027692259023
Comoros,COM,2012,"Population ages 45-49, male (% of male population)",SP.POP.4549.MA.5Y,3.95588168242636
Comoros,COM,2011,"Population ages 45-49, male (% of male population)",SP.POP.4549.MA.5Y,3.89715909432239
Comoros,COM,2010,"Population ages 45-49, male (% of male population)",SP.POP.4549.MA.5Y,3.81852279505687
Comoros,COM,2009,"Population ages 45-49, male (% of male population)",SP.POP.4549.MA.5Y,3.71514313758334
Comoros,COM,2008,"Population ages 45-49, male (% of male population)",SP.POP.4549.MA.5Y,3.58342575694136
Comoros,COM,2007,"Population ages 45-49, male (% of male population)",SP.POP.4549.MA.5Y,3.42519498782193
Comoros,COM,2006,"Population ages 45-49, male (% of male population)",SP.POP.4549.MA.5Y,3.25497197176859
Comoros,COM,2005,"Population ages 45-49, male (% of male population)",SP.POP.4549.MA.5Y,3.09641588458458
Comoros,COM,2004,"Population ages 45-49, male (% of male population)",SP.POP.4549.MA.5Y,2.9728401408096
Comoros,COM,2003,"Population ages 45-49, male (% of male population)",SP.POP.4549.MA.5Y,2.91241515411641
Comoros,COM,2002,"Population ages 45-49, male (% of male population)",SP.POP.4549.MA.5Y,2.91243194028449
Comoros,COM,2001,"Population ages 45-49, male (% of male population)",SP.POP.4549.MA.5Y,2.89473976395001
Comoros,COM,2000,"Population ages 45-49, male (% of male population)",SP.POP.4549.MA.5Y,2.78416473164061
Comoros,COM,1999,"Population ages 45-49, male (% of male population)",SP.POP.4549.MA.5Y,2.54729487812195
Comoros,COM,1998,"Population ages 45-49, male (% of male population)",SP.POP.4549.MA.5Y,2.31743290033047
Comoros,COM,1997,"Population ages 45-49, male (% of male population)",SP.POP.4549.MA.5Y,2.20546816584511
Comoros,COM,1996,"Population ages 45-49, male (% of male population)",SP.POP.4549.MA.5Y,2.16793221085067
Comoros,COM,1995,"Population ages 45-49, male (% of male population)",SP.POP.4549.MA.5Y,2.19739238350568
Comoros,COM,1994,"Population ages 45-49, male (% of male population)",SP.POP.4549.MA.5Y,2.31478360523123
Comoros,COM,1993,"Population ages 45-49, male (% of male population)",SP.POP.4549.MA.5Y,2.51719630574067
Comoros,COM,1992,"Population ages 45-49, male (% of male population)",SP.POP.4549.MA.5Y,2.7433857991237
Comoros,COM,1991,"Population ages 45-49, male (% of male population)",SP.POP.4549.MA.5Y,2.97066699881672
Comoros,COM,1990,"Population ages 45-49, male (% of male population)",SP.POP.4549.MA.5Y,3.20001274633429
Comoros,COM,1989,"Population ages 45-49, male (% of male population)",SP.POP.4549.MA.5Y,3.42451363502668
Comoros,COM,1988,"Population ages 45-49, male (% of male population)",SP.POP.4549.MA.5Y,3.63886792904794
Comoros,COM,1987,"Population ages 45-49, male (% of male population)",SP.POP.4549.MA.5Y,3.83597818550192
Comoros,COM,1986,"Population ages 45-49, male (% of male population)",SP.POP.4549.MA.5Y,4.00730207144516
Comoros,COM,1985,"Population ages 45-49, male (% of male population)",SP.POP.4549.MA.5Y,4.14487881806109
Comoros,COM,1984,"Population ages 45-49, male (% of male population)",SP.POP.4549.MA.5Y,4.2457141791184
Comoros,COM,1983,"Population ages 45-49, male (% of male population)",SP.POP.4549.MA.5Y,4.30721044331523
Comoros,COM,1982,"Population ages 45-49, male (% of male population)",SP.POP.4549.MA.5Y,4.33227110234825
Comoros,COM,1981,"Population ages 45-49, male (% of male population)",SP.POP.4549.MA.5Y,4.33324474845747
Comoros,COM,1980,"Population ages 45-49, male (% of male population)",SP.POP.4549.MA.5Y,4.32851595435167
Comoros,COM,1979,"Population ages 45-49, male (% of male population)",SP.POP.4549.MA.5Y,4.31663695545152
Comoros,COM,1978,"Population ages 45-49, male (% of male population)",SP.POP.4549.MA.5Y,4.29028950067051
Comoros,COM,1977,"Population ages 45-49, male (% of male population)",SP.POP.4549.MA.5Y,4.25588105834597
Comoros,COM,1976,"Population ages 45-49, male (% of male population)",SP.POP.4549.MA.5Y,4.21683902346886
Comoros,COM,1975,"Population ages 45-49, male (% of male population)",SP.POP.4549.MA.5Y,4.17593468794849
Comoros,COM,1974,"Population ages 45-49, male (% of male population)",SP.POP.4549.MA.5Y,4.13613247198571
Comoros,COM,1973,"Population ages 45-49, male (% of male population)",SP.POP.4549.MA.5Y,4.10290222640138
Comoros,COM,1972,"Population ages 45-49, male (% of male population)",SP.POP.4549.MA.5Y,4.08094435075885
Comoros,COM,1971,"Population ages 45-49, male (% of male population)",SP.POP.4549.MA.5Y,4.07087873117133
Comoros,COM,1970,"Population ages 45-49, male (% of male population)",SP.POP.4549.MA.5Y,4.0739668224879
Comoros,COM,1969,"Population ages 45-49, male (% of male population)",SP.POP.4549.MA.5Y,4.09282646432852
Comoros,COM,1968,"Population ages 45-49, male (% of male population)",SP.POP.4549.MA.5Y,4.12727975542046
Comoros,COM,1967,"Population ages 45-49, male (% of male population)",SP.POP.4549.MA.5Y,4.17478317070194
Comoros,COM,1966,"Population ages 45-49, male (% of male population)",SP.POP.4549.MA.5Y,4.22490234917344
Comoros,COM,1965,"Population ages 45-49, male (% of male population)",SP.POP.4549.MA.5Y,4.26229199431192
Comoros,COM,1964,"Population ages 45-49, male (% of male population)",SP.POP.4549.MA.5Y,4.28852327255852
Comoros,COM,1963,"Population ages 45-49, male (% of male population)",SP.POP.4549.MA.5Y,4.31269337796026
Comoros,COM,1962,"Population ages 45-49, male (% of male population)",SP.POP.4549.MA.5Y,4.33106519856489
Comoros,COM,1961,"Population ages 45-49, male (% of male population)",SP.POP.4549.MA.5Y,4.3453301171814
Comoros,COM,1960,"Population ages 45-49, male (% of male population)",SP.POP.4549.MA.5Y,4.35845652307629
Comoros,COM,2024,"Population ages 50-54, female (% of female population)",SP.POP.5054.FE.5Y,3.50720207235846
Comoros,COM,2023,"Population ages 50-54, female (% of female population)",SP.POP.5054.FE.5Y,3.45939104308122
Comoros,COM,2022,"Population ages 50-54, female (% of female population)",SP.POP.5054.FE.5Y,3.41774182072954
Comoros,COM,2021,"Population ages 50-54, female (% of female population)",SP.POP.5054.FE.5Y,3.38239272101316
Comoros,COM,2020,"Population ages 50-54, female (% of female population)",SP.POP.5054.FE.5Y,3.34913286532603
Comoros,COM,2019,"Population ages 50-54, female (% of female population)",SP.POP.5054.FE.5Y,3.31174196783296
Comoros,COM,2018,"Population ages 50-54, female (% of female population)",SP.POP.5054.FE.5Y,3.26944287275012
Comoros,COM,2017,"Population ages 50-54, female (% of female population)",SP.POP.5054.FE.5Y,3.22341401172295
Comoros,COM,2016,"Population ages 50-54, female (% of female population)",SP.POP.5054.FE.5Y,3.19757046412588
Comoros,COM,2015,"Population ages 50-54, female (% of female population)",SP.POP.5054.FE.5Y,3.19430834839974
Comoros,COM,2014,"Population ages 50-54, female (% of female population)",SP.POP.5054.FE.5Y,3.18352428757935
Comoros,COM,2013,"Population ages 50-54, female (% of female population)",SP.POP.5054.FE.5Y,3.14797490802863
Comoros,COM,2012,"Population ages 50-54, female (% of female population)",SP.POP.5054.FE.5Y,3.0654413486303
Comoros,COM,2011,"Population ages 50-54, female (% of female population)",SP.POP.5054.FE.5Y,2.95374387558409
Comoros,COM,2010,"Population ages 50-54, female (% of female population)",SP.POP.5054.FE.5Y,2.85155923258838
Comoros,COM,2009,"Population ages 50-54, female (% of female population)",SP.POP.5054.FE.5Y,2.77567648007143
Comoros,COM,2008,"Population ages 50-54, female (% of female population)",SP.POP.5054.FE.5Y,2.74399878648447
Comoros,COM,2007,"Population ages 50-54, female (% of female population)",SP.POP.5054.FE.5Y,2.76259289444099
Comoros,COM,2006,"Population ages 50-54, female (% of female population)",SP.POP.5054.FE.5Y,2.81295153027716
Comoros,COM,2005,"Population ages 50-54, female (% of female population)",SP.POP.5054.FE.5Y,2.86595891087534
Comoros,COM,2004,"Population ages 50-54, female (% of female population)",SP.POP.5054.FE.5Y,2.88390440492149
Comoros,COM,2003,"Population ages 50-54, female (% of female population)",SP.POP.5054.FE.5Y,2.83832231117299
Comoros,COM,2002,"Population ages 50-54, female (% of female population)",SP.POP.5054.FE.5Y,2.67557935738602
Comoros,COM,2001,"Population ages 50-54, female (% of female population)",SP.POP.5054.FE.5Y,2.44961609685838
Comoros,COM,2000,"Population ages 50-54, female (% of female population)",SP.POP.5054.FE.5Y,2.29118313477515
Comoros,COM,1999,"Population ages 50-54, female (% of female population)",SP.POP.5054.FE.5Y,2.26662779310293
Comoros,COM,1998,"Population ages 50-54, female (% of female population)",SP.POP.5054.FE.5Y,2.35495847266077
Comoros,COM,1997,"Population ages 50-54, female (% of female population)",SP.POP.5054.FE.5Y,2.454209760327
Comoros,COM,1996,"Population ages 50-54, female (% of female population)",SP.POP.5054.FE.5Y,2.52839319351508
Comoros,COM,1995,"Population ages 50-54, female (% of female population)",SP.POP.5054.FE.5Y,2.58209982166821
Comoros,COM,1994,"Population ages 50-54, female (% of female population)",SP.POP.5054.FE.5Y,2.61868434651356
Comoros,COM,1993,"Population ages 50-54, female (% of female population)",SP.POP.5054.FE.5Y,2.64346965013085
Comoros,COM,1992,"Population ages 50-54, female (% of female population)",SP.POP.5054.FE.5Y,2.65908281464647
Comoros,COM,1991,"Population ages 50-54, female (% of female population)",SP.POP.5054.FE.5Y,2.6573293233604
Comoros,COM,1990,"Population ages 50-54, female (% of female population)",SP.POP.5054.FE.5Y,2.63687309798133
Comoros,COM,1989,"Population ages 50-54, female (% of female population)",SP.POP.5054.FE.5Y,2.60469960532086
Comoros,COM,1988,"Population ages 50-54, female (% of female population)",SP.POP.5054.FE.5Y,2.56346441015431
Comoros,COM,1987,"Population ages 50-54, female (% of female population)",SP.POP.5054.FE.5Y,2.51728733678436
Comoros,COM,1986,"Population ages 50-54, female (% of female population)",SP.POP.5054.FE.5Y,2.46904993740437
Comoros,COM,1985,"Population ages 50-54, female (% of female population)",SP.POP.5054.FE.5Y,2.42325548102094
Comoros,COM,1984,"Population ages 50-54, female (% of female population)",SP.POP.5054.FE.5Y,2.38616508431046
Comoros,COM,1983,"Population ages 50-54, female (% of female population)",SP.POP.5054.FE.5Y,2.35876907409715
Comoros,COM,1982,"Population ages 50-54, female (% of female population)",SP.POP.5054.FE.5Y,2.34294204389288
Comoros,COM,1981,"Population ages 50-54, female (% of female population)",SP.POP.5054.FE.5Y,2.34177995932079
Comoros,COM,1980,"Population ages 50-54, female (% of female population)",SP.POP.5054.FE.5Y,2.35613072420453
Comoros,COM,1979,"Population ages 50-54, female (% of female population)",SP.POP.5054.FE.5Y,2.39023573635271
Comoros,COM,1978,"Population ages 50-54, female (% of female population)",SP.POP.5054.FE.5Y,2.44684425547416
Comoros,COM,1977,"Population ages 50-54, female (% of female population)",SP.POP.5054.FE.5Y,2.52356930738008
Comoros,COM,1976,"Population ages 50-54, female (% of female population)",SP.POP.5054.FE.5Y,2.61354731110054
Comoros,COM,1975,"Population ages 50-54, female (% of female population)",SP.POP.5054.FE.5Y,2.71586057036878
Comoros,COM,1974,"Population ages 50-54, female (% of female population)",SP.POP.5054.FE.5Y,2.82854936285236
Comoros,COM,1973,"Population ages 50-54, female (% of female population)",SP.POP.5054.FE.5Y,2.94415343583075
Comoros,COM,1972,"Population ages 50-54, female (% of female population)",SP.POP.5054.FE.5Y,3.05799434015515
Comoros,COM,1971,"Population ages 50-54, female (% of female population)",SP.POP.5054.FE.5Y,3.16905148774279
Comoros,COM,1970,"Population ages 50-54, female (% of female population)",SP.POP.5054.FE.5Y,3.27482677111081
Comoros,COM,1969,"Population ages 50-54, female (% of female population)",SP.POP.5054.FE.5Y,3.37016736034866
Comoros,COM,1968,"Population ages 50-54, female (% of female population)",SP.POP.5054.FE.5Y,3.45569571323653
Comoros,COM,1967,"Population ages 50-54, female (% of female population)",SP.POP.5054.FE.5Y,3.52995204493469
Comoros,COM,1966,"Population ages 50-54, female (% of female population)",SP.POP.5054.FE.5Y,3.59050847457627
Comoros,COM,1965,"Population ages 50-54, female (% of female population)",SP.POP.5054.FE.5Y,3.63991542562971
Comoros,COM,1964,"Population ages 50-54, female (% of female population)",SP.POP.5054.FE.5Y,3.67953851754361
Comoros,COM,1963,"Population ages 50-54, female (% of female population)",SP.POP.5054.FE.5Y,3.70751606859095
Comoros,COM,1962,"Population ages 50-54, female (% of female population)",SP.POP.5054.FE.5Y,3.72598008951999
Comoros,COM,1961,"Population ages 50-54, female (% of female population)",SP.POP.5054.FE.5Y,3.73317764116553
Comoros,COM,1960,"Population ages 50-54, female (% of female population)",SP.POP.5054.FE.5Y,3.72676078838589
Comoros,COM,2024,"Population ages 50-54, male (% of male population)",SP.POP.5054.MA.5Y,3.77775406738417
Comoros,COM,2023,"Population ages 50-54, male (% of male population)",SP.POP.5054.MA.5Y,3.73325040858365
Comoros,COM,2022,"Population ages 50-54, male (% of male population)",SP.POP.5054.MA.5Y,3.67673084142221
Comoros,COM,2021,"Population ages 50-54, male (% of male population)",SP.POP.5054.MA.5Y,3.61363661215797
Comoros,COM,2020,"Population ages 50-54, male (% of male population)",SP.POP.5054.MA.5Y,3.54354026908008
Comoros,COM,2019,"Population ages 50-54, male (% of male population)",SP.POP.5054.MA.5Y,3.4608687301134
Comoros,COM,2018,"Population ages 50-54, male (% of male population)",SP.POP.5054.MA.5Y,3.37092115062012
Comoros,COM,2017,"Population ages 50-54, male (% of male population)",SP.POP.5054.MA.5Y,3.28186824956076
Comoros,COM,2016,"Population ages 50-54, male (% of male population)",SP.POP.5054.MA.5Y,3.22395381853217
Comoros,COM,2015,"Population ages 50-54, male (% of male population)",SP.POP.5054.MA.5Y,3.20035565605644
Comoros,COM,2014,"Population ages 50-54, male (% of male population)",SP.POP.5054.MA.5Y,3.1728937122028
Comoros,COM,2013,"Population ages 50-54, male (% of male population)",SP.POP.5054.MA.5Y,3.11879429819579
Comoros,COM,2012,"Population ages 50-54, male (% of male population)",SP.POP.5054.MA.5Y,3.00794676856415
Comoros,COM,2011,"Population ages 50-54, male (% of male population)",SP.POP.5054.MA.5Y,2.85862754639225
Comoros,COM,2010,"Population ages 50-54, male (% of male population)",SP.POP.5054.MA.5Y,2.71737380335727
Comoros,COM,2009,"Population ages 50-54, male (% of male population)",SP.POP.5054.MA.5Y,2.60460776685958
Comoros,COM,2008,"Population ages 50-54, male (% of male population)",SP.POP.5054.MA.5Y,2.54082353430008
Comoros,COM,2007,"Population ages 50-54, male (% of male population)",SP.POP.5054.MA.5Y,2.53316954519427
Comoros,COM,2006,"Population ages 50-54, male (% of male population)",SP.POP.5054.MA.5Y,2.56700629178005
Comoros,COM,2005,"Population ages 50-54, male (% of male population)",SP.POP.5054.MA.5Y,2.61636854304016
Comoros,COM,2004,"Population ages 50-54, male (% of male population)",SP.POP.5054.MA.5Y,2.64669258943442
Comoros,COM,2003,"Population ages 50-54, male (% of male population)",SP.POP.5054.MA.5Y,2.62692590199913
Comoros,COM,2002,"Population ages 50-54, male (% of male population)",SP.POP.5054.MA.5Y,2.46785341373442
Comoros,COM,2001,"Population ages 50-54, male (% of male population)",SP.POP.5054.MA.5Y,2.21708605202871
Comoros,COM,2000,"Population ages 50-54, male (% of male population)",SP.POP.5054.MA.5Y,2.03906921774441
Comoros,COM,1999,"Population ages 50-54, male (% of male population)",SP.POP.5054.MA.5Y,2.00307719104712
Comoros,COM,1998,"Population ages 50-54, male (% of male population)",SP.POP.5054.MA.5Y,2.12774767527151
Comoros,COM,1997,"Population ages 50-54, male (% of male population)",SP.POP.5054.MA.5Y,2.318928898609
Comoros,COM,1996,"Population ages 50-54, male (% of male population)",SP.POP.5054.MA.5Y,2.50378032924528
Comoros,COM,1995,"Population ages 50-54, male (% of male population)",SP.POP.5054.MA.5Y,2.68116677681944
Comoros,COM,1994,"Population ages 50-54, male (% of male population)",SP.POP.5054.MA.5Y,2.84650128084131
Comoros,COM,1993,"Population ages 50-54, male (% of male population)",SP.POP.5054.MA.5Y,2.99783572974479
Comoros,COM,1992,"Population ages 50-54, male (% of male population)",SP.POP.5054.MA.5Y,3.13180857583404
Comoros,COM,1991,"Population ages 50-54, male (% of male population)",SP.POP.5054.MA.5Y,3.25180829010934
Comoros,COM,1990,"Population ages 50-54, male (% of male population)",SP.POP.5054.MA.5Y,3.35501727583523
Comoros,COM,1989,"Population ages 50-54, male (% of male population)",SP.POP.5054.MA.5Y,3.43058298434575
Comoros,COM,1988,"Population ages 50-54, male (% of male population)",SP.POP.5054.MA.5Y,3.47598002227732
Comoros,COM,1987,"Population ages 50-54, male (% of male population)",SP.POP.5054.MA.5Y,3.49346696106732
Comoros,COM,1986,"Population ages 50-54, male (% of male population)",SP.POP.5054.MA.5Y,3.49247068566754
Comoros,COM,1985,"Population ages 50-54, male (% of male population)",SP.POP.5054.MA.5Y,3.48268384794157
Comoros,COM,1984,"Population ages 50-54, male (% of male population)",SP.POP.5054.MA.5Y,3.46969612177514
Comoros,COM,1983,"Population ages 50-54, male (% of male population)",SP.POP.5054.MA.5Y,3.45682933239881
Comoros,COM,1982,"Population ages 50-54, male (% of male population)",SP.POP.5054.MA.5Y,3.44714111733949
Comoros,COM,1981,"Population ages 50-54, male (% of male population)",SP.POP.5054.MA.5Y,3.44181129110531
Comoros,COM,1980,"Population ages 50-54, male (% of male population)",SP.POP.5054.MA.5Y,3.44826562481445
Comoros,COM,1979,"Population ages 50-54, male (% of male population)",SP.POP.5054.MA.5Y,3.45954739066222
Comoros,COM,1978,"Population ages 50-54, male (% of male population)",SP.POP.5054.MA.5Y,3.46075569929794
Comoros,COM,1977,"Population ages 50-54, male (% of male population)",SP.POP.5054.MA.5Y,3.45706786651668
Comoros,COM,1976,"Population ages 50-54, male (% of male population)",SP.POP.5054.MA.5Y,3.45219544114572
Comoros,COM,1975,"Population ages 50-54, male (% of male population)",SP.POP.5054.MA.5Y,3.44473582210986
Comoros,COM,1974,"Population ages 50-54, male (% of male population)",SP.POP.5054.MA.5Y,3.43948261269017
Comoros,COM,1973,"Population ages 50-54, male (% of male population)",SP.POP.5054.MA.5Y,3.44468462123454
Comoros,COM,1972,"Population ages 50-54, male (% of male population)",SP.POP.5054.MA.5Y,3.4595181330077
Comoros,COM,1971,"Population ages 50-54, male (% of male population)",SP.POP.5054.MA.5Y,3.48062335455795
Comoros,COM,1970,"Population ages 50-54, male (% of male population)",SP.POP.5054.MA.5Y,3.50887353659041
Comoros,COM,1969,"Population ages 50-54, male (% of male population)",SP.POP.5054.MA.5Y,3.5413441156023
Comoros,COM,1968,"Population ages 50-54, male (% of male population)",SP.POP.5054.MA.5Y,3.57469164001827
Comoros,COM,1967,"Population ages 50-54, male (% of male population)",SP.POP.5054.MA.5Y,3.60802144112955
Comoros,COM,1966,"Population ages 50-54, male (% of male population)",SP.POP.5054.MA.5Y,3.63251818804495
Comoros,COM,1965,"Population ages 50-54, male (% of male population)",SP.POP.5054.MA.5Y,3.63839264693418
Comoros,COM,1964,"Population ages 50-54, male (% of male population)",SP.POP.5054.MA.5Y,3.63787717141176
Comoros,COM,1963,"Population ages 50-54, male (% of male population)",SP.POP.5054.MA.5Y,3.63842456556851
Comoros,COM,1962,"Population ages 50-54, male (% of male population)",SP.POP.5054.MA.5Y,3.63379933193121
Comoros,COM,1961,"Population ages 50-54, male (% of male population)",SP.POP.5054.MA.5Y,3.62371022403956
Comoros,COM,1960,"Population ages 50-54, male (% of male population)",SP.POP.5054.MA.5Y,3.60240296885572
Comoros,COM,2024,"Population ages 55-59, female (% of female population)",SP.POP.5559.FE.5Y,2.86283972066799
Comoros,COM,2023,"Population ages 55-59, female (% of female population)",SP.POP.5559.FE.5Y,2.82795902434408
Comoros,COM,2022,"Population ages 55-59, female (% of female population)",SP.POP.5559.FE.5Y,2.78549214300443
Comoros,COM,2021,"Population ages 55-59, female (% of female population)",SP.POP.5559.FE.5Y,2.74302225501045
Comoros,COM,2020,"Population ages 55-59, female (% of female population)",SP.POP.5559.FE.5Y,2.7016823428628
Comoros,COM,2019,"Population ages 55-59, female (% of female population)",SP.POP.5559.FE.5Y,2.65709381243652
Comoros,COM,2018,"Population ages 55-59, female (% of female population)",SP.POP.5559.FE.5Y,2.61315547258168
Comoros,COM,2017,"Population ages 55-59, female (% of female population)",SP.POP.5559.FE.5Y,2.57586028151043
Comoros,COM,2016,"Population ages 55-59, female (% of female population)",SP.POP.5559.FE.5Y,2.54426696719802
Comoros,COM,2015,"Population ages 55-59, female (% of female population)",SP.POP.5559.FE.5Y,2.50093158701023
Comoros,COM,2014,"Population ages 55-59, female (% of female population)",SP.POP.5559.FE.5Y,2.43818372124432
Comoros,COM,2013,"Population ages 55-59, female (% of female population)",SP.POP.5559.FE.5Y,2.38479904039853
Comoros,COM,2012,"Population ages 55-59, female (% of female population)",SP.POP.5559.FE.5Y,2.38263872629361
Comoros,COM,2011,"Population ages 55-59, female (% of female population)",SP.POP.5559.FE.5Y,2.42410498487172
Comoros,COM,2010,"Population ages 55-59, female (% of female population)",SP.POP.5559.FE.5Y,2.46648467381964
Comoros,COM,2009,"Population ages 55-59, female (% of female population)",SP.POP.5559.FE.5Y,2.47820506460974
Comoros,COM,2008,"Population ages 55-59, female (% of female population)",SP.POP.5559.FE.5Y,2.42987523543465
Comoros,COM,2007,"Population ages 55-59, female (% of female population)",SP.POP.5559.FE.5Y,2.31531441567101
Comoros,COM,2006,"Population ages 55-59, female (% of female population)",SP.POP.5559.FE.5Y,2.15601602522002
Comoros,COM,2005,"Population ages 55-59, female (% of female population)",SP.POP.5559.FE.5Y,1.98832387110384
Comoros,COM,2004,"Population ages 55-59, female (% of female population)",SP.POP.5559.FE.5Y,1.86084239107233
Comoros,COM,2003,"Population ages 55-59, female (% of female population)",SP.POP.5559.FE.5Y,1.82526975287156
Comoros,COM,2002,"Population ages 55-59, female (% of female population)",SP.POP.5559.FE.5Y,1.91054583732804
Comoros,COM,2001,"Population ages 55-59, female (% of female population)",SP.POP.5559.FE.5Y,2.05398107738347
Comoros,COM,2000,"Population ages 55-59, female (% of female population)",SP.POP.5559.FE.5Y,2.15152166682287
Comoros,COM,1999,"Population ages 55-59, female (% of female population)",SP.POP.5559.FE.5Y,2.16421090403463
Comoros,COM,1998,"Population ages 55-59, female (% of female population)",SP.POP.5559.FE.5Y,2.15193170088149
Comoros,COM,1997,"Population ages 55-59, female (% of female population)",SP.POP.5559.FE.5Y,2.15519910819347
Comoros,COM,1996,"Population ages 55-59, female (% of female population)",SP.POP.5559.FE.5Y,2.14988295935498
Comoros,COM,1995,"Population ages 55-59, female (% of female population)",SP.POP.5559.FE.5Y,2.13697245185142
Comoros,COM,1994,"Population ages 55-59, female (% of female population)",SP.POP.5559.FE.5Y,2.11643453697633
Comoros,COM,1993,"Population ages 55-59, female (% of female population)",SP.POP.5559.FE.5Y,2.08989502677379
Comoros,COM,1992,"Population ages 55-59, female (% of female population)",SP.POP.5559.FE.5Y,2.05913030205383
Comoros,COM,1991,"Population ages 55-59, female (% of female population)",SP.POP.5559.FE.5Y,2.01661480858735
Comoros,COM,1990,"Population ages 55-59, female (% of female population)",SP.POP.5559.FE.5Y,1.96976332163316
Comoros,COM,1989,"Population ages 55-59, female (% of female population)",SP.POP.5559.FE.5Y,1.93502411928081
Comoros,COM,1988,"Population ages 55-59, female (% of female population)",SP.POP.5559.FE.5Y,1.90980211688909
Comoros,COM,1987,"Population ages 55-59, female (% of female population)",SP.POP.5559.FE.5Y,1.8943637487445
Comoros,COM,1986,"Population ages 55-59, female (% of female population)",SP.POP.5559.FE.5Y,1.89128231623711
Comoros,COM,1985,"Population ages 55-59, female (% of female population)",SP.POP.5559.FE.5Y,1.90199607329843
Comoros,COM,1984,"Population ages 55-59, female (% of female population)",SP.POP.5559.FE.5Y,1.92540471128139
Comoros,COM,1983,"Population ages 55-59, female (% of female population)",SP.POP.5559.FE.5Y,1.96117199053134
Comoros,COM,1982,"Population ages 55-59, female (% of female population)",SP.POP.5559.FE.5Y,2.00871390461536
Comoros,COM,1981,"Population ages 55-59, female (% of female population)",SP.POP.5559.FE.5Y,2.06436954395105
Comoros,COM,1980,"Population ages 55-59, female (% of female population)",SP.POP.5559.FE.5Y,2.13286238282842
Comoros,COM,1979,"Population ages 55-59, female (% of female population)",SP.POP.5559.FE.5Y,2.21461291451704
Comoros,COM,1978,"Population ages 55-59, female (% of female population)",SP.POP.5559.FE.5Y,2.30302307105332
Comoros,COM,1977,"Population ages 55-59, female (% of female population)",SP.POP.5559.FE.5Y,2.39356528730564
Comoros,COM,1976,"Population ages 55-59, female (% of female population)",SP.POP.5559.FE.5Y,2.48528121420773
Comoros,COM,1975,"Population ages 55-59, female (% of female population)",SP.POP.5559.FE.5Y,2.57607108502938
Comoros,COM,1974,"Population ages 55-59, female (% of female population)",SP.POP.5559.FE.5Y,2.66050256718296
Comoros,COM,1973,"Population ages 55-59, female (% of female population)",SP.POP.5559.FE.5Y,2.73654813709338
Comoros,COM,1972,"Population ages 55-59, female (% of female population)",SP.POP.5559.FE.5Y,2.80360643483169
Comoros,COM,1971,"Population ages 55-59, female (% of female population)",SP.POP.5559.FE.5Y,2.86139186472419
Comoros,COM,1970,"Population ages 55-59, female (% of female population)",SP.POP.5559.FE.5Y,2.90992097762317
Comoros,COM,1969,"Population ages 55-59, female (% of female population)",SP.POP.5559.FE.5Y,2.95228831566775
Comoros,COM,1968,"Population ages 55-59, female (% of female population)",SP.POP.5559.FE.5Y,2.98583104628639
Comoros,COM,1967,"Population ages 55-59, female (% of female population)",SP.POP.5559.FE.5Y,3.00977647464034
Comoros,COM,1966,"Population ages 55-59, female (% of female population)",SP.POP.5559.FE.5Y,3.02327683615819
Comoros,COM,1965,"Population ages 55-59, female (% of female population)",SP.POP.5559.FE.5Y,3.01939694796838
Comoros,COM,1964,"Population ages 55-59, female (% of female population)",SP.POP.5559.FE.5Y,3.00280959181578
Comoros,COM,1963,"Population ages 55-59, female (% of female population)",SP.POP.5559.FE.5Y,2.97844081303513
Comoros,COM,1962,"Population ages 55-59, female (% of female population)",SP.POP.5559.FE.5Y,2.94702114523846
Comoros,COM,1961,"Population ages 55-59, female (% of female population)",SP.POP.5559.FE.5Y,2.91186874757753
Comoros,COM,1960,"Population ages 55-59, female (% of female population)",SP.POP.5559.FE.5Y,2.87607085088963
Comoros,COM,2024,"Population ages 55-59, male (% of male population)",SP.POP.5559.MA.5Y,2.95515637960646
Comoros,COM,2023,"Population ages 55-59, male (% of male population)",SP.POP.5559.MA.5Y,2.88603848051307
Comoros,COM,2022,"Population ages 55-59, male (% of male population)",SP.POP.5559.MA.5Y,2.8110568873158
Comoros,COM,2021,"Population ages 55-59, male (% of male population)",SP.POP.5559.MA.5Y,2.74394355621597
Comoros,COM,2020,"Population ages 55-59, male (% of male population)",SP.POP.5559.MA.5Y,2.68522488185308
Comoros,COM,2019,"Population ages 55-59, male (% of male population)",SP.POP.5559.MA.5Y,2.62420990646506
Comoros,COM,2018,"Population ages 55-59, male (% of male population)",SP.POP.5559.MA.5Y,2.56217322177242
Comoros,COM,2017,"Population ages 55-59, male (% of male population)",SP.POP.5559.MA.5Y,2.50575253394028
Comoros,COM,2016,"Population ages 55-59, male (% of male population)",SP.POP.5559.MA.5Y,2.45251826942947
Comoros,COM,2015,"Population ages 55-59, male (% of male population)",SP.POP.5559.MA.5Y,2.38599659162946
Comoros,COM,2014,"Population ages 55-59, male (% of male population)",SP.POP.5559.MA.5Y,2.3016362229689
Comoros,COM,2013,"Population ages 55-59, male (% of male population)",SP.POP.5559.MA.5Y,2.22797726295567
Comoros,COM,2012,"Population ages 55-59, male (% of male population)",SP.POP.5559.MA.5Y,2.2047392333273
Comoros,COM,2011,"Population ages 55-59, male (% of male population)",SP.POP.5559.MA.5Y,2.22875027784286
Comoros,COM,2010,"Population ages 55-59, male (% of male population)",SP.POP.5559.MA.5Y,2.26332810437071
Comoros,COM,2009,"Population ages 55-59, male (% of male population)",SP.POP.5559.MA.5Y,2.28118429971618
Comoros,COM,2008,"Population ages 55-59, male (% of male population)",SP.POP.5559.MA.5Y,2.25636124792646
Comoros,COM,2007,"Population ages 55-59, male (% of male population)",SP.POP.5559.MA.5Y,2.18177546995287
Comoros,COM,2006,"Population ages 55-59, male (% of male population)",SP.POP.5559.MA.5Y,2.0722239060996
Comoros,COM,2005,"Population ages 55-59, male (% of male population)",SP.POP.5559.MA.5Y,1.95777011803077
Comoros,COM,2004,"Population ages 55-59, male (% of male population)",SP.POP.5559.MA.5Y,1.8804716114433
Comoros,COM,2003,"Population ages 55-59, male (% of male population)",SP.POP.5559.MA.5Y,1.88090160089912
Comoros,COM,2002,"Population ages 55-59, male (% of male population)",SP.POP.5559.MA.5Y,1.97377691226574
Comoros,COM,2001,"Population ages 55-59, male (% of male population)",SP.POP.5559.MA.5Y,2.12918722265606
Comoros,COM,2000,"Population ages 55-59, male (% of male population)",SP.POP.5559.MA.5Y,2.28850764982405
Comoros,COM,1999,"Population ages 55-59, male (% of male population)",SP.POP.5559.MA.5Y,2.41588527302813
Comoros,COM,1998,"Population ages 55-59, male (% of male population)",SP.POP.5559.MA.5Y,2.53097666201327
Comoros,COM,1997,"Population ages 55-59, male (% of male population)",SP.POP.5559.MA.5Y,2.6434747048718
Comoros,COM,1996,"Population ages 55-59, male (% of male population)",SP.POP.5559.MA.5Y,2.73386074530567
Comoros,COM,1995,"Population ages 55-59, male (% of male population)",SP.POP.5559.MA.5Y,2.79698257376265
Comoros,COM,1994,"Population ages 55-59, male (% of male population)",SP.POP.5559.MA.5Y,2.83344007010921
Comoros,COM,1993,"Population ages 55-59, male (% of male population)",SP.POP.5559.MA.5Y,2.84312254912465
Comoros,COM,1992,"Population ages 55-59, male (% of male population)",SP.POP.5559.MA.5Y,2.82735141901898
Comoros,COM,1991,"Population ages 55-59, male (% of male population)",SP.POP.5559.MA.5Y,2.8014039270812
Comoros,COM,1990,"Population ages 55-59, male (% of male population)",SP.POP.5559.MA.5Y,2.7791561016247
Comoros,COM,1989,"Population ages 55-59, male (% of male population)",SP.POP.5559.MA.5Y,2.76085363063808
Comoros,COM,1988,"Population ages 55-59, male (% of male population)",SP.POP.5559.MA.5Y,2.74394260596697
Comoros,COM,1987,"Population ages 55-59, male (% of male population)",SP.POP.5559.MA.5Y,2.73099222526567
Comoros,COM,1986,"Population ages 55-59, male (% of male population)",SP.POP.5559.MA.5Y,2.72413723450456
Comoros,COM,1985,"Population ages 55-59, male (% of male population)",SP.POP.5559.MA.5Y,2.72270293824701
Comoros,COM,1984,"Population ages 55-59, male (% of male population)",SP.POP.5559.MA.5Y,2.72592332024869
Comoros,COM,1983,"Population ages 55-59, male (% of male population)",SP.POP.5559.MA.5Y,2.73348519362187
Comoros,COM,1982,"Population ages 55-59, male (% of male population)",SP.POP.5559.MA.5Y,2.74623742409455
Comoros,COM,1981,"Population ages 55-59, male (% of male population)",SP.POP.5559.MA.5Y,2.76355926328195
Comoros,COM,1980,"Population ages 55-59, male (% of male population)",SP.POP.5559.MA.5Y,2.79661318861404
Comoros,COM,1979,"Population ages 55-59, male (% of male population)",SP.POP.5559.MA.5Y,2.83973984595015
Comoros,COM,1978,"Population ages 55-59, male (% of male population)",SP.POP.5559.MA.5Y,2.87512818490179
Comoros,COM,1977,"Population ages 55-59, male (% of male population)",SP.POP.5559.MA.5Y,2.90278932524739
Comoros,COM,1976,"Population ages 55-59, male (% of male population)",SP.POP.5559.MA.5Y,2.92365706730348
Comoros,COM,1975,"Population ages 55-59, male (% of male population)",SP.POP.5559.MA.5Y,2.93527109180492
Comoros,COM,1974,"Population ages 55-59, male (% of male population)",SP.POP.5559.MA.5Y,2.93924026824275
Comoros,COM,1973,"Population ages 55-59, male (% of male population)",SP.POP.5559.MA.5Y,2.94081286315293
Comoros,COM,1972,"Population ages 55-59, male (% of male population)",SP.POP.5559.MA.5Y,2.941986005311
Comoros,COM,1971,"Population ages 55-59, male (% of male population)",SP.POP.5559.MA.5Y,2.94606756881304
Comoros,COM,1970,"Population ages 55-59, male (% of male population)",SP.POP.5559.MA.5Y,2.95494973731022
Comoros,COM,1969,"Population ages 55-59, male (% of male population)",SP.POP.5559.MA.5Y,2.96981561808248
Comoros,COM,1968,"Population ages 55-59, male (% of male population)",SP.POP.5559.MA.5Y,2.98828056365745
Comoros,COM,1967,"Population ages 55-59, male (% of male population)",SP.POP.5559.MA.5Y,3.01052622063935
Comoros,COM,1966,"Population ages 55-59, male (% of male population)",SP.POP.5559.MA.5Y,3.02115922175531
Comoros,COM,1965,"Population ages 55-59, male (% of male population)",SP.POP.5559.MA.5Y,2.99848380686901
Comoros,COM,1964,"Population ages 55-59, male (% of male population)",SP.POP.5559.MA.5Y,2.95374193270597
Comoros,COM,1963,"Population ages 55-59, male (% of male population)",SP.POP.5559.MA.5Y,2.89945319037148
Comoros,COM,1962,"Population ages 55-59, male (% of male population)",SP.POP.5559.MA.5Y,2.83508598292713
Comoros,COM,1961,"Population ages 55-59, male (% of male population)",SP.POP.5559.MA.5Y,2.7666292344182
Comoros,COM,1960,"Population ages 55-59, male (% of male population)",SP.POP.5559.MA.5Y,2.70026449059931
Comoros,COM,2024,"Population ages 60-64, female (% of female population)",SP.POP.6064.FE.5Y,2.27372169163687
Comoros,COM,2023,"Population ages 60-64, female (% of female population)",SP.POP.6064.FE.5Y,2.24443445551113
Comoros,COM,2022,"Population ages 60-64, female (% of female population)",SP.POP.6064.FE.5Y,2.21474300612232
Comoros,COM,2021,"Population ages 60-64, female (% of female population)",SP.POP.6064.FE.5Y,2.19685233001353
Comoros,COM,2020,"Population ages 60-64, female (% of female population)",SP.POP.6064.FE.5Y,2.18931593754272
Comoros,COM,2019,"Population ages 60-64, female (% of female population)",SP.POP.6064.FE.5Y,2.17921856652776
Comoros,COM,2018,"Population ages 60-64, female (% of female population)",SP.POP.6064.FE.5Y,2.16389715295903
Comoros,COM,2017,"Population ages 60-64, female (% of female population)",SP.POP.6064.FE.5Y,2.14495527466539
Comoros,COM,2016,"Population ages 60-64, female (% of female population)",SP.POP.6064.FE.5Y,2.12056111225496
Comoros,COM,2015,"Population ages 60-64, female (% of female population)",SP.POP.6064.FE.5Y,2.10980305560539
Comoros,COM,2014,"Population ages 60-64, female (% of female population)",SP.POP.6064.FE.5Y,2.11770697339396
Comoros,COM,2013,"Population ages 60-64, female (% of female population)",SP.POP.6064.FE.5Y,2.10658922514477
Comoros,COM,2012,"Population ages 60-64, female (% of female population)",SP.POP.6064.FE.5Y,2.02879887614142
Comoros,COM,2011,"Population ages 60-64, female (% of female population)",SP.POP.6064.FE.5Y,1.89222818335352
Comoros,COM,2010,"Population ages 60-64, female (% of female population)",SP.POP.6064.FE.5Y,1.7456104998213
Comoros,COM,2009,"Population ages 60-64, female (% of female population)",SP.POP.6064.FE.5Y,1.63151987896525
Comoros,COM,2008,"Population ages 60-64, female (% of female population)",SP.POP.6064.FE.5Y,1.58878888622028
Comoros,COM,2007,"Population ages 60-64, female (% of female population)",SP.POP.6064.FE.5Y,1.62788749907387
Comoros,COM,2006,"Population ages 60-64, female (% of female population)",SP.POP.6064.FE.5Y,1.7310849862078
Comoros,COM,2005,"Population ages 60-64, female (% of female population)",SP.POP.6064.FE.5Y,1.86275609547839
Comoros,COM,2004,"Population ages 60-64, female (% of female population)",SP.POP.6064.FE.5Y,1.97730513409438
Comoros,COM,2003,"Population ages 60-64, female (% of female population)",SP.POP.6064.FE.5Y,2.02888966237382
Comoros,COM,2002,"Population ages 60-64, female (% of female population)",SP.POP.6064.FE.5Y,1.97416572004771
Comoros,COM,2001,"Population ages 60-64, female (% of female population)",SP.POP.6064.FE.5Y,1.85977337621786
Comoros,COM,2000,"Population ages 60-64, female (% of female population)",SP.POP.6064.FE.5Y,1.77994865603402
Comoros,COM,1999,"Population ages 60-64, female (% of female population)",SP.POP.6064.FE.5Y,1.75734672976145
Comoros,COM,1998,"Population ages 60-64, female (% of female population)",SP.POP.6064.FE.5Y,1.74758905708512
Comoros,COM,1997,"Population ages 60-64, female (% of female population)",SP.POP.6064.FE.5Y,1.72052083978448
Comoros,COM,1996,"Population ages 60-64, female (% of female population)",SP.POP.6064.FE.5Y,1.68979894229936
Comoros,COM,1995,"Population ages 60-64, female (% of female population)",SP.POP.6064.FE.5Y,1.65814458715891
Comoros,COM,1994,"Population ages 60-64, female (% of female population)",SP.POP.6064.FE.5Y,1.62970769837233
Comoros,COM,1993,"Population ages 60-64, female (% of female population)",SP.POP.6064.FE.5Y,1.60601130864958
Comoros,COM,1992,"Population ages 60-64, female (% of female population)",SP.POP.6064.FE.5Y,1.58998015704764
Comoros,COM,1991,"Population ages 60-64, female (% of female population)",SP.POP.6064.FE.5Y,1.57372658802728
Comoros,COM,1990,"Population ages 60-64, female (% of female population)",SP.POP.6064.FE.5Y,1.56496262095672
Comoros,COM,1989,"Population ages 60-64, female (% of female population)",SP.POP.6064.FE.5Y,1.57574733226137
Comoros,COM,1988,"Population ages 60-64, female (% of female population)",SP.POP.6064.FE.5Y,1.59705851968031
Comoros,COM,1987,"Population ages 60-64, female (% of female population)",SP.POP.6064.FE.5Y,1.62636173993665
Comoros,COM,1986,"Population ages 60-64, female (% of female population)",SP.POP.6064.FE.5Y,1.66300697494188
Comoros,COM,1985,"Population ages 60-64, female (% of female population)",SP.POP.6064.FE.5Y,1.70668357329843
Comoros,COM,1984,"Population ages 60-64, female (% of female population)",SP.POP.6064.FE.5Y,1.75752057764773
Comoros,COM,1983,"Population ages 60-64, female (% of female population)",SP.POP.6064.FE.5Y,1.8127501909441
Comoros,COM,1982,"Population ages 60-64, female (% of female population)",SP.POP.6064.FE.5Y,1.86961478743481
Comoros,COM,1981,"Population ages 60-64, female (% of female population)",SP.POP.6064.FE.5Y,1.92810279389869
Comoros,COM,1980,"Population ages 60-64, female (% of female population)",SP.POP.6064.FE.5Y,1.9987832466052
Comoros,COM,1979,"Population ages 60-64, female (% of female population)",SP.POP.6064.FE.5Y,2.07673225889909
Comoros,COM,1978,"Population ages 60-64, female (% of female population)",SP.POP.6064.FE.5Y,2.14538500428637
Comoros,COM,1977,"Population ages 60-64, female (% of female population)",SP.POP.6064.FE.5Y,2.20488114844449
Comoros,COM,1976,"Population ages 60-64, female (% of female population)",SP.POP.6064.FE.5Y,2.25453619917079
Comoros,COM,1975,"Population ages 60-64, female (% of female population)",SP.POP.6064.FE.5Y,2.29337799215241
Comoros,COM,1974,"Population ages 60-64, female (% of female population)",SP.POP.6064.FE.5Y,2.32333633672287
Comoros,COM,1973,"Population ages 60-64, female (% of female population)",SP.POP.6064.FE.5Y,2.3453488286185
Comoros,COM,1972,"Population ages 60-64, female (% of female population)",SP.POP.6064.FE.5Y,2.36004851295586
Comoros,COM,1971,"Population ages 60-64, female (% of female population)",SP.POP.6064.FE.5Y,2.3703954331037
Comoros,COM,1970,"Population ages 60-64, female (% of female population)",SP.POP.6064.FE.5Y,2.37553671560459
Comoros,COM,1969,"Population ages 60-64, female (% of female population)",SP.POP.6064.FE.5Y,2.37368656149418
Comoros,COM,1968,"Population ages 60-64, female (% of female population)",SP.POP.6064.FE.5Y,2.36779150721762
Comoros,COM,1967,"Population ages 60-64, female (% of female population)",SP.POP.6064.FE.5Y,2.35933622417889
Comoros,COM,1966,"Population ages 60-64, female (% of female population)",SP.POP.6064.FE.5Y,2.3425988700565
Comoros,COM,1965,"Population ages 60-64, female (% of female population)",SP.POP.6064.FE.5Y,2.31476374333517
Comoros,COM,1964,"Population ages 60-64, female (% of female population)",SP.POP.6064.FE.5Y,2.28501022094033
Comoros,COM,1963,"Population ages 60-64, female (% of female population)",SP.POP.6064.FE.5Y,2.25932689799113
Comoros,COM,1962,"Population ages 60-64, female (% of female population)",SP.POP.6064.FE.5Y,2.23751736379071
Comoros,COM,1961,"Population ages 60-64, female (% of female population)",SP.POP.6064.FE.5Y,2.21763213800344
Comoros,COM,1960,"Population ages 60-64, female (% of female population)",SP.POP.6064.FE.5Y,2.19761567186533
Comoros,COM,2024,"Population ages 60-64, male (% of male population)",SP.POP.6064.MA.5Y,2.18085905815433
Comoros,COM,2023,"Population ages 60-64, male (% of male population)",SP.POP.6064.MA.5Y,2.14217074237135
Comoros,COM,2022,"Population ages 60-64, male (% of male population)",SP.POP.6064.MA.5Y,2.10006971630825
Comoros,COM,2021,"Population ages 60-64, male (% of male population)",SP.POP.6064.MA.5Y,2.06816362087798
Comoros,COM,2020,"Population ages 60-64, male (% of male population)",SP.POP.6064.MA.5Y,2.0470952089472
Comoros,COM,2019,"Population ages 60-64, male (% of male population)",SP.POP.6064.MA.5Y,2.02448436998491
Comoros,COM,2018,"Population ages 60-64, male (% of male population)",SP.POP.6064.MA.5Y,1.99835596247059
Comoros,COM,2017,"Population ages 60-64, male (% of male population)",SP.POP.6064.MA.5Y,1.97485048668211
Comoros,COM,2016,"Population ages 60-64, male (% of male population)",SP.POP.6064.MA.5Y,1.94878387191137
Comoros,COM,2015,"Population ages 60-64, male (% of male population)",SP.POP.6064.MA.5Y,1.93538914974602
Comoros,COM,2014,"Population ages 60-64, male (% of male population)",SP.POP.6064.MA.5Y,1.9434447878302
Comoros,COM,2013,"Population ages 60-64, male (% of male population)",SP.POP.6064.MA.5Y,1.94225434947349
Comoros,COM,2012,"Population ages 60-64, male (% of male population)",SP.POP.6064.MA.5Y,1.89366361768439
Comoros,COM,2011,"Population ages 60-64, male (% of male population)",SP.POP.6064.MA.5Y,1.80192357368993
Comoros,COM,2010,"Population ages 60-64, male (% of male population)",SP.POP.6064.MA.5Y,1.70286304871522
Comoros,COM,2009,"Population ages 60-64, male (% of male population)",SP.POP.6064.MA.5Y,1.63073681376225
Comoros,COM,2008,"Population ages 60-64, male (% of male population)",SP.POP.6064.MA.5Y,1.62015655014367
Comoros,COM,2007,"Population ages 60-64, male (% of male population)",SP.POP.6064.MA.5Y,1.6809491881557
Comoros,COM,2006,"Population ages 60-64, male (% of male population)",SP.POP.6064.MA.5Y,1.79793693564665
Comoros,COM,2005,"Population ages 60-64, male (% of male population)",SP.POP.6064.MA.5Y,1.94178554484438
Comoros,COM,2004,"Population ages 60-64, male (% of male population)",SP.POP.6064.MA.5Y,2.07324252839029
Comoros,COM,2003,"Population ages 60-64, male (% of male population)",SP.POP.6064.MA.5Y,2.14320480712219
Comoros,COM,2002,"Population ages 60-64, male (% of male population)",SP.POP.6064.MA.5Y,2.14918761900289
Comoros,COM,2001,"Population ages 60-64, male (% of male population)",SP.POP.6064.MA.5Y,2.153058694212
Comoros,COM,2000,"Population ages 60-64, male (% of male population)",SP.POP.6064.MA.5Y,2.20839188917888
Comoros,COM,1999,"Population ages 60-64, male (% of male population)",SP.POP.6064.MA.5Y,2.3258919499521
Comoros,COM,1998,"Population ages 60-64, male (% of male population)",SP.POP.6064.MA.5Y,2.4016279014741
Comoros,COM,1997,"Population ages 60-64, male (% of male population)",SP.POP.6064.MA.5Y,2.3955048701917
Comoros,COM,1996,"Population ages 60-64, male (% of male population)",SP.POP.6064.MA.5Y,2.37111217082605
Comoros,COM,1995,"Population ages 60-64, male (% of male population)",SP.POP.6064.MA.5Y,2.33537685714463
Comoros,COM,1994,"Population ages 60-64, male (% of male population)",SP.POP.6064.MA.5Y,2.29413846568694
Comoros,COM,1993,"Population ages 60-64, male (% of male population)",SP.POP.6064.MA.5Y,2.24998392868622
Comoros,COM,1992,"Population ages 60-64, male (% of male population)",SP.POP.6064.MA.5Y,2.20709629439001
Comoros,COM,1991,"Population ages 60-64, male (% of male population)",SP.POP.6064.MA.5Y,2.17061539693414
Comoros,COM,1990,"Population ages 60-64, male (% of male population)",SP.POP.6064.MA.5Y,2.14889539356583
Comoros,COM,1989,"Population ages 60-64, male (% of male population)",SP.POP.6064.MA.5Y,2.1415465635811
Comoros,COM,1988,"Population ages 60-64, male (% of male population)",SP.POP.6064.MA.5Y,2.13910148156133
Comoros,COM,1987,"Population ages 60-64, male (% of male population)",SP.POP.6064.MA.5Y,2.14087956292322
Comoros,COM,1986,"Population ages 60-64, male (% of male population)",SP.POP.6064.MA.5Y,2.14820276125357
Comoros,COM,1985,"Population ages 60-64, male (% of male population)",SP.POP.6064.MA.5Y,2.16140645750332
Comoros,COM,1984,"Population ages 60-64, male (% of male population)",SP.POP.6064.MA.5Y,2.18121833769044
Comoros,COM,1983,"Population ages 60-64, male (% of male population)",SP.POP.6064.MA.5Y,2.20671981776765
Comoros,COM,1982,"Population ages 60-64, male (% of male population)",SP.POP.6064.MA.5Y,2.23715408349529
Comoros,COM,1981,"Population ages 60-64, male (% of male population)",SP.POP.6064.MA.5Y,2.27104661105077
Comoros,COM,1980,"Population ages 60-64, male (% of male population)",SP.POP.6064.MA.5Y,2.32249522022587
Comoros,COM,1979,"Population ages 60-64, male (% of male population)",SP.POP.6064.MA.5Y,2.3795472683519
Comoros,COM,1978,"Population ages 60-64, male (% of male population)",SP.POP.6064.MA.5Y,2.41823775341169
Comoros,COM,1977,"Population ages 60-64, male (% of male population)",SP.POP.6064.MA.5Y,2.44045581258864
Comoros,COM,1976,"Population ages 60-64, male (% of male population)",SP.POP.6064.MA.5Y,2.44908559825687
Comoros,COM,1975,"Population ages 60-64, male (% of male population)",SP.POP.6064.MA.5Y,2.44675761840079
Comoros,COM,1974,"Population ages 60-64, male (% of male population)",SP.POP.6064.MA.5Y,2.43465742622963
Comoros,COM,1973,"Population ages 60-64, male (% of male population)",SP.POP.6064.MA.5Y,2.41970831631908
Comoros,COM,1972,"Population ages 60-64, male (% of male population)",SP.POP.6064.MA.5Y,2.4066213099184
Comoros,COM,1971,"Population ages 60-64, male (% of male population)",SP.POP.6064.MA.5Y,2.3954831238254
Comoros,COM,1970,"Population ages 60-64, male (% of male population)",SP.POP.6064.MA.5Y,2.3824101270012
Comoros,COM,1969,"Population ages 60-64, male (% of male population)",SP.POP.6064.MA.5Y,2.36715161286195
Comoros,COM,1968,"Population ages 60-64, male (% of male population)",SP.POP.6064.MA.5Y,2.34959763854236
Comoros,COM,1967,"Population ages 60-64, male (% of male population)",SP.POP.6064.MA.5Y,2.3244462322096
Comoros,COM,1966,"Population ages 60-64, male (% of male population)",SP.POP.6064.MA.5Y,2.28669542198115
Comoros,COM,1965,"Population ages 60-64, male (% of male population)",SP.POP.6064.MA.5Y,2.23238249503235
Comoros,COM,1964,"Population ages 60-64, male (% of male population)",SP.POP.6064.MA.5Y,2.17248819507901
Comoros,COM,1963,"Population ages 60-64, male (% of male population)",SP.POP.6064.MA.5Y,2.12204946583899
Comoros,COM,1962,"Population ages 60-64, male (% of male population)",SP.POP.6064.MA.5Y,2.07744649263887
Comoros,COM,1961,"Population ages 60-64, male (% of male population)",SP.POP.6064.MA.5Y,2.0354414571384
Comoros,COM,1960,"Population ages 60-64, male (% of male population)",SP.POP.6064.MA.5Y,1.99700654050397
Comoros,COM,2024,"Population ages 65-69, female (% of female population)",SP.POP.6569.FE.5Y,1.80809097207957
Comoros,COM,2023,"Population ages 65-69, female (% of female population)",SP.POP.6569.FE.5Y,1.80723461638553
Comoros,COM,2022,"Population ages 65-69, female (% of female population)",SP.POP.6569.FE.5Y,1.79497166754496
Comoros,COM,2021,"Population ages 65-69, female (% of female population)",SP.POP.6569.FE.5Y,1.78040083609984
Comoros,COM,2020,"Population ages 65-69, female (% of female population)",SP.POP.6569.FE.5Y,1.76274111636926
Comoros,COM,2019,"Population ages 65-69, female (% of female population)",SP.POP.6569.FE.5Y,1.73523971787965
Comoros,COM,2018,"Population ages 65-69, female (% of female population)",SP.POP.6569.FE.5Y,1.70329656003191
Comoros,COM,2017,"Population ages 65-69, female (% of female population)",SP.POP.6569.FE.5Y,1.68161941597884
Comoros,COM,2016,"Population ages 65-69, female (% of female population)",SP.POP.6569.FE.5Y,1.66136582828535
Comoros,COM,2015,"Population ages 65-69, female (% of female population)",SP.POP.6569.FE.5Y,1.60881626343901
Comoros,COM,2014,"Population ages 65-69, female (% of female population)",SP.POP.6569.FE.5Y,1.51867712600729
Comoros,COM,2013,"Population ages 65-69, female (% of female population)",SP.POP.6569.FE.5Y,1.43208466531603
Comoros,COM,2012,"Population ages 65-69, female (% of female population)",SP.POP.6569.FE.5Y,1.42428588152657
Comoros,COM,2011,"Population ages 65-69, female (% of female population)",SP.POP.6569.FE.5Y,1.50029540422637
Comoros,COM,2010,"Population ages 65-69, female (% of female population)",SP.POP.6569.FE.5Y,1.59687317024949
Comoros,COM,2009,"Population ages 65-69, female (% of female population)",SP.POP.6569.FE.5Y,1.67879907735807
Comoros,COM,2008,"Population ages 65-69, female (% of female population)",SP.POP.6569.FE.5Y,1.71045645881
Comoros,COM,2007,"Population ages 65-69, female (% of female population)",SP.POP.6569.FE.5Y,1.67056981699755
Comoros,COM,2006,"Population ages 65-69, female (% of female population)",SP.POP.6569.FE.5Y,1.56951924339945
Comoros,COM,2005,"Population ages 65-69, female (% of female population)",SP.POP.6569.FE.5Y,1.44034609827436
Comoros,COM,2004,"Population ages 65-69, female (% of female population)",SP.POP.6569.FE.5Y,1.32566022592406
Comoros,COM,2003,"Population ages 65-69, female (% of female population)",SP.POP.6569.FE.5Y,1.27236338322311
Comoros,COM,2002,"Population ages 65-69, female (% of female population)",SP.POP.6569.FE.5Y,1.3161695514178
Comoros,COM,2001,"Population ages 65-69, female (% of female population)",SP.POP.6569.FE.5Y,1.40024474502117
Comoros,COM,2000,"Population ages 65-69, female (% of female population)",SP.POP.6569.FE.5Y,1.43134628142153
Comoros,COM,1999,"Population ages 65-69, female (% of female population)",SP.POP.6569.FE.5Y,1.38748719788887
Comoros,COM,1998,"Population ages 65-69, female (% of female population)",SP.POP.6569.FE.5Y,1.3396345137908
Comoros,COM,1997,"Population ages 65-69, female (% of female population)",SP.POP.6569.FE.5Y,1.32803307115873
Comoros,COM,1996,"Population ages 65-69, female (% of female population)",SP.POP.6569.FE.5Y,1.32232284302367
Comoros,COM,1995,"Population ages 65-69, female (% of female population)",SP.POP.6569.FE.5Y,1.32434920934226
Comoros,COM,1994,"Population ages 65-69, female (% of female population)",SP.POP.6569.FE.5Y,1.33415850178821
Comoros,COM,1993,"Population ages 65-69, female (% of female population)",SP.POP.6569.FE.5Y,1.34992323598797
Comoros,COM,1992,"Population ages 65-69, female (% of female population)",SP.POP.6569.FE.5Y,1.37056289537507
Comoros,COM,1991,"Population ages 65-69, female (% of female population)",SP.POP.6569.FE.5Y,1.38023383804678
Comoros,COM,1990,"Population ages 65-69, female (% of female population)",SP.POP.6569.FE.5Y,1.38934891775277
Comoros,COM,1989,"Population ages 65-69, female (% of female population)",SP.POP.6569.FE.5Y,1.41495212688203
Comoros,COM,1988,"Population ages 65-69, female (% of female population)",SP.POP.6569.FE.5Y,1.44491298590306
Comoros,COM,1987,"Population ages 65-69, female (% of female population)",SP.POP.6569.FE.5Y,1.47642548095496
Comoros,COM,1986,"Population ages 65-69, female (% of female population)",SP.POP.6569.FE.5Y,1.51074061562308
Comoros,COM,1985,"Population ages 65-69, female (% of female population)",SP.POP.6569.FE.5Y,1.54741696662304
Comoros,COM,1984,"Population ages 65-69, female (% of female population)",SP.POP.6569.FE.5Y,1.58305791213187
Comoros,COM,1983,"Population ages 65-69, female (% of female population)",SP.POP.6569.FE.5Y,1.61693091886094
Comoros,COM,1982,"Population ages 65-69, female (% of female population)",SP.POP.6569.FE.5Y,1.64911899246523
Comoros,COM,1981,"Population ages 65-69, female (% of female population)",SP.POP.6569.FE.5Y,1.67737197380236
Comoros,COM,1980,"Population ages 65-69, female (% of female population)",SP.POP.6569.FE.5Y,1.71910716289729
Comoros,COM,1979,"Population ages 65-69, female (% of female population)",SP.POP.6569.FE.5Y,1.76992497222603
Comoros,COM,1978,"Population ages 65-69, female (% of female population)",SP.POP.6569.FE.5Y,1.80655736675344
Comoros,COM,1977,"Population ages 65-69, female (% of female population)",SP.POP.6569.FE.5Y,1.83075486623527
Comoros,COM,1976,"Population ages 65-69, female (% of female population)",SP.POP.6569.FE.5Y,1.84462052659428
Comoros,COM,1975,"Population ages 65-69, female (% of female population)",SP.POP.6569.FE.5Y,1.84529040919566
Comoros,COM,1974,"Population ages 65-69, female (% of female population)",SP.POP.6569.FE.5Y,1.83349780466527
Comoros,COM,1973,"Population ages 65-69, female (% of female population)",SP.POP.6569.FE.5Y,1.81562285283666
Comoros,COM,1972,"Population ages 65-69, female (% of female population)",SP.POP.6569.FE.5Y,1.79520820143556
Comoros,COM,1971,"Population ages 65-69, female (% of female population)",SP.POP.6569.FE.5Y,1.77435409183364
Comoros,COM,1970,"Population ages 65-69, female (% of female population)",SP.POP.6569.FE.5Y,1.75641321932055
Comoros,COM,1969,"Population ages 65-69, female (% of female population)",SP.POP.6569.FE.5Y,1.74331957101648
Comoros,COM,1968,"Population ages 65-69, female (% of female population)",SP.POP.6569.FE.5Y,1.73343125759665
Comoros,COM,1967,"Population ages 65-69, female (% of female population)",SP.POP.6569.FE.5Y,1.72744213157174
Comoros,COM,1966,"Population ages 65-69, female (% of female population)",SP.POP.6569.FE.5Y,1.7206779661017
Comoros,COM,1965,"Population ages 65-69, female (% of female population)",SP.POP.6569.FE.5Y,1.70435741864313
Comoros,COM,1964,"Population ages 65-69, female (% of female population)",SP.POP.6569.FE.5Y,1.68388825105243
Comoros,COM,1963,"Population ages 65-69, female (% of female population)",SP.POP.6569.FE.5Y,1.66638996276356
Comoros,COM,1962,"Population ages 65-69, female (% of female population)",SP.POP.6569.FE.5Y,1.65148942738077
Comoros,COM,1961,"Population ages 65-69, female (% of female population)",SP.POP.6569.FE.5Y,1.63918340112157
Comoros,COM,1960,"Population ages 65-69, female (% of female population)",SP.POP.6569.FE.5Y,1.62799289094794
Comoros,COM,2024,"Population ages 65-69, male (% of male population)",SP.POP.6569.MA.5Y,1.59918956344959
Comoros,COM,2023,"Population ages 65-69, male (% of male population)",SP.POP.6569.MA.5Y,1.59295014928793
Comoros,COM,2022,"Population ages 65-69, male (% of male population)",SP.POP.6569.MA.5Y,1.57952128134999
Comoros,COM,2021,"Population ages 65-69, male (% of male population)",SP.POP.6569.MA.5Y,1.57159537281498
Comoros,COM,2020,"Population ages 65-69, male (% of male population)",SP.POP.6569.MA.5Y,1.56967508667412
Comoros,COM,2019,"Population ages 65-69, male (% of male population)",SP.POP.6569.MA.5Y,1.56186422901277
Comoros,COM,2018,"Population ages 65-69, male (% of male population)",SP.POP.6569.MA.5Y,1.55023977694688
Comoros,COM,2017,"Population ages 65-69, male (% of male population)",SP.POP.6569.MA.5Y,1.5480262665102
Comoros,COM,2016,"Population ages 65-69, male (% of male population)",SP.POP.6569.MA.5Y,1.54260272612361
Comoros,COM,2015,"Population ages 65-69, male (% of male population)",SP.POP.6569.MA.5Y,1.51057774899354
Comoros,COM,2014,"Population ages 65-69, male (% of male population)",SP.POP.6569.MA.5Y,1.45424880193319
Comoros,COM,2013,"Population ages 65-69, male (% of male population)",SP.POP.6569.MA.5Y,1.40661375927665
Comoros,COM,2012,"Population ages 65-69, male (% of male population)",SP.POP.6569.MA.5Y,1.42256423380532
Comoros,COM,2011,"Population ages 65-69, male (% of male population)",SP.POP.6569.MA.5Y,1.50305476958567
Comoros,COM,2010,"Population ages 65-69, male (% of male population)",SP.POP.6569.MA.5Y,1.60135063644602
Comoros,COM,2009,"Population ages 65-69, male (% of male population)",SP.POP.6569.MA.5Y,1.68991109768297
Comoros,COM,2008,"Population ages 65-69, male (% of male population)",SP.POP.6569.MA.5Y,1.73649842906501
Comoros,COM,2007,"Population ages 65-69, male (% of male population)",SP.POP.6569.MA.5Y,1.72042800255144
Comoros,COM,2006,"Population ages 65-69, male (% of male population)",SP.POP.6569.MA.5Y,1.64905256917128
Comoros,COM,2005,"Population ages 65-69, male (% of male population)",SP.POP.6569.MA.5Y,1.54931325852326
Comoros,COM,2004,"Population ages 65-69, male (% of male population)",SP.POP.6569.MA.5Y,1.45898060655109
Comoros,COM,2003,"Population ages 65-69, male (% of male population)",SP.POP.6569.MA.5Y,1.41523376313065
Comoros,COM,2002,"Population ages 65-69, male (% of male population)",SP.POP.6569.MA.5Y,1.50535264597386
Comoros,COM,2001,"Population ages 65-69, male (% of male population)",SP.POP.6569.MA.5Y,1.68488177144824
Comoros,COM,2000,"Population ages 65-69, male (% of male population)",SP.POP.6569.MA.5Y,1.81160106517976
Comoros,COM,1999,"Population ages 65-69, male (% of male population)",SP.POP.6569.MA.5Y,1.85870080606923
Comoros,COM,1998,"Population ages 65-69, male (% of male population)",SP.POP.6569.MA.5Y,1.84913517734188
Comoros,COM,1997,"Population ages 65-69, male (% of male population)",SP.POP.6569.MA.5Y,1.82459291451756
Comoros,COM,1996,"Population ages 65-69, male (% of male population)",SP.POP.6569.MA.5Y,1.79988506168764
Comoros,COM,1995,"Population ages 65-69, male (% of male population)",SP.POP.6569.MA.5Y,1.77535879070905
Comoros,COM,1994,"Population ages 65-69, male (% of male population)",SP.POP.6569.MA.5Y,1.75146622623702
Comoros,COM,1993,"Population ages 65-69, male (% of male population)",SP.POP.6569.MA.5Y,1.72734480467997
Comoros,COM,1992,"Population ages 65-69, male (% of male population)",SP.POP.6569.MA.5Y,1.70352066753758
Comoros,COM,1991,"Population ages 65-69, male (% of male population)",SP.POP.6569.MA.5Y,1.6781732933567
Comoros,COM,1990,"Population ages 65-69, male (% of male population)",SP.POP.6569.MA.5Y,1.66271378561576
Comoros,COM,1989,"Population ages 65-69, male (% of male population)",SP.POP.6569.MA.5Y,1.66510264203445
Comoros,COM,1988,"Population ages 65-69, male (% of male population)",SP.POP.6569.MA.5Y,1.67343370102883
Comoros,COM,1987,"Population ages 65-69, male (% of male population)",SP.POP.6569.MA.5Y,1.68452577071173
Comoros,COM,1986,"Population ages 65-69, male (% of male population)",SP.POP.6569.MA.5Y,1.69977679698625
Comoros,COM,1985,"Population ages 65-69, male (% of male population)",SP.POP.6569.MA.5Y,1.71890562749004
Comoros,COM,1984,"Population ages 65-69, male (% of male population)",SP.POP.6569.MA.5Y,1.73937838608497
Comoros,COM,1983,"Population ages 65-69, male (% of male population)",SP.POP.6569.MA.5Y,1.76072148239005
Comoros,COM,1982,"Population ages 65-69, male (% of male population)",SP.POP.6569.MA.5Y,1.78207295361154
Comoros,COM,1981,"Population ages 65-69, male (% of male population)",SP.POP.6569.MA.5Y,1.80193192059714
Comoros,COM,1980,"Population ages 65-69, male (% of male population)",SP.POP.6569.MA.5Y,1.84243964421855
Comoros,COM,1979,"Population ages 65-69, male (% of male population)",SP.POP.6569.MA.5Y,1.89305797203375
Comoros,COM,1978,"Population ages 65-69, male (% of male population)",SP.POP.6569.MA.5Y,1.92474560227183
Comoros,COM,1977,"Population ages 65-69, male (% of male population)",SP.POP.6569.MA.5Y,1.94030094064329
Comoros,COM,1976,"Population ages 65-69, male (% of male population)",SP.POP.6569.MA.5Y,1.93909834793813
Comoros,COM,1975,"Population ages 65-69, male (% of male population)",SP.POP.6569.MA.5Y,1.91913513211513
Comoros,COM,1974,"Population ages 65-69, male (% of male population)",SP.POP.6569.MA.5Y,1.88269081912423
Comoros,COM,1973,"Population ages 65-69, male (% of male population)",SP.POP.6569.MA.5Y,1.83716513132509
Comoros,COM,1972,"Population ages 65-69, male (% of male population)",SP.POP.6569.MA.5Y,1.78790874377314
Comoros,COM,1971,"Population ages 65-69, male (% of male population)",SP.POP.6569.MA.5Y,1.74151382672218
Comoros,COM,1970,"Population ages 65-69, male (% of male population)",SP.POP.6569.MA.5Y,1.702726182104
Comoros,COM,1969,"Population ages 65-69, male (% of male population)",SP.POP.6569.MA.5Y,1.67150759834342
Comoros,COM,1968,"Population ages 65-69, male (% of male population)",SP.POP.6569.MA.5Y,1.64853990230875
Comoros,COM,1967,"Population ages 65-69, male (% of male population)",SP.POP.6569.MA.5Y,1.63429857586427
Comoros,COM,1966,"Population ages 65-69, male (% of male population)",SP.POP.6569.MA.5Y,1.61933764045984
Comoros,COM,1965,"Population ages 65-69, male (% of male population)",SP.POP.6569.MA.5Y,1.58729411321537
Comoros,COM,1964,"Population ages 65-69, male (% of male population)",SP.POP.6569.MA.5Y,1.54767657147778
Comoros,COM,1963,"Population ages 65-69, male (% of male population)",SP.POP.6569.MA.5Y,1.51588861429489
Comoros,COM,1962,"Population ages 65-69, male (% of male population)",SP.POP.6569.MA.5Y,1.48806136335519
Comoros,COM,1961,"Population ages 65-69, male (% of male population)",SP.POP.6569.MA.5Y,1.46338270025833
Comoros,COM,1960,"Population ages 65-69, male (% of male population)",SP.POP.6569.MA.5Y,1.43983351444447
Comoros,COM,2024,"Population ages 65 and above, female",SP.POP.65UP.FE.IN,20996
Comoros,COM,2023,"Population ages 65 and above, female",SP.POP.65UP.FE.IN,20541
Comoros,COM,2022,"Population ages 65 and above, female",SP.POP.65UP.FE.IN,20004
Comoros,COM,2021,"Population ages 65 and above, female",SP.POP.65UP.FE.IN,19536
Comoros,COM,2020,"Population ages 65 and above, female",SP.POP.65UP.FE.IN,19087
Comoros,COM,2019,"Population ages 65 and above, female",SP.POP.65UP.FE.IN,18561
Comoros,COM,2018,"Population ages 65 and above, female",SP.POP.65UP.FE.IN,18008
Comoros,COM,2017,"Population ages 65 and above, female",SP.POP.65UP.FE.IN,17485
Comoros,COM,2016,"Population ages 65 and above, female",SP.POP.65UP.FE.IN,16878
Comoros,COM,2015,"Population ages 65 and above, female",SP.POP.65UP.FE.IN,16169
Comoros,COM,2014,"Population ages 65 and above, female",SP.POP.65UP.FE.IN,15492
Comoros,COM,2013,"Population ages 65 and above, female",SP.POP.65UP.FE.IN,14916
Comoros,COM,2012,"Population ages 65 and above, female",SP.POP.65UP.FE.IN,14513
Comoros,COM,2011,"Population ages 65 and above, female",SP.POP.65UP.FE.IN,14247
Comoros,COM,2010,"Population ages 65 and above, female",SP.POP.65UP.FE.IN,14016
Comoros,COM,2009,"Population ages 65 and above, female",SP.POP.65UP.FE.IN,13767
Comoros,COM,2008,"Population ages 65 and above, female",SP.POP.65UP.FE.IN,13449
Comoros,COM,2007,"Population ages 65 and above, female",SP.POP.65UP.FE.IN,13033
Comoros,COM,2006,"Population ages 65 and above, female",SP.POP.65UP.FE.IN,12538
Comoros,COM,2005,"Population ages 65 and above, female",SP.POP.65UP.FE.IN,12029
Comoros,COM,2004,"Population ages 65 and above, female",SP.POP.65UP.FE.IN,11579
Comoros,COM,2003,"Population ages 65 and above, female",SP.POP.65UP.FE.IN,11261
Comoros,COM,2002,"Population ages 65 and above, female",SP.POP.65UP.FE.IN,11037
Comoros,COM,2001,"Population ages 65 and above, female",SP.POP.65UP.FE.IN,10832
Comoros,COM,2000,"Population ages 65 and above, female",SP.POP.65UP.FE.IN,10629
Comoros,COM,1999,"Population ages 65 and above, female",SP.POP.65UP.FE.IN,10397
Comoros,COM,1998,"Population ages 65 and above, female",SP.POP.65UP.FE.IN,10199
Comoros,COM,1997,"Population ages 65 and above, female",SP.POP.65UP.FE.IN,10049
Comoros,COM,1996,"Population ages 65 and above, female",SP.POP.65UP.FE.IN,9899
Comoros,COM,1995,"Population ages 65 and above, female",SP.POP.65UP.FE.IN,9758
Comoros,COM,1994,"Population ages 65 and above, female",SP.POP.65UP.FE.IN,9628
Comoros,COM,1993,"Population ages 65 and above, female",SP.POP.65UP.FE.IN,9505
Comoros,COM,1992,"Population ages 65 and above, female",SP.POP.65UP.FE.IN,9380
Comoros,COM,1991,"Population ages 65 and above, female",SP.POP.65UP.FE.IN,9159
Comoros,COM,1990,"Population ages 65 and above, female",SP.POP.65UP.FE.IN,8907
Comoros,COM,1989,"Population ages 65 and above, female",SP.POP.65UP.FE.IN,8732
Comoros,COM,1988,"Population ages 65 and above, female",SP.POP.65UP.FE.IN,8566
Comoros,COM,1987,"Population ages 65 and above, female",SP.POP.65UP.FE.IN,8398
Comoros,COM,1986,"Population ages 65 and above, female",SP.POP.65UP.FE.IN,8238
Comoros,COM,1985,"Population ages 65 and above, female",SP.POP.65UP.FE.IN,8082
Comoros,COM,1984,"Population ages 65 and above, female",SP.POP.65UP.FE.IN,7926
Comoros,COM,1983,"Population ages 65 and above, female",SP.POP.65UP.FE.IN,7770
Comoros,COM,1982,"Population ages 65 and above, female",SP.POP.65UP.FE.IN,7615
Comoros,COM,1981,"Population ages 65 and above, female",SP.POP.65UP.FE.IN,7450
Comoros,COM,1980,"Population ages 65 and above, female",SP.POP.65UP.FE.IN,7350
Comoros,COM,1979,"Population ages 65 and above, female",SP.POP.65UP.FE.IN,7274
Comoros,COM,1978,"Population ages 65 and above, female",SP.POP.65UP.FE.IN,7126
Comoros,COM,1977,"Population ages 65 and above, female",SP.POP.65UP.FE.IN,6923
Comoros,COM,1976,"Population ages 65 and above, female",SP.POP.65UP.FE.IN,6679
Comoros,COM,1975,"Population ages 65 and above, female",SP.POP.65UP.FE.IN,6403
Comoros,COM,1974,"Population ages 65 and above, female",SP.POP.65UP.FE.IN,6108
Comoros,COM,1973,"Population ages 65 and above, female",SP.POP.65UP.FE.IN,5818
Comoros,COM,1972,"Population ages 65 and above, female",SP.POP.65UP.FE.IN,5549
Comoros,COM,1971,"Population ages 65 and above, female",SP.POP.65UP.FE.IN,5304
Comoros,COM,1970,"Population ages 65 and above, female",SP.POP.65UP.FE.IN,5088
Comoros,COM,1969,"Population ages 65 and above, female",SP.POP.65UP.FE.IN,4901
Comoros,COM,1968,"Population ages 65 and above, female",SP.POP.65UP.FE.IN,4738
Comoros,COM,1967,"Population ages 65 and above, female",SP.POP.65UP.FE.IN,4595
Comoros,COM,1966,"Population ages 65 and above, female",SP.POP.65UP.FE.IN,4476
Comoros,COM,1965,"Population ages 65 and above, female",SP.POP.65UP.FE.IN,4363
Comoros,COM,1964,"Population ages 65 and above, female",SP.POP.65UP.FE.IN,4247
Comoros,COM,1963,"Population ages 65 and above, female",SP.POP.65UP.FE.IN,4140
Comoros,COM,1962,"Population ages 65 and above, female",SP.POP.65UP.FE.IN,4038
Comoros,COM,1961,"Population ages 65 and above, female",SP.POP.65UP.FE.IN,3940
Comoros,COM,1960,"Population ages 65 and above, female",SP.POP.65UP.FE.IN,3849
Comoros,COM,2024,"Population ages 65 and above, female (% of female population)",SP.POP.65UP.FE.ZS,4.87357058216606
Comoros,COM,2023,"Population ages 65 and above, female (% of female population)",SP.POP.65UP.FE.ZS,4.85970806028058
Comoros,COM,2022,"Population ages 65 and above, female (% of female population)",SP.POP.65UP.FE.ZS,4.8246571344848
Comoros,COM,2021,"Population ages 65 and above, female (% of female population)",SP.POP.65UP.FE.ZS,4.80413131685725
Comoros,COM,2020,"Population ages 65 and above, female (% of female population)",SP.POP.65UP.FE.ZS,4.78802329417106
Comoros,COM,2019,"Population ages 65 and above, female (% of female population)",SP.POP.65UP.FE.ZS,4.74818174608657
Comoros,COM,2018,"Population ages 65 and above, female (% of female population)",SP.POP.65UP.FE.ZS,4.69544040613161
Comoros,COM,2017,"Population ages 65 and above, female (% of female population)",SP.POP.65UP.FE.ZS,4.64797905285963
Comoros,COM,2016,"Population ages 65 and above, female (% of female population)",SP.POP.65UP.FE.ZS,4.57244719931513
Comoros,COM,2015,"Population ages 65 and above, female (% of female population)",SP.POP.65UP.FE.ZS,4.46306084988338
Comoros,COM,2014,"Population ages 65 and above, female (% of female population)",SP.POP.65UP.FE.ZS,4.3587932742088
Comoros,COM,2013,"Population ages 65 and above, female (% of female population)",SP.POP.65UP.FE.ZS,4.28018411492261
Comoros,COM,2012,"Population ages 65 and above, female (% of female population)",SP.POP.65UP.FE.ZS,4.24768789510653
Comoros,COM,2011,"Population ages 65 and above, female (% of female population)",SP.POP.65UP.FE.ZS,4.25113536674882
Comoros,COM,2010,"Population ages 65 and above, female (% of female population)",SP.POP.65UP.FE.ZS,4.26304303192986
Comoros,COM,2009,"Population ages 65 and above, female (% of female population)",SP.POP.65UP.FE.ZS,4.26830402539746
Comoros,COM,2008,"Population ages 65 and above, female (% of female population)",SP.POP.65UP.FE.ZS,4.25030653907899
Comoros,COM,2007,"Population ages 65 and above, female (% of female population)",SP.POP.65UP.FE.ZS,4.19816836483235
Comoros,COM,2006,"Population ages 65 and above, female (% of female population)",SP.POP.65UP.FE.ZS,4.11729935636411
Comoros,COM,2005,"Population ages 65 and above, female (% of female population)",SP.POP.65UP.FE.ZS,4.0280468183637
Comoros,COM,2004,"Population ages 65 and above, female (% of female population)",SP.POP.65UP.FE.ZS,3.95461026818877
Comoros,COM,2003,"Population ages 65 and above, female (% of female population)",SP.POP.65UP.FE.ZS,3.91959624086321
Comoros,COM,2002,"Population ages 65 and above, female (% of female population)",SP.POP.65UP.FE.ZS,3.91182532354875
Comoros,COM,2001,"Population ages 65 and above, female (% of female population)",SP.POP.65UP.FE.ZS,3.91014464502947
Comoros,COM,2000,"Population ages 65 and above, female (% of female population)",SP.POP.65UP.FE.ZS,3.90629450560759
Comoros,COM,1999,"Population ages 65 and above, female (% of female population)",SP.POP.65UP.FE.ZS,3.88623502059551
Comoros,COM,1998,"Population ages 65 and above, female (% of female population)",SP.POP.65UP.FE.ZS,3.87765926100536
Comoros,COM,1997,"Population ages 65 and above, female (% of female population)",SP.POP.65UP.FE.ZS,3.88946089056791
Comoros,COM,1996,"Population ages 65 and above, female (% of female population)",SP.POP.65UP.FE.ZS,3.9007637197645
Comoros,COM,1995,"Population ages 65 and above, female (% of female population)",SP.POP.65UP.FE.ZS,3.9148741547294
Comoros,COM,1994,"Population ages 65 and above, female (% of female population)",SP.POP.65UP.FE.ZS,3.93323488501768
Comoros,COM,1993,"Population ages 65 and above, female (% of female population)",SP.POP.65UP.FE.ZS,3.95490686382605
Comoros,COM,1992,"Population ages 65 and above, female (% of female population)",SP.POP.65UP.FE.ZS,3.9772823635161
Comoros,COM,1991,"Population ages 65 and above, female (% of female population)",SP.POP.65UP.FE.ZS,3.96887648532229
Comoros,COM,1990,"Population ages 65 and above, female (% of female population)",SP.POP.65UP.FE.ZS,3.95997785933565
Comoros,COM,1989,"Population ages 65 and above, female (% of female population)",SP.POP.65UP.FE.ZS,3.98881742435316
Comoros,COM,1988,"Population ages 65 and above, female (% of female population)",SP.POP.65UP.FE.ZS,4.02223015299079
Comoros,COM,1987,"Population ages 65 and above, female (% of female population)",SP.POP.65UP.FE.ZS,4.05528084678977
Comoros,COM,1986,"Population ages 65 and above, female (% of female population)",SP.POP.65UP.FE.ZS,4.09256204916241
Comoros,COM,1985,"Population ages 65 and above, female (% of female population)",SP.POP.65UP.FE.ZS,4.13249550065445
Comoros,COM,1984,"Population ages 65 and above, female (% of female population)",SP.POP.65UP.FE.ZS,4.17131549586342
Comoros,COM,1983,"Population ages 65 and above, female (% of female population)",SP.POP.65UP.FE.ZS,4.20916640033801
Comoros,COM,1982,"Population ages 65 and above, female (% of female population)",SP.POP.65UP.FE.ZS,4.24517125359246
Comoros,COM,1981,"Population ages 65 and above, female (% of female population)",SP.POP.65UP.FE.ZS,4.27475966848451
Comoros,COM,1980,"Population ages 65 and above, female (% of female population)",SP.POP.65UP.FE.ZS,4.34132886009108
Comoros,COM,1979,"Population ages 65 and above, female (% of female population)",SP.POP.65UP.FE.ZS,4.42800833980124
Comoros,COM,1978,"Population ages 65 and above, female (% of female population)",SP.POP.65UP.FE.ZS,4.47541379992526
Comoros,COM,1977,"Population ages 65 and above, female (% of female population)",SP.POP.65UP.FE.ZS,4.48886698740809
Comoros,COM,1976,"Population ages 65 and above, female (% of female population)",SP.POP.65UP.FE.ZS,4.47323826683367
Comoros,COM,1975,"Population ages 65 and above, female (% of female population)",SP.POP.65UP.FE.ZS,4.43139588797465
Comoros,COM,1974,"Population ages 65 and above, female (% of female population)",SP.POP.65UP.FE.ZS,4.3677865019093
Comoros,COM,1973,"Population ages 65 and above, female (% of female population)",SP.POP.65UP.FE.ZS,4.29802073097752
Comoros,COM,1972,"Population ages 65 and above, female (% of female population)",SP.POP.65UP.FE.ZS,4.23267912035942
Comoros,COM,1971,"Population ages 65 and above, female (% of female population)",SP.POP.65UP.FE.ZS,4.17346966877412
Comoros,COM,1970,"Population ages 65 and above, female (% of female population)",SP.POP.65UP.FE.ZS,4.12546272081869
Comoros,COM,1969,"Population ages 65 and above, female (% of female population)",SP.POP.65UP.FE.ZS,4.09195843752479
Comoros,COM,1968,"Population ages 65 and above, female (% of female population)",SP.POP.65UP.FE.ZS,4.06986982085873
Comoros,COM,1967,"Population ages 65 and above, female (% of female population)",SP.POP.65UP.FE.ZS,4.05851754378218
Comoros,COM,1966,"Population ages 65 and above, female (% of female population)",SP.POP.65UP.FE.ZS,4.04610169491525
Comoros,COM,1965,"Population ages 65 and above, female (% of female population)",SP.POP.65UP.FE.ZS,4.01084758227615
Comoros,COM,1964,"Population ages 65 and above, female (% of female population)",SP.POP.65UP.FE.ZS,3.9646980855572
Comoros,COM,1963,"Population ages 65 and above, female (% of female population)",SP.POP.65UP.FE.ZS,3.9280886084956
Comoros,COM,1962,"Population ages 65 and above, female (% of female population)",SP.POP.65UP.FE.ZS,3.8952770489273
Comoros,COM,1961,"Population ages 65 and above, female (% of female population)",SP.POP.65UP.FE.ZS,3.86564681755069
Comoros,COM,1960,"Population ages 65 and above, female (% of female population)",SP.POP.65UP.FE.ZS,3.84258242306848
Comoros,COM,2024,"Population ages 65 and above, male",SP.POP.65UP.MA.IN,17761
Comoros,COM,2023,"Population ages 65 and above, male",SP.POP.65UP.MA.IN,17496
Comoros,COM,2022,"Population ages 65 and above, male",SP.POP.65UP.MA.IN,17161
Comoros,COM,2021,"Population ages 65 and above, male",SP.POP.65UP.MA.IN,16919
Comoros,COM,2020,"Population ages 65 and above, male",SP.POP.65UP.MA.IN,16752
Comoros,COM,2019,"Population ages 65 and above, male",SP.POP.65UP.MA.IN,16504
Comoros,COM,2018,"Population ages 65 and above, male",SP.POP.65UP.MA.IN,16192
Comoros,COM,2017,"Population ages 65 and above, male",SP.POP.65UP.MA.IN,15900
Comoros,COM,2016,"Population ages 65 and above, male",SP.POP.65UP.MA.IN,15495
Comoros,COM,2015,"Population ages 65 and above, male",SP.POP.65UP.MA.IN,14970
Comoros,COM,2014,"Population ages 65 and above, male",SP.POP.65UP.MA.IN,14478
Comoros,COM,2013,"Population ages 65 and above, male",SP.POP.65UP.MA.IN,14072
Comoros,COM,2012,"Population ages 65 and above, male",SP.POP.65UP.MA.IN,13814
Comoros,COM,2011,"Population ages 65 and above, male",SP.POP.65UP.MA.IN,13660
Comoros,COM,2010,"Population ages 65 and above, male",SP.POP.65UP.MA.IN,13523
Comoros,COM,2009,"Population ages 65 and above, male",SP.POP.65UP.MA.IN,13376
Comoros,COM,2008,"Population ages 65 and above, male",SP.POP.65UP.MA.IN,13169
Comoros,COM,2007,"Population ages 65 and above, male",SP.POP.65UP.MA.IN,12865
Comoros,COM,2006,"Population ages 65 and above, male",SP.POP.65UP.MA.IN,12489
Comoros,COM,2005,"Population ages 65 and above, male",SP.POP.65UP.MA.IN,12091
Comoros,COM,2004,"Population ages 65 and above, male",SP.POP.65UP.MA.IN,11737
Comoros,COM,2003,"Population ages 65 and above, male",SP.POP.65UP.MA.IN,11480
Comoros,COM,2002,"Population ages 65 and above, male",SP.POP.65UP.MA.IN,11494
Comoros,COM,2001,"Population ages 65 and above, male",SP.POP.65UP.MA.IN,11689
Comoros,COM,2000,"Population ages 65 and above, male",SP.POP.65UP.MA.IN,11798
Comoros,COM,1999,"Population ages 65 and above, male",SP.POP.65UP.MA.IN,11792
Comoros,COM,1998,"Population ages 65 and above, male",SP.POP.65UP.MA.IN,11613
Comoros,COM,1997,"Population ages 65 and above, male",SP.POP.65UP.MA.IN,11318
Comoros,COM,1996,"Population ages 65 and above, male",SP.POP.65UP.MA.IN,11015
Comoros,COM,1995,"Population ages 65 and above, male",SP.POP.65UP.MA.IN,10707
Comoros,COM,1994,"Population ages 65 and above, male",SP.POP.65UP.MA.IN,10401
Comoros,COM,1993,"Population ages 65 and above, male",SP.POP.65UP.MA.IN,10093
Comoros,COM,1992,"Population ages 65 and above, male",SP.POP.65UP.MA.IN,9789
Comoros,COM,1991,"Population ages 65 and above, male",SP.POP.65UP.MA.IN,9453
Comoros,COM,1990,"Population ages 65 and above, male",SP.POP.65UP.MA.IN,9142
Comoros,COM,1989,"Population ages 65 and above, male",SP.POP.65UP.MA.IN,8905
Comoros,COM,1988,"Population ages 65 and above, male",SP.POP.65UP.MA.IN,8690
Comoros,COM,1987,"Population ages 65 and above, male",SP.POP.65UP.MA.IN,8484
Comoros,COM,1986,"Population ages 65 and above, male",SP.POP.65UP.MA.IN,8294
Comoros,COM,1985,"Population ages 65 and above, male",SP.POP.65UP.MA.IN,8119
Comoros,COM,1984,"Population ages 65 and above, male",SP.POP.65UP.MA.IN,7953
Comoros,COM,1983,"Population ages 65 and above, male",SP.POP.65UP.MA.IN,7793
Comoros,COM,1982,"Population ages 65 and above, male",SP.POP.65UP.MA.IN,7632
Comoros,COM,1981,"Population ages 65 and above, male",SP.POP.65UP.MA.IN,7470
Comoros,COM,1980,"Population ages 65 and above, male",SP.POP.65UP.MA.IN,7377
Comoros,COM,1979,"Population ages 65 and above, male",SP.POP.65UP.MA.IN,7292
Comoros,COM,1978,"Population ages 65 and above, male",SP.POP.65UP.MA.IN,7112
Comoros,COM,1977,"Population ages 65 and above, male",SP.POP.65UP.MA.IN,6860
Comoros,COM,1976,"Population ages 65 and above, male",SP.POP.65UP.MA.IN,6555
Comoros,COM,1975,"Population ages 65 and above, male",SP.POP.65UP.MA.IN,6207
Comoros,COM,1974,"Population ages 65 and above, male",SP.POP.65UP.MA.IN,5835
Comoros,COM,1973,"Population ages 65 and above, male",SP.POP.65UP.MA.IN,5477
Comoros,COM,1972,"Population ages 65 and above, male",SP.POP.65UP.MA.IN,5150
Comoros,COM,1971,"Population ages 65 and above, male",SP.POP.65UP.MA.IN,4859
Comoros,COM,1970,"Population ages 65 and above, male",SP.POP.65UP.MA.IN,4611
Comoros,COM,1969,"Population ages 65 and above, male",SP.POP.65UP.MA.IN,4401
Comoros,COM,1968,"Population ages 65 and above, male",SP.POP.65UP.MA.IN,4226
Comoros,COM,1967,"Population ages 65 and above, male",SP.POP.65UP.MA.IN,4082
Comoros,COM,1966,"Population ages 65 and above, male",SP.POP.65UP.MA.IN,3954
Comoros,COM,1965,"Population ages 65 and above, male",SP.POP.65UP.MA.IN,3813
Comoros,COM,1964,"Population ages 65 and above, male",SP.POP.65UP.MA.IN,3662
Comoros,COM,1963,"Population ages 65 and above, male",SP.POP.65UP.MA.IN,3529
Comoros,COM,1962,"Population ages 65 and above, male",SP.POP.65UP.MA.IN,3409
Comoros,COM,1961,"Population ages 65 and above, male",SP.POP.65UP.MA.IN,3300
Comoros,COM,1960,"Population ages 65 and above, male",SP.POP.65UP.MA.IN,3196
Comoros,COM,2024,"Population ages 65 and above, male (% of male population)",SP.POP.65UP.MA.ZS,4.07535774968479
Comoros,COM,2023,"Population ages 65 and above, male (% of male population)",SP.POP.65UP.MA.ZS,4.09062958122222
Comoros,COM,2022,"Population ages 65 and above, male (% of male population)",SP.POP.65UP.MA.ZS,4.09026176388219
Comoros,COM,2021,"Population ages 65 and above, male (% of male population)",SP.POP.65UP.MA.ZS,4.11129835526196
Comoros,COM,2020,"Population ages 65 and above, male (% of male population)",SP.POP.65UP.MA.ZS,4.15131231677005
Comoros,COM,2019,"Population ages 65 and above, male (% of male population)",SP.POP.65UP.MA.ZS,4.1711631339387
Comoros,COM,2018,"Population ages 65 and above, male (% of male population)",SP.POP.65UP.MA.ZS,4.17232502467345
Comoros,COM,2017,"Population ages 65 and above, male (% of male population)",SP.POP.65UP.MA.ZS,4.17888245119052
Comoros,COM,2016,"Population ages 65 and above, male (% of male population)",SP.POP.65UP.MA.ZS,4.15842540732173
Comoros,COM,2015,"Population ages 65 and above, male (% of male population)",SP.POP.65UP.MA.ZS,4.10829397607554
Comoros,COM,2014,"Population ages 65 and above, male (% of male population)",SP.POP.65UP.MA.ZS,4.06563426281507
Comoros,COM,2013,"Population ages 65 and above, male (% of male population)",SP.POP.65UP.MA.ZS,4.04699832765099
Comoros,COM,2012,"Population ages 65 and above, male (% of male population)",SP.POP.65UP.MA.ZS,4.06339765171003
Comoros,COM,2011,"Population ages 65 and above, male (% of male population)",SP.POP.65UP.MA.ZS,4.10291299463538
Comoros,COM,2010,"Population ages 65 and above, male (% of male population)",SP.POP.65UP.MA.ZS,4.14728806983809
Comoros,COM,2009,"Population ages 65 and above, male (% of male population)",SP.POP.65UP.MA.ZS,4.1877546803258
Comoros,COM,2008,"Population ages 65 and above, male (% of male population)",SP.POP.65UP.MA.ZS,4.20892316641683
Comoros,COM,2007,"Population ages 65 and above, male (% of male population)",SP.POP.65UP.MA.ZS,4.19764203808564
Comoros,COM,2006,"Population ages 65 and above, male (% of male population)",SP.POP.65UP.MA.ZS,4.1597692458857
Comoros,COM,2005,"Population ages 65 and above, male (% of male population)",SP.POP.65UP.MA.ZS,4.11194642787301
Comoros,COM,2004,"Population ages 65 and above, male (% of male population)",SP.POP.65UP.MA.ZS,4.07684439218983
Comoros,COM,2003,"Population ages 65 and above, male (% of male population)",SP.POP.65UP.MA.ZS,4.06375277657324
Comoros,COM,2002,"Population ages 65 and above, male (% of male population)",SP.POP.65UP.MA.ZS,4.1525910564024
Comoros,COM,2001,"Population ages 65 and above, male (% of male population)",SP.POP.65UP.MA.ZS,4.32628785663793
Comoros,COM,2000,"Population ages 65 and above, male (% of male population)",SP.POP.65UP.MA.ZS,4.46905789168652
Comoros,COM,1999,"Population ages 65 and above, male (% of male population)",SP.POP.65UP.MA.ZS,4.56430651919374
Comoros,COM,1998,"Population ages 65 and above, male (% of male population)",SP.POP.65UP.MA.ZS,4.57945878585682
Comoros,COM,1997,"Population ages 65 and above, male (% of male population)",SP.POP.65UP.MA.ZS,4.53782792857988
Comoros,COM,1996,"Population ages 65 and above, male (% of male population)",SP.POP.65UP.MA.ZS,4.48952308752023
Comoros,COM,1995,"Population ages 65 and above, male (% of male population)",SP.POP.65UP.MA.ZS,4.43663591367061
Comoros,COM,1994,"Population ages 65 and above, male (% of male population)",SP.POP.65UP.MA.ZS,4.3820362006202
Comoros,COM,1993,"Population ages 65 and above, male (% of male population)",SP.POP.65UP.MA.ZS,4.32554053185334
Comoros,COM,1992,"Population ages 65 and above, male (% of male population)",SP.POP.65UP.MA.ZS,4.26981534106399
Comoros,COM,1991,"Population ages 65 and above, male (% of male population)",SP.POP.65UP.MA.ZS,4.20533100828299
Comoros,COM,1990,"Population ages 65 and above, male (% of male population)",SP.POP.65UP.MA.ZS,4.1614505328423
Comoros,COM,1989,"Population ages 65 and above, male (% of male population)",SP.POP.65UP.MA.ZS,4.15773772007227
Comoros,COM,1988,"Population ages 65 and above, male (% of male population)",SP.POP.65UP.MA.ZS,4.16322326422574
Comoros,COM,1987,"Population ages 65 and above, male (% of male population)",SP.POP.65UP.MA.ZS,4.17234240303711
Comoros,COM,1986,"Population ages 65 and above, male (% of male population)",SP.POP.65UP.MA.ZS,4.18859139708927
Comoros,COM,1985,"Population ages 65 and above, male (% of male population)",SP.POP.65UP.MA.ZS,4.21179863877822
Comoros,COM,1984,"Population ages 65 and above, male (% of male population)",SP.POP.65UP.MA.ZS,4.23878544646355
Comoros,COM,1983,"Population ages 65 and above, male (% of male population)",SP.POP.65UP.MA.ZS,4.26723760294375
Comoros,COM,1982,"Population ages 65 and above, male (% of male population)",SP.POP.65UP.MA.ZS,4.29317575188234
Comoros,COM,1981,"Population ages 65 and above, male (% of male population)",SP.POP.65UP.MA.ZS,4.31562406119289
Comoros,COM,1980,"Population ages 65 and above, male (% of male population)",SP.POP.65UP.MA.ZS,4.38047002101913
Comoros,COM,1979,"Population ages 65 and above, male (% of male population)",SP.POP.65UP.MA.ZS,4.45974002941563
Comoros,COM,1978,"Population ages 65 and above, male (% of male population)",SP.POP.65UP.MA.ZS,4.48781257395283
Comoros,COM,1977,"Population ages 65 and above, male (% of male population)",SP.POP.65UP.MA.ZS,4.47335387424398
Comoros,COM,1976,"Population ages 65 and above, male (% of male population)",SP.POP.65UP.MA.ZS,4.42191326169227
Comoros,COM,1975,"Population ages 65 and above, male (% of male population)",SP.POP.65UP.MA.ZS,4.33446586516469
Comoros,COM,1974,"Population ages 65 and above, male (% of male population)",SP.POP.65UP.MA.ZS,4.22077217451694
Comoros,COM,1973,"Population ages 65 and above, male (% of male population)",SP.POP.65UP.MA.ZS,4.1040261039287
Comoros,COM,1972,"Population ages 65 and above, male (% of male population)",SP.POP.65UP.MA.ZS,3.99294450582466
Comoros,COM,1971,"Population ages 65 and above, male (% of male population)",SP.POP.65UP.MA.ZS,3.89456347950135
Comoros,COM,1970,"Population ages 65 and above, male (% of male population)",SP.POP.65UP.MA.ZS,3.81458652215282
Comoros,COM,1969,"Population ages 65 and above, male (% of male population)",SP.POP.65UP.MA.ZS,3.7537479900537
Comoros,COM,1968,"Population ages 65 and above, male (% of male population)",SP.POP.65UP.MA.ZS,3.71305829848543
Comoros,COM,1967,"Population ages 65 and above, male (% of male population)",SP.POP.65UP.MA.ZS,3.68937479944137
Comoros,COM,1966,"Population ages 65 and above, male (% of male population)",SP.POP.65UP.MA.ZS,3.65982339547196
Comoros,COM,1965,"Population ages 65 and above, male (% of male population)",SP.POP.65UP.MA.ZS,3.59083503630388
Comoros,COM,1964,"Population ages 65 and above, male (% of male population)",SP.POP.65UP.MA.ZS,3.5043990374265
Comoros,COM,1963,"Population ages 65 and above, male (% of male population)",SP.POP.65UP.MA.ZS,3.43410068302555
Comoros,COM,1962,"Population ages 65 and above, male (% of male population)",SP.POP.65UP.MA.ZS,3.3744896696771
Comoros,COM,1961,"Population ages 65 and above, male (% of male population)",SP.POP.65UP.MA.ZS,3.32358080581727
Comoros,COM,1960,"Population ages 65 and above, male (% of male population)",SP.POP.65UP.MA.ZS,3.2758903491686
Comoros,COM,2024,"Population ages 65 and above, total",SP.POP.65UP.TO,38757
Comoros,COM,2023,"Population ages 65 and above, total",SP.POP.65UP.TO,38037
Comoros,COM,2022,"Population ages 65 and above, total",SP.POP.65UP.TO,37166
Comoros,COM,2021,"Population ages 65 and above, total",SP.POP.65UP.TO,36455
Comoros,COM,2020,"Population ages 65 and above, total",SP.POP.65UP.TO,35838
Comoros,COM,2019,"Population ages 65 and above, total",SP.POP.65UP.TO,35065
Comoros,COM,2018,"Population ages 65 and above, total",SP.POP.65UP.TO,34200
Comoros,COM,2017,"Population ages 65 and above, total",SP.POP.65UP.TO,33385
Comoros,COM,2016,"Population ages 65 and above, total",SP.POP.65UP.TO,32373
Comoros,COM,2015,"Population ages 65 and above, total",SP.POP.65UP.TO,31140
Comoros,COM,2014,"Population ages 65 and above, total",SP.POP.65UP.TO,29969
Comoros,COM,2013,"Population ages 65 and above, total",SP.POP.65UP.TO,28987
Comoros,COM,2012,"Population ages 65 and above, total",SP.POP.65UP.TO,28327
Comoros,COM,2011,"Population ages 65 and above, total",SP.POP.65UP.TO,27906
Comoros,COM,2010,"Population ages 65 and above, total",SP.POP.65UP.TO,27538
Comoros,COM,2009,"Population ages 65 and above, total",SP.POP.65UP.TO,27143
Comoros,COM,2008,"Population ages 65 and above, total",SP.POP.65UP.TO,26618
Comoros,COM,2007,"Population ages 65 and above, total",SP.POP.65UP.TO,25898
Comoros,COM,2006,"Population ages 65 and above, total",SP.POP.65UP.TO,25027
Comoros,COM,2005,"Population ages 65 and above, total",SP.POP.65UP.TO,24120
Comoros,COM,2004,"Population ages 65 and above, total",SP.POP.65UP.TO,23317
Comoros,COM,2003,"Population ages 65 and above, total",SP.POP.65UP.TO,22741
Comoros,COM,2002,"Population ages 65 and above, total",SP.POP.65UP.TO,22530
Comoros,COM,2001,"Population ages 65 and above, total",SP.POP.65UP.TO,22521
Comoros,COM,2000,"Population ages 65 and above, total",SP.POP.65UP.TO,22427
Comoros,COM,1999,"Population ages 65 and above, total",SP.POP.65UP.TO,22189
Comoros,COM,1998,"Population ages 65 and above, total",SP.POP.65UP.TO,21811
Comoros,COM,1997,"Population ages 65 and above, total",SP.POP.65UP.TO,21367
Comoros,COM,1996,"Population ages 65 and above, total",SP.POP.65UP.TO,20913
Comoros,COM,1995,"Population ages 65 and above, total",SP.POP.65UP.TO,20465
Comoros,COM,1994,"Population ages 65 and above, total",SP.POP.65UP.TO,20029
Comoros,COM,1993,"Population ages 65 and above, total",SP.POP.65UP.TO,19599
Comoros,COM,1992,"Population ages 65 and above, total",SP.POP.65UP.TO,19170
Comoros,COM,1991,"Population ages 65 and above, total",SP.POP.65UP.TO,18612
Comoros,COM,1990,"Population ages 65 and above, total",SP.POP.65UP.TO,18048
Comoros,COM,1989,"Population ages 65 and above, total",SP.POP.65UP.TO,17638
Comoros,COM,1988,"Population ages 65 and above, total",SP.POP.65UP.TO,17256
Comoros,COM,1987,"Population ages 65 and above, total",SP.POP.65UP.TO,16882
Comoros,COM,1986,"Population ages 65 and above, total",SP.POP.65UP.TO,16532
Comoros,COM,1985,"Population ages 65 and above, total",SP.POP.65UP.TO,16202
Comoros,COM,1984,"Population ages 65 and above, total",SP.POP.65UP.TO,15879
Comoros,COM,1983,"Population ages 65 and above, total",SP.POP.65UP.TO,15564
Comoros,COM,1982,"Population ages 65 and above, total",SP.POP.65UP.TO,15246
Comoros,COM,1981,"Population ages 65 and above, total",SP.POP.65UP.TO,14920
Comoros,COM,1980,"Population ages 65 and above, total",SP.POP.65UP.TO,14728
Comoros,COM,1979,"Population ages 65 and above, total",SP.POP.65UP.TO,14566
Comoros,COM,1978,"Population ages 65 and above, total",SP.POP.65UP.TO,14238
Comoros,COM,1977,"Population ages 65 and above, total",SP.POP.65UP.TO,13783
Comoros,COM,1976,"Population ages 65 and above, total",SP.POP.65UP.TO,13233
Comoros,COM,1975,"Population ages 65 and above, total",SP.POP.65UP.TO,12610
Comoros,COM,1974,"Population ages 65 and above, total",SP.POP.65UP.TO,11942
Comoros,COM,1973,"Population ages 65 and above, total",SP.POP.65UP.TO,11295
Comoros,COM,1972,"Population ages 65 and above, total",SP.POP.65UP.TO,10699
Comoros,COM,1971,"Population ages 65 and above, total",SP.POP.65UP.TO,10163
Comoros,COM,1970,"Population ages 65 and above, total",SP.POP.65UP.TO,9698
Comoros,COM,1969,"Population ages 65 and above, total",SP.POP.65UP.TO,9301
Comoros,COM,1968,"Population ages 65 and above, total",SP.POP.65UP.TO,8964
Comoros,COM,1967,"Population ages 65 and above, total",SP.POP.65UP.TO,8677
Comoros,COM,1966,"Population ages 65 and above, total",SP.POP.65UP.TO,8430
Comoros,COM,1965,"Population ages 65 and above, total",SP.POP.65UP.TO,8176
Comoros,COM,1964,"Population ages 65 and above, total",SP.POP.65UP.TO,7910
Comoros,COM,1963,"Population ages 65 and above, total",SP.POP.65UP.TO,7670
Comoros,COM,1962,"Population ages 65 and above, total",SP.POP.65UP.TO,7448
Comoros,COM,1961,"Population ages 65 and above, total",SP.POP.65UP.TO,7240
Comoros,COM,1960,"Population ages 65 and above, total",SP.POP.65UP.TO,7044
Comoros,COM,2024,Population ages 65 and above (% of total population),SP.POP.65UP.TO.ZS,4.47216106564754
Comoros,COM,2023,Population ages 65 and above (% of total population),SP.POP.65UP.TO.ZS,4.47290468927676
Comoros,COM,2022,Population ages 65 and above (% of total population),SP.POP.65UP.TO.ZS,4.45529065390536
Comoros,COM,2021,Population ages 65 and above (% of total population),SP.POP.65UP.TO.ZS,4.45565096443363
Comoros,COM,2020,Population ages 65 and above (% of total population),SP.POP.65UP.TO.ZS,4.46773008245825
Comoros,COM,2019,Population ages 65 and above (% of total population),SP.POP.65UP.TO.ZS,4.45791771445426
Comoros,COM,2018,Population ages 65 and above (% of total population),SP.POP.65UP.TO.ZS,4.43234101012196
Comoros,COM,2017,Population ages 65 and above (% of total population),SP.POP.65UP.TO.ZS,4.41209801637307
Comoros,COM,2016,Population ages 65 and above (% of total population),SP.POP.65UP.TO.ZS,4.36446144948169
Comoros,COM,2015,Population ages 65 and above (% of total population),SP.POP.65UP.TO.ZS,4.28516187273113
Comoros,COM,2014,Population ages 65 and above (% of total population),SP.POP.65UP.TO.ZS,4.21207233987231
Comoros,COM,2013,Population ages 65 and above (% of total population),SP.POP.65UP.TO.ZS,4.16371908631593
Comoros,COM,2012,Population ages 65 and above (% of total population),SP.POP.65UP.TO.ZS,4.15577670860783
Comoros,COM,2011,Population ages 65 and above (% of total population),SP.POP.65UP.TO.ZS,4.17726957021567
Comoros,COM,2010,Population ages 65 and above (% of total population),SP.POP.65UP.TO.ZS,4.20540410117953
Comoros,COM,2009,Population ages 65 and above (% of total population),SP.POP.65UP.TO.ZS,4.22822738619591
Comoros,COM,2008,Population ages 65 and above (% of total population),SP.POP.65UP.TO.ZS,4.22973207035676
Comoros,COM,2007,Population ages 65 and above (% of total population),SP.POP.65UP.TO.ZS,4.19790688193812
Comoros,COM,2006,Population ages 65 and above (% of total population),SP.POP.65UP.TO.ZS,4.13838376990275
Comoros,COM,2005,Population ages 65 and above (% of total population),SP.POP.65UP.TO.ZS,4.06967032633289
Comoros,COM,2004,Population ages 65 and above (% of total population),SP.POP.65UP.TO.ZS,4.01521256957073
Comoros,COM,2003,Population ages 65 and above (% of total population),SP.POP.65UP.TO.ZS,3.99106700187347
Comoros,COM,2002,Population ages 65 and above (% of total population),SP.POP.65UP.TO.ZS,4.03105255012538
Comoros,COM,2001,Population ages 65 and above (% of total population),SP.POP.65UP.TO.ZS,4.11562077409451
Comoros,COM,2000,Population ages 65 and above (% of total population),SP.POP.65UP.TO.ZS,4.18342801767275
Comoros,COM,1999,Population ages 65 and above (% of total population),SP.POP.65UP.TO.ZS,4.21935151406245
Comoros,COM,1998,Population ages 65 and above (% of total population),SP.POP.65UP.TO.ZS,4.22214586791458
Comoros,COM,1997,Population ages 65 and above (% of total population),SP.POP.65UP.TO.ZS,4.20794540916051
Comoros,COM,1996,Population ages 65 and above (% of total population),SP.POP.65UP.TO.ZS,4.1901836680311
Comoros,COM,1995,Population ages 65 and above (% of total population),SP.POP.65UP.TO.ZS,4.17154178879952
Comoros,COM,1994,Population ages 65 and above (% of total population),SP.POP.65UP.TO.ZS,4.15416604012299
Comoros,COM,1993,Population ages 65 and above (% of total population),SP.POP.65UP.TO.ZS,4.13748041935307
Comoros,COM,1992,Population ages 65 and above (% of total population),SP.POP.65UP.TO.ZS,4.12147598699239
Comoros,COM,1991,Population ages 65 and above (% of total population),SP.POP.65UP.TO.ZS,4.0855569897005
Comoros,COM,1990,Population ages 65 and above (% of total population),SP.POP.65UP.TO.ZS,4.05952363547621
Comoros,COM,1989,Population ages 65 and above (% of total population),SP.POP.65UP.TO.ZS,4.07235692202548
Comoros,COM,1988,Population ages 65 and above (% of total population),SP.POP.65UP.TO.ZS,4.09202096818371
Comoros,COM,1987,Population ages 65 and above (% of total population),SP.POP.65UP.TO.ZS,4.11327870889462
Comoros,COM,1986,Population ages 65 and above (% of total population),SP.POP.65UP.TO.ZS,4.14018401374343
Comoros,COM,1985,Population ages 65 and above (% of total population),SP.POP.65UP.TO.ZS,4.17185955009888
Comoros,COM,1984,Population ages 65 and above (% of total population),SP.POP.65UP.TO.ZS,4.20483719132022
Comoros,COM,1983,Population ages 65 and above (% of total population),SP.POP.65UP.TO.ZS,4.23804505586372
Comoros,COM,1982,Population ages 65 and above (% of total population),SP.POP.65UP.TO.ZS,4.26906610591394
Comoros,COM,1981,Population ages 65 and above (% of total population),SP.POP.65UP.TO.ZS,4.2951213719747
Comoros,COM,1980,Population ages 65 and above (% of total population),SP.POP.65UP.TO.ZS,4.36084815572618
Comoros,COM,1979,Population ages 65 and above (% of total population),SP.POP.65UP.TO.ZS,4.44383768925931
Comoros,COM,1978,Population ages 65 and above (% of total population),SP.POP.65UP.TO.ZS,4.48159829770089
Comoros,COM,1977,Population ages 65 and above (% of total population),SP.POP.65UP.TO.ZS,4.48113245886822
Comoros,COM,1976,Population ages 65 and above (% of total population),SP.POP.65UP.TO.ZS,4.44766718872883
Comoros,COM,1975,Population ages 65 and above (% of total population),SP.POP.65UP.TO.ZS,4.38315215029936
Comoros,COM,1974,Population ages 65 and above (% of total population),SP.POP.65UP.TO.ZS,4.29470466600737
Comoros,COM,1973,Population ages 65 and above (% of total population),SP.POP.65UP.TO.ZS,4.20170411744684
Comoros,COM,1972,Population ages 65 and above (% of total population),SP.POP.65UP.TO.ZS,4.11378959652256
Comoros,COM,1971,Population ages 65 and above (% of total population),SP.POP.65UP.TO.ZS,4.03529668671709
Comoros,COM,1970,Population ages 65 and above (% of total population),SP.POP.65UP.TO.ZS,3.97158705814661
Comoros,COM,1969,Population ages 65 and above (% of total population),SP.POP.65UP.TO.ZS,3.92466698452749
Comoros,COM,1968,Population ages 65 and above (% of total population),SP.POP.65UP.TO.ZS,3.89346976800749
Comoros,COM,1967,Population ages 65 and above (% of total population),SP.POP.65UP.TO.ZS,3.87609192372895
Comoros,COM,1966,Population ages 65 and above (% of total population),SP.POP.65UP.TO.ZS,3.85524757274893
Comoros,COM,1965,Population ages 65 and above (% of total population),SP.POP.65UP.TO.ZS,3.8033744714305
Comoros,COM,1964,Population ages 65 and above (% of total population),SP.POP.65UP.TO.ZS,3.73739927094727
Comoros,COM,1963,Population ages 65 and above (% of total population),SP.POP.65UP.TO.ZS,3.68421431848039
Comoros,COM,1962,Population ages 65 and above (% of total population),SP.POP.65UP.TO.ZS,3.6382244390002
Comoros,COM,1961,Population ages 65 and above (% of total population),SP.POP.65UP.TO.ZS,3.59814315038196
Comoros,COM,1960,Population ages 65 and above (% of total population),SP.POP.65UP.TO.ZS,3.56297420333839
Comoros,COM,2024,"Population ages 70-74, female (% of female population)",SP.POP.7074.FE.5Y,1.36602033130345
Comoros,COM,2023,"Population ages 70-74, female (% of female population)",SP.POP.7074.FE.5Y,1.35808748728382
Comoros,COM,2022,"Population ages 70-74, female (% of female population)",SP.POP.7074.FE.5Y,1.34698243375729
Comoros,COM,2021,"Population ages 70-74, female (% of female population)",SP.POP.7074.FE.5Y,1.35263740317226
Comoros,COM,2020,"Population ages 70-74, female (% of female population)",SP.POP.7074.FE.5Y,1.37404503556463
Comoros,COM,2019,"Population ages 70-74, female (% of female population)",SP.POP.7074.FE.5Y,1.39678738900529
Comoros,COM,2018,"Population ages 70-74, female (% of female population)",SP.POP.7074.FE.5Y,1.41543748582216
Comoros,COM,2017,"Population ages 70-74, female (% of female population)",SP.POP.7074.FE.5Y,1.42655874104496
Comoros,COM,2016,"Population ages 70-74, female (% of female population)",SP.POP.7074.FE.5Y,1.40115516736923
Comoros,COM,2015,"Population ages 70-74, female (% of female population)",SP.POP.7074.FE.5Y,1.37060601460176
Comoros,COM,2014,"Population ages 70-74, female (% of female population)",SP.POP.7074.FE.5Y,1.38446517804889
Comoros,COM,2013,"Population ages 70-74, female (% of female population)",SP.POP.7074.FE.5Y,1.41601478429054
Comoros,COM,2012,"Population ages 70-74, female (% of female population)",SP.POP.7074.FE.5Y,1.4014575040974
Comoros,COM,2011,"Population ages 70-74, female (% of female population)",SP.POP.7074.FE.5Y,1.32245609218999
Comoros,COM,2010,"Population ages 70-74, female (% of female population)",SP.POP.7074.FE.5Y,1.21864235363897
Comoros,COM,2009,"Population ages 70-74, female (% of female population)",SP.POP.7074.FE.5Y,1.12260968774027
Comoros,COM,2008,"Population ages 70-74, female (% of female population)",SP.POP.7074.FE.5Y,1.06893653060966
Comoros,COM,2007,"Population ages 70-74, female (% of female population)",SP.POP.7074.FE.5Y,1.07720506518315
Comoros,COM,2006,"Population ages 70-74, female (% of female population)",SP.POP.7074.FE.5Y,1.14114015499803
Comoros,COM,2005,"Population ages 70-74, female (% of female population)",SP.POP.7074.FE.5Y,1.23625660695779
Comoros,COM,2004,"Population ages 70-74, female (% of female population)",SP.POP.7074.FE.5Y,1.32668482483628
Comoros,COM,2003,"Population ages 70-74, female (% of female population)",SP.POP.7074.FE.5Y,1.36877828054299
Comoros,COM,2002,"Population ages 70-74, female (% of female population)",SP.POP.7074.FE.5Y,1.30110634798835
Comoros,COM,2001,"Population ages 70-74, female (% of female population)",SP.POP.7074.FE.5Y,1.17084141028001
Comoros,COM,2000,"Population ages 70-74, female (% of female population)",SP.POP.7074.FE.5Y,1.08972698020666
Comoros,COM,1999,"Population ages 70-74, female (% of female population)",SP.POP.7074.FE.5Y,1.08472194188402
Comoros,COM,1998,"Population ages 70-74, female (% of female population)",SP.POP.7074.FE.5Y,1.11265514534093
Comoros,COM,1997,"Population ages 70-74, female (% of female population)",SP.POP.7074.FE.5Y,1.1321762556512
Comoros,COM,1996,"Population ages 70-74, female (% of female population)",SP.POP.7074.FE.5Y,1.14991448545465
Comoros,COM,1995,"Population ages 70-74, female (% of female population)",SP.POP.7074.FE.5Y,1.16748142962314
Comoros,COM,1994,"Population ages 70-74, female (% of female population)",SP.POP.7074.FE.5Y,1.18444353212949
Comoros,COM,1993,"Population ages 70-74, female (% of female population)",SP.POP.7074.FE.5Y,1.20159602574611
Comoros,COM,1992,"Population ages 70-74, female (% of female population)",SP.POP.7074.FE.5Y,1.21983277648695
Comoros,COM,1991,"Population ages 70-74, female (% of female population)",SP.POP.7074.FE.5Y,1.22010937865643
Comoros,COM,1990,"Population ages 70-74, female (% of female population)",SP.POP.7074.FE.5Y,1.21506898950986
Comoros,COM,1989,"Population ages 70-74, female (% of female population)",SP.POP.7074.FE.5Y,1.22583503873703
Comoros,COM,1988,"Population ages 70-74, female (% of female population)",SP.POP.7074.FE.5Y,1.23665204692093
Comoros,COM,1987,"Population ages 70-74, female (% of female population)",SP.POP.7074.FE.5Y,1.24488140307502
Comoros,COM,1986,"Population ages 70-74, female (% of female population)",SP.POP.7074.FE.5Y,1.25290622578145
Comoros,COM,1985,"Population ages 70-74, female (% of female population)",SP.POP.7074.FE.5Y,1.26058368782723
Comoros,COM,1984,"Population ages 70-74, female (% of female population)",SP.POP.7074.FE.5Y,1.26676209923584
Comoros,COM,1983,"Population ages 70-74, female (% of female population)",SP.POP.7074.FE.5Y,1.27214816179059
Comoros,COM,1982,"Population ages 70-74, female (% of female population)",SP.POP.7074.FE.5Y,1.27670131600588
Comoros,COM,1981,"Population ages 70-74, female (% of female population)",SP.POP.7074.FE.5Y,1.27975994101801
Comoros,COM,1980,"Population ages 70-74, female (% of female population)",SP.POP.7074.FE.5Y,1.30564727146005
Comoros,COM,1979,"Population ages 70-74, female (% of female population)",SP.POP.7074.FE.5Y,1.34532560227671
Comoros,COM,1978,"Population ages 70-74, female (% of female population)",SP.POP.7074.FE.5Y,1.36818537231788
Comoros,COM,1977,"Population ages 70-74, female (% of female population)",SP.POP.7074.FE.5Y,1.37655129485301
Comoros,COM,1976,"Population ages 70-74, female (% of female population)",SP.POP.7074.FE.5Y,1.37073925478402
Comoros,COM,1975,"Population ages 70-74, female (% of female population)",SP.POP.7074.FE.5Y,1.35222106115444
Comoros,COM,1974,"Population ages 70-74, female (% of female population)",SP.POP.7074.FE.5Y,1.32506686117189
Comoros,COM,1973,"Population ages 70-74, female (% of female population)",SP.POP.7074.FE.5Y,1.29550139265476
Comoros,COM,1972,"Population ages 70-74, female (% of female population)",SP.POP.7074.FE.5Y,1.26774422383085
Comoros,COM,1971,"Population ages 70-74, female (% of female population)",SP.POP.7074.FE.5Y,1.24283471753935
Comoros,COM,1970,"Population ages 70-74, female (% of female population)",SP.POP.7074.FE.5Y,1.22121805553866
Comoros,COM,1969,"Population ages 70-74, female (% of female population)",SP.POP.7074.FE.5Y,1.20521159040339
Comoros,COM,1968,"Population ages 70-74, female (% of female population)",SP.POP.7074.FE.5Y,1.1948478093741
Comoros,COM,1967,"Population ages 70-74, female (% of female population)",SP.POP.7074.FE.5Y,1.18960355379711
Comoros,COM,1966,"Population ages 70-74, female (% of female population)",SP.POP.7074.FE.5Y,1.18779661016949
Comoros,COM,1965,"Population ages 70-74, female (% of female population)",SP.POP.7074.FE.5Y,1.17898510755654
Comoros,COM,1964,"Population ages 70-74, female (% of female population)",SP.POP.7074.FE.5Y,1.16304033304397
Comoros,COM,1963,"Population ages 70-74, female (% of female population)",SP.POP.7074.FE.5Y,1.14840025614876
Comoros,COM,1962,"Population ages 70-74, female (% of female population)",SP.POP.7074.FE.5Y,1.1325050162062
Comoros,COM,1961,"Population ages 70-74, female (% of female population)",SP.POP.7074.FE.5Y,1.11666609426899
Comoros,COM,1960,"Population ages 70-74, female (% of female population)",SP.POP.7074.FE.5Y,1.10429937895641
Comoros,COM,2024,"Population ages 70-74, male (% of male population)",SP.POP.7074.MA.5Y,1.14417946167463
Comoros,COM,2023,"Population ages 70-74, male (% of male population)",SP.POP.7074.MA.5Y,1.15221757459136
Comoros,COM,2022,"Population ages 70-74, male (% of male population)",SP.POP.7074.MA.5Y,1.15657567794641
Comoros,COM,2021,"Population ages 70-74, male (% of male population)",SP.POP.7074.MA.5Y,1.17538566962599
Comoros,COM,2020,"Population ages 70-74, male (% of male population)",SP.POP.7074.MA.5Y,1.20897693563936
Comoros,COM,2019,"Population ages 70-74, male (% of male population)",SP.POP.7074.MA.5Y,1.24178315360101
Comoros,COM,2018,"Population ages 70-74, male (% of male population)",SP.POP.7074.MA.5Y,1.27013495022792
Comoros,COM,2017,"Population ages 70-74, male (% of male population)",SP.POP.7074.MA.5Y,1.29663626244959
Comoros,COM,2016,"Population ages 70-74, male (% of male population)",SP.POP.7074.MA.5Y,1.29623715504124
Comoros,COM,2015,"Population ages 70-74, male (% of male population)",SP.POP.7074.MA.5Y,1.29035090848717
Comoros,COM,2014,"Population ages 70-74, male (% of male population)",SP.POP.7074.MA.5Y,1.31706611587654
Comoros,COM,2013,"Population ages 70-74, male (% of male population)",SP.POP.7074.MA.5Y,1.35484715190192
Comoros,COM,2012,"Population ages 70-74, male (% of male population)",SP.POP.7074.MA.5Y,1.35446588390334
Comoros,COM,2011,"Population ages 70-74, male (% of male population)",SP.POP.7074.MA.5Y,1.30120568781877
Comoros,COM,2010,"Population ages 70-74, male (% of male population)",SP.POP.7074.MA.5Y,1.22458931175505
Comoros,COM,2009,"Population ages 70-74, male (% of male population)",SP.POP.7074.MA.5Y,1.15108071341018
Comoros,COM,2008,"Population ages 70-74, male (% of male population)",SP.POP.7074.MA.5Y,1.11100101958954
Comoros,COM,2007,"Population ages 70-74, male (% of male population)",SP.POP.7074.MA.5Y,1.12237290513502
Comoros,COM,2006,"Population ages 70-74, male (% of male population)",SP.POP.7074.MA.5Y,1.18174884173292
Comoros,COM,2005,"Population ages 70-74, male (% of male population)",SP.POP.7074.MA.5Y,1.2699233250633
Comoros,COM,2004,"Population ages 70-74, male (% of male population)",SP.POP.7074.MA.5Y,1.35929546571543
Comoros,COM,2003,"Population ages 70-74, male (% of male population)",SP.POP.7074.MA.5Y,1.40709209816016
Comoros,COM,2002,"Population ages 70-74, male (% of male population)",SP.POP.7074.MA.5Y,1.38811109224327
Comoros,COM,2001,"Population ages 70-74, male (% of male population)",SP.POP.7074.MA.5Y,1.33902300913778
Comoros,COM,2000,"Population ages 70-74, male (% of male population)",SP.POP.7074.MA.5Y,1.31613338232453
Comoros,COM,1999,"Population ages 70-74, male (% of male population)",SP.POP.7074.MA.5Y,1.34390029126871
Comoros,COM,1998,"Population ages 70-74, male (% of male population)",SP.POP.7074.MA.5Y,1.3697954869902
Comoros,COM,1997,"Population ages 70-74, male (% of male population)",SP.POP.7074.MA.5Y,1.3645357030456
Comoros,COM,1996,"Population ages 70-74, male (% of male population)",SP.POP.7074.MA.5Y,1.35460099694721
Comoros,COM,1995,"Population ages 70-74, male (% of male population)",SP.POP.7074.MA.5Y,1.34047979646254
Comoros,COM,1994,"Population ages 70-74, male (% of male population)",SP.POP.7074.MA.5Y,1.32550222461912
Comoros,COM,1993,"Population ages 70-74, male (% of male population)",SP.POP.7074.MA.5Y,1.3105620674138
Comoros,COM,1992,"Population ages 70-74, male (% of male population)",SP.POP.7074.MA.5Y,1.29656002669452
Comoros,COM,1991,"Population ages 70-74, male (% of male population)",SP.POP.7074.MA.5Y,1.2758120623849
Comoros,COM,1990,"Population ages 70-74, male (% of male population)",SP.POP.7074.MA.5Y,1.26074902923008
Comoros,COM,1989,"Population ages 70-74, male (% of male population)",SP.POP.7074.MA.5Y,1.26102403929203
Comoros,COM,1988,"Population ages 70-74, male (% of male population)",SP.POP.7074.MA.5Y,1.26309990059047
Comoros,COM,1987,"Population ages 70-74, male (% of male population)",SP.POP.7074.MA.5Y,1.26456225934468
Comoros,COM,1986,"Population ages 70-74, male (% of male population)",SP.POP.7074.MA.5Y,1.26675285063578
Comoros,COM,1985,"Population ages 70-74, male (% of male population)",SP.POP.7074.MA.5Y,1.27277348937583
Comoros,COM,1984,"Population ages 70-74, male (% of male population)",SP.POP.7074.MA.5Y,1.28154905142985
Comoros,COM,1983,"Population ages 70-74, male (% of male population)",SP.POP.7074.MA.5Y,1.29172507446995
Comoros,COM,1982,"Population ages 70-74, male (% of male population)",SP.POP.7074.MA.5Y,1.30224081048318
Comoros,COM,1981,"Population ages 70-74, male (% of male population)",SP.POP.7074.MA.5Y,1.3114413144455
Comoros,COM,1980,"Population ages 70-74, male (% of male population)",SP.POP.7074.MA.5Y,1.34189932192521
Comoros,COM,1979,"Population ages 70-74, male (% of male population)",SP.POP.7074.MA.5Y,1.3821066117901
Comoros,COM,1978,"Population ages 70-74, male (% of male population)",SP.POP.7074.MA.5Y,1.39875364833951
Comoros,COM,1977,"Population ages 70-74, male (% of male population)",SP.POP.7074.MA.5Y,1.39482564679415
Comoros,COM,1976,"Population ages 70-74, male (% of male population)",SP.POP.7074.MA.5Y,1.37413231335883
Comoros,COM,1975,"Population ages 70-74, male (% of male population)",SP.POP.7074.MA.5Y,1.33878531596241
Comoros,COM,1974,"Population ages 70-74, male (% of male population)",SP.POP.7074.MA.5Y,1.2931065664494
Comoros,COM,1973,"Population ages 70-74, male (% of male population)",SP.POP.7074.MA.5Y,1.24750405532474
Comoros,COM,1972,"Population ages 70-74, male (% of male population)",SP.POP.7074.MA.5Y,1.20641197108023
Comoros,COM,1971,"Population ages 70-74, male (% of male population)",SP.POP.7074.MA.5Y,1.17049284120007
Comoros,COM,1970,"Population ages 70-74, male (% of male population)",SP.POP.7074.MA.5Y,1.14052868903322
Comoros,COM,1969,"Population ages 70-74, male (% of male population)",SP.POP.7074.MA.5Y,1.11959873581308
Comoros,COM,1968,"Population ages 70-74, male (% of male population)",SP.POP.7074.MA.5Y,1.10781178620375
Comoros,COM,1967,"Population ages 70-74, male (% of male population)",SP.POP.7074.MA.5Y,1.10550174683739
Comoros,COM,1966,"Population ages 70-74, male (% of male population)",SP.POP.7074.MA.5Y,1.10285269997593
Comoros,COM,1965,"Population ages 70-74, male (% of male population)",SP.POP.7074.MA.5Y,1.08299509356136
Comoros,COM,1964,"Population ages 70-74, male (% of male population)",SP.POP.7074.MA.5Y,1.05442941685843
Comoros,COM,1963,"Population ages 70-74, male (% of male population)",SP.POP.7074.MA.5Y,1.0294031796688
Comoros,COM,1962,"Population ages 70-74, male (% of male population)",SP.POP.7074.MA.5Y,1.00556723988618
Comoros,COM,1961,"Population ages 70-74, male (% of male population)",SP.POP.7074.MA.5Y,0.983981347661659
Comoros,COM,1960,"Population ages 70-74, male (% of male population)",SP.POP.7074.MA.5Y,0.964160498636541
Comoros,COM,2024,"Population ages 75-79, female (% of female population)",SP.POP.7579.FE.5Y,0.960276314460898
Comoros,COM,2023,"Population ages 75-79, female (% of female population)",SP.POP.7579.FE.5Y,0.979559488040881
Comoros,COM,2022,"Population ages 75-79, female (% of female population)",SP.POP.7579.FE.5Y,0.991123421938328
Comoros,COM,2021,"Population ages 75-79, female (% of female population)",SP.POP.7579.FE.5Y,0.993237427763433
Comoros,COM,2020,"Population ages 75-79, female (% of female population)",SP.POP.7579.FE.5Y,0.984470970711706
Comoros,COM,2019,"Population ages 75-79, female (% of female population)",SP.POP.7579.FE.5Y,0.966495010194501
Comoros,COM,2018,"Population ages 75-79, female (% of female population)",SP.POP.7579.FE.5Y,0.942973135760493
Comoros,COM,2017,"Population ages 75-79, female (% of female population)",SP.POP.7579.FE.5Y,0.914310777941704
Comoros,COM,2016,"Population ages 75-79, female (% of female population)",SP.POP.7579.FE.5Y,0.882630227240711
Comoros,COM,2015,"Population ages 75-79, female (% of female population)",SP.POP.7579.FE.5Y,0.846985108409125
Comoros,COM,2014,"Population ages 75-79, female (% of female population)",SP.POP.7579.FE.5Y,0.808648088956917
Comoros,COM,2013,"Population ages 75-79, female (% of female population)",SP.POP.7579.FE.5Y,0.781971889186692
Comoros,COM,2012,"Population ages 75-79, female (% of female population)",SP.POP.7579.FE.5Y,0.782603605712948
Comoros,COM,2011,"Population ages 75-79, female (% of female population)",SP.POP.7579.FE.5Y,0.814748727374721
Comoros,COM,2010,"Population ages 75-79, female (% of female population)",SP.POP.7579.FE.5Y,0.867026089865939
Comoros,COM,2009,"Population ages 75-79, female (% of female population)",SP.POP.7579.FE.5Y,0.917371462585878
Comoros,COM,2008,"Population ages 75-79, female (% of female population)",SP.POP.7579.FE.5Y,0.939368466293342
Comoros,COM,2007,"Population ages 75-79, female (% of female population)",SP.POP.7579.FE.5Y,0.914206930319908
Comoros,COM,2006,"Population ages 75-79, female (% of female population)",SP.POP.7579.FE.5Y,0.849041113884146
Comoros,COM,2005,"Population ages 75-79, female (% of female population)",SP.POP.7579.FE.5Y,0.77048387123778
Comoros,COM,2004,"Population ages 75-79, female (% of female population)",SP.POP.7579.FE.5Y,0.70560711754711
Comoros,COM,2003,"Population ages 75-79, female (% of female population)",SP.POP.7579.FE.5Y,0.674904281239123
Comoros,COM,2002,"Population ages 75-79, female (% of female population)",SP.POP.7579.FE.5Y,0.688299789646794
Comoros,COM,2001,"Population ages 75-79, female (% of female population)",SP.POP.7579.FE.5Y,0.732249668800064
Comoros,COM,2000,"Population ages 75-79, female (% of female population)",SP.POP.7579.FE.5Y,0.779163979102234
Comoros,COM,1999,"Population ages 75-79, female (% of female population)",SP.POP.7579.FE.5Y,0.811298750812981
Comoros,COM,1998,"Population ages 75-79, female (% of female population)",SP.POP.7579.FE.5Y,0.828835884791812
Comoros,COM,1997,"Population ages 75-79, female (% of female population)",SP.POP.7579.FE.5Y,0.841294048430049
Comoros,COM,1996,"Population ages 75-79, female (% of female population)",SP.POP.7579.FE.5Y,0.853372110435927
Comoros,COM,1995,"Population ages 75-79, female (% of female population)",SP.POP.7579.FE.5Y,0.861970395720037
Comoros,COM,1994,"Population ages 75-79, female (% of female population)",SP.POP.7579.FE.5Y,0.864384381440246
Comoros,COM,1993,"Population ages 75-79, female (% of female population)",SP.POP.7579.FE.5Y,0.862502964463879
Comoros,COM,1992,"Population ages 75-79, female (% of female population)",SP.POP.7579.FE.5Y,0.854985329783084
Comoros,COM,1991,"Population ages 75-79, female (% of female population)",SP.POP.7579.FE.5Y,0.842657676006899
Comoros,COM,1990,"Population ages 75-79, female (% of female population)",SP.POP.7579.FE.5Y,0.832942463171139
Comoros,COM,1989,"Population ages 75-79, female (% of female population)",SP.POP.7579.FE.5Y,0.827501461774594
Comoros,COM,1988,"Population ages 75-79, female (% of female population)",SP.POP.7579.FE.5Y,0.821773716389455
Comoros,COM,1987,"Population ages 75-79, female (% of female population)",SP.POP.7579.FE.5Y,0.815836745731283
Comoros,COM,1986,"Population ages 75-79, female (% of female population)",SP.POP.7579.FE.5Y,0.811010869781214
Comoros,COM,1985,"Population ages 75-79, female (% of female population)",SP.POP.7579.FE.5Y,0.80630317408377
Comoros,COM,1984,"Population ages 75-79, female (% of female population)",SP.POP.7579.FE.5Y,0.804422878555039
Comoros,COM,1983,"Population ages 75-79, female (% of female population)",SP.POP.7579.FE.5Y,0.808465459430472
Comoros,COM,1982,"Population ages 75-79, female (% of female population)",SP.POP.7579.FE.5Y,0.816475579602885
Comoros,COM,1981,"Population ages 75-79, female (% of female population)",SP.POP.7579.FE.5Y,0.827354330844194
Comoros,COM,1980,"Population ages 75-79, female (% of female population)",SP.POP.7579.FE.5Y,0.841390879074795
Comoros,COM,1979,"Population ages 75-79, female (% of female population)",SP.POP.7579.FE.5Y,0.851024973747888
Comoros,COM,1978,"Population ages 75-79, female (% of female population)",SP.POP.7579.FE.5Y,0.849424244232237
Comoros,COM,1977,"Population ages 75-79, female (% of female population)",SP.POP.7579.FE.5Y,0.838704239233333
Comoros,COM,1976,"Population ages 75-79, female (% of female population)",SP.POP.7579.FE.5Y,0.820836040428938
Comoros,COM,1975,"Population ages 75-79, female (% of female population)",SP.POP.7579.FE.5Y,0.799291364193131
Comoros,COM,1974,"Population ages 75-79, female (% of female population)",SP.POP.7579.FE.5Y,0.77587563106935
Comoros,COM,1973,"Population ages 75-79, female (% of female population)",SP.POP.7579.FE.5Y,0.753585070149904
Comoros,COM,1972,"Population ages 75-79, female (% of female population)",SP.POP.7579.FE.5Y,0.736084943439691
Comoros,COM,1971,"Population ages 75-79, female (% of female population)",SP.POP.7579.FE.5Y,0.723118142082092
Comoros,COM,1970,"Population ages 75-79, female (% of female population)",SP.POP.7579.FE.5Y,0.714404453472484
Comoros,COM,1969,"Population ages 75-79, female (% of female population)",SP.POP.7579.FE.5Y,0.709267229683188
Comoros,COM,1968,"Population ages 75-79, female (% of female population)",SP.POP.7579.FE.5Y,0.706085477574055
Comoros,COM,1967,"Population ages 75-79, female (% of female population)",SP.POP.7579.FE.5Y,0.70298769771529
Comoros,COM,1966,"Population ages 75-79, female (% of female population)",SP.POP.7579.FE.5Y,0.696497175141243
Comoros,COM,1965,"Population ages 75-79, female (% of female population)",SP.POP.7579.FE.5Y,0.685787828644971
Comoros,COM,1964,"Population ages 75-79, female (% of female population)",SP.POP.7579.FE.5Y,0.675795506519933
Comoros,COM,1963,"Population ages 75-79, female (% of female population)",SP.POP.7579.FE.5Y,0.668358513388516
Comoros,COM,1962,"Population ages 75-79, female (% of female population)",SP.POP.7579.FE.5Y,0.662718012038895
Comoros,COM,1961,"Population ages 75-79, female (% of female population)",SP.POP.7579.FE.5Y,0.660874002188194
Comoros,COM,1960,"Population ages 75-79, female (% of female population)",SP.POP.7579.FE.5Y,0.661980549953072
Comoros,COM,2024,"Population ages 75-79, male (% of male population)",SP.POP.7579.MA.5Y,0.775788781694964
Comoros,COM,2023,"Population ages 75-79, male (% of male population)",SP.POP.7579.MA.5Y,0.799280799257418
Comoros,COM,2022,"Population ages 75-79, male (% of male population)",SP.POP.7579.MA.5Y,0.819434761623854
Comoros,COM,2021,"Population ages 75-79, male (% of male population)",SP.POP.7579.MA.5Y,0.836766705262992
Comoros,COM,2020,"Population ages 75-79, male (% of male population)",SP.POP.7579.MA.5Y,0.849393962673751
Comoros,COM,2019,"Population ages 75-79, male (% of male population)",SP.POP.7579.MA.5Y,0.852580740546046
Comoros,COM,2018,"Population ages 75-79, male (% of male population)",SP.POP.7579.MA.5Y,0.845725888952738
Comoros,COM,2017,"Population ages 75-79, male (% of male population)",SP.POP.7579.MA.5Y,0.830914268518166
Comoros,COM,2016,"Population ages 75-79, male (% of male population)",SP.POP.7579.MA.5Y,0.811154617207481
Comoros,COM,2015,"Population ages 75-79, male (% of male population)",SP.POP.7579.MA.5Y,0.787053680463889
Comoros,COM,2014,"Population ages 75-79, male (% of male population)",SP.POP.7579.MA.5Y,0.760753114692869
Comoros,COM,2013,"Population ages 75-79, male (% of male population)",SP.POP.7579.MA.5Y,0.743713592616931
Comoros,COM,2012,"Population ages 75-79, male (% of male population)",SP.POP.7579.MA.5Y,0.747022719550992
Comoros,COM,2011,"Population ages 75-79, male (% of male population)",SP.POP.7579.MA.5Y,0.773754813439785
Comoros,COM,2010,"Population ages 75-79, male (% of male population)",SP.POP.7579.MA.5Y,0.817619610603293
Comoros,COM,2009,"Population ages 75-79, male (% of male population)",SP.POP.7579.MA.5Y,0.863193125764139
Comoros,COM,2008,"Population ages 75-79, male (% of male population)",SP.POP.7579.MA.5Y,0.888385308961201
Comoros,COM,2007,"Population ages 75-79, male (% of male population)",SP.POP.7579.MA.5Y,0.876690696540057
Comoros,COM,2006,"Population ages 75-79, male (% of male population)",SP.POP.7579.MA.5Y,0.834018911978363
Comoros,COM,2005,"Population ages 75-79, male (% of male population)",SP.POP.7579.MA.5Y,0.780693356369257
Comoros,COM,2004,"Population ages 75-79, male (% of male population)",SP.POP.7579.MA.5Y,0.737218506702697
Comoros,COM,2003,"Population ages 75-79, male (% of male population)",SP.POP.7579.MA.5Y,0.720006371737803
Comoros,COM,2002,"Population ages 75-79, male (% of male population)",SP.POP.7579.MA.5Y,0.740843777887773
Comoros,COM,2001,"Population ages 75-79, male (% of male population)",SP.POP.7579.MA.5Y,0.785908059674978
Comoros,COM,2000,"Population ages 75-79, male (% of male population)",SP.POP.7579.MA.5Y,0.826915865193395
Comoros,COM,1999,"Population ages 75-79, male (% of male population)",SP.POP.7579.MA.5Y,0.850582053589572
Comoros,COM,1998,"Population ages 75-79, male (% of male population)",SP.POP.7579.MA.5Y,0.855358114662944
Comoros,COM,1997,"Population ages 75-79, male (% of male population)",SP.POP.7579.MA.5Y,0.851356417046373
Comoros,COM,1996,"Population ages 75-79, male (% of male population)",SP.POP.7579.MA.5Y,0.847364366677671
Comoros,COM,1995,"Population ages 75-79, male (% of male population)",SP.POP.7579.MA.5Y,0.842202530544086
Comoros,COM,1994,"Population ages 75-79, male (% of male population)",SP.POP.7579.MA.5Y,0.833389510583794
Comoros,COM,1993,"Population ages 75-79, male (% of male population)",SP.POP.7579.MA.5Y,0.823065549531789
Comoros,COM,1992,"Population ages 75-79, male (% of male population)",SP.POP.7579.MA.5Y,0.810431801378781
Comoros,COM,1991,"Population ages 75-79, male (% of male population)",SP.POP.7579.MA.5Y,0.795603163729214
Comoros,COM,1990,"Population ages 75-79, male (% of male population)",SP.POP.7579.MA.5Y,0.785492850672142
Comoros,COM,1989,"Population ages 75-79, male (% of male population)",SP.POP.7579.MA.5Y,0.781545443085844
Comoros,COM,1988,"Population ages 75-79, male (% of male population)",SP.POP.7579.MA.5Y,0.778987460026589
Comoros,COM,1987,"Population ages 75-79, male (% of male population)",SP.POP.7579.MA.5Y,0.777473432636181
Comoros,COM,1986,"Population ages 75-79, male (% of male population)",SP.POP.7579.MA.5Y,0.777675658751881
Comoros,COM,1985,"Population ages 75-79, male (% of male population)",SP.POP.7579.MA.5Y,0.777099933598937
Comoros,COM,1984,"Population ages 75-79, male (% of male population)",SP.POP.7579.MA.5Y,0.778416464800706
Comoros,COM,1983,"Population ages 75-79, male (% of male population)",SP.POP.7579.MA.5Y,0.783577185912038
Comoros,COM,1982,"Population ages 75-79, male (% of male population)",SP.POP.7579.MA.5Y,0.789782331714205
Comoros,COM,1981,"Population ages 75-79, male (% of male population)",SP.POP.7579.MA.5Y,0.797263882790655
Comoros,COM,1980,"Population ages 75-79, male (% of male population)",SP.POP.7579.MA.5Y,0.806327114678954
Comoros,COM,1979,"Population ages 75-79, male (% of male population)",SP.POP.7579.MA.5Y,0.81000009173274
Comoros,COM,1978,"Population ages 75-79, male (% of male population)",SP.POP.7579.MA.5Y,0.802713575767137
Comoros,COM,1977,"Population ages 75-79, male (% of male population)",SP.POP.7579.MA.5Y,0.786097390000163
Comoros,COM,1976,"Population ages 75-79, male (% of male population)",SP.POP.7579.MA.5Y,0.762957116548277
Comoros,COM,1975,"Population ages 75-79, male (% of male population)",SP.POP.7579.MA.5Y,0.735389117218791
Comoros,COM,1974,"Population ages 75-79, male (% of male population)",SP.POP.7579.MA.5Y,0.706777686948847
Comoros,COM,1973,"Population ages 75-79, male (% of male population)",SP.POP.7579.MA.5Y,0.682568284925431
Comoros,COM,1972,"Population ages 75-79, male (% of male population)",SP.POP.7579.MA.5Y,0.663681649900176
Comoros,COM,1971,"Population ages 75-79, male (% of male population)",SP.POP.7579.MA.5Y,0.650362848773607
Comoros,COM,1970,"Population ages 75-79, male (% of male population)",SP.POP.7579.MA.5Y,0.642452322839532
Comoros,COM,1969,"Population ages 75-79, male (% of male population)",SP.POP.7579.MA.5Y,0.636785109550071
Comoros,COM,1968,"Population ages 75-79, male (% of male population)",SP.POP.7579.MA.5Y,0.631215518150191
Comoros,COM,1967,"Population ages 75-79, male (% of male population)",SP.POP.7579.MA.5Y,0.624613006594142
Comoros,COM,1966,"Population ages 75-79, male (% of male population)",SP.POP.7579.MA.5Y,0.614135767044929
Comoros,COM,1965,"Population ages 75-79, male (% of male population)",SP.POP.7579.MA.5Y,0.59894337348263
Comoros,COM,1964,"Population ages 75-79, male (% of male population)",SP.POP.7579.MA.5Y,0.583189409777871
Comoros,COM,1963,"Population ages 75-79, male (% of male population)",SP.POP.7579.MA.5Y,0.569674443947148
Comoros,COM,1962,"Population ages 75-79, male (% of male population)",SP.POP.7579.MA.5Y,0.55919831745639
Comoros,COM,1961,"Population ages 75-79, male (% of male population)",SP.POP.7579.MA.5Y,0.551412270056048
Comoros,COM,1960,"Population ages 75-79, male (% of male population)",SP.POP.7579.MA.5Y,0.545383716400468
Comoros,COM,2024,"Population ages 80 and above, female (% of female population)",SP.POP.80UP.FE.5Y,0.739182964322148
Comoros,COM,2023,"Population ages 80 and above, female (% of female population)",SP.POP.80UP.FE.5Y,0.714826468570347
Comoros,COM,2022,"Population ages 80 and above, female (% of female population)",SP.POP.80UP.FE.5Y,0.691579611244228
Comoros,COM,2021,"Population ages 80 and above, female (% of female population)",SP.POP.80UP.FE.5Y,0.677855649821714
Comoros,COM,2020,"Population ages 80 and above, female (% of female population)",SP.POP.80UP.FE.5Y,0.666766171525472
Comoros,COM,2019,"Population ages 80 and above, female (% of female population)",SP.POP.80UP.FE.5Y,0.64965962900713
Comoros,COM,2018,"Population ages 80 and above, female (% of female population)",SP.POP.80UP.FE.5Y,0.633733224517041
Comoros,COM,2017,"Population ages 80 and above, female (% of female population)",SP.POP.80UP.FE.5Y,0.625490117894121
Comoros,COM,2016,"Population ages 80 and above, female (% of female population)",SP.POP.80UP.FE.5Y,0.627295976419848
Comoros,COM,2015,"Population ages 80 and above, female (% of female population)",SP.POP.80UP.FE.5Y,0.636653463433485
Comoros,COM,2014,"Population ages 80 and above, female (% of female population)",SP.POP.80UP.FE.5Y,0.647002881195696
Comoros,COM,2013,"Population ages 80 and above, female (% of female population)",SP.POP.80UP.FE.5Y,0.65011277612934
Comoros,COM,2012,"Population ages 80 and above, female (% of female population)",SP.POP.80UP.FE.5Y,0.639340903769609
Comoros,COM,2011,"Population ages 80 and above, female (% of female population)",SP.POP.80UP.FE.5Y,0.613635142957742
Comoros,COM,2010,"Population ages 80 and above, female (% of female population)",SP.POP.80UP.FE.5Y,0.580501418175458
Comoros,COM,2009,"Population ages 80 and above, female (% of female population)",SP.POP.80UP.FE.5Y,0.549523797713237
Comoros,COM,2008,"Population ages 80 and above, female (% of female population)",SP.POP.80UP.FE.5Y,0.531545083365988
Comoros,COM,2007,"Population ages 80 and above, female (% of female population)",SP.POP.80UP.FE.5Y,0.536186552331743
Comoros,COM,2006,"Population ages 80 and above, female (% of female population)",SP.POP.80UP.FE.5Y,0.557598844082491
Comoros,COM,2005,"Population ages 80 and above, female (% of female population)",SP.POP.80UP.FE.5Y,0.580960241893763
Comoros,COM,2004,"Population ages 80 and above, female (% of female population)",SP.POP.80UP.FE.5Y,0.596658099881317
Comoros,COM,2003,"Population ages 80 and above, female (% of female population)",SP.POP.80UP.FE.5Y,0.603550295857988
Comoros,COM,2002,"Population ages 80 and above, female (% of female population)",SP.POP.80UP.FE.5Y,0.606249634495799
Comoros,COM,2001,"Population ages 80 and above, female (% of female population)",SP.POP.80UP.FE.5Y,0.606808820928226
Comoros,COM,2000,"Population ages 80 and above, female (% of female population)",SP.POP.80UP.FE.5Y,0.606057264877162
Comoros,COM,1999,"Population ages 80 and above, female (% of female population)",SP.POP.80UP.FE.5Y,0.602727130009644
Comoros,COM,1998,"Population ages 80 and above, female (% of female population)",SP.POP.80UP.FE.5Y,0.596533717081813
Comoros,COM,1997,"Population ages 80 and above, female (% of female population)",SP.POP.80UP.FE.5Y,0.587957515327925
Comoros,COM,1996,"Population ages 80 and above, female (% of female population)",SP.POP.80UP.FE.5Y,0.575154280850259
Comoros,COM,1995,"Population ages 80 and above, female (% of female population)",SP.POP.80UP.FE.5Y,0.561073120043971
Comoros,COM,1994,"Population ages 80 and above, female (% of female population)",SP.POP.80UP.FE.5Y,0.55024846965974
Comoros,COM,1993,"Population ages 80 and above, female (% of female population)",SP.POP.80UP.FE.5Y,0.540884637628096
Comoros,COM,1992,"Population ages 80 and above, female (% of female population)",SP.POP.80UP.FE.5Y,0.531901361871004
Comoros,COM,1991,"Population ages 80 and above, female (% of female population)",SP.POP.80UP.FE.5Y,0.525875592612174
Comoros,COM,1990,"Population ages 80 and above, female (% of female population)",SP.POP.80UP.FE.5Y,0.522617488901881
Comoros,COM,1989,"Population ages 80 and above, female (% of female population)",SP.POP.80UP.FE.5Y,0.520528796959509
Comoros,COM,1988,"Population ages 80 and above, female (% of female population)",SP.POP.80UP.FE.5Y,0.518891403777342
Comoros,COM,1987,"Population ages 80 and above, female (% of female population)",SP.POP.80UP.FE.5Y,0.51813721702851
Comoros,COM,1986,"Population ages 80 and above, female (% of female population)",SP.POP.80UP.FE.5Y,0.517904337976671
Comoros,COM,1985,"Population ages 80 and above, female (% of female population)",SP.POP.80UP.FE.5Y,0.518191672120419
Comoros,COM,1984,"Population ages 80 and above, female (% of female population)",SP.POP.80UP.FE.5Y,0.517072605940678
Comoros,COM,1983,"Population ages 80 and above, female (% of female population)",SP.POP.80UP.FE.5Y,0.511621860256
Comoros,COM,1982,"Population ages 80 and above, female (% of female population)",SP.POP.80UP.FE.5Y,0.502875365518472
Comoros,COM,1981,"Population ages 80 and above, female (% of female population)",SP.POP.80UP.FE.5Y,0.490273422819947
Comoros,COM,1980,"Population ages 80 and above, female (% of female population)",SP.POP.80UP.FE.5Y,0.475183546658949
Comoros,COM,1979,"Population ages 80 and above, female (% of female population)",SP.POP.80UP.FE.5Y,0.461732791550625
Comoros,COM,1978,"Population ages 80 and above, female (% of female population)",SP.POP.80UP.FE.5Y,0.45124681662171
Comoros,COM,1977,"Population ages 80 and above, female (% of female population)",SP.POP.80UP.FE.5Y,0.442856587086484
Comoros,COM,1976,"Population ages 80 and above, female (% of female population)",SP.POP.80UP.FE.5Y,0.437042445026423
Comoros,COM,1975,"Population ages 80 and above, female (% of female population)",SP.POP.80UP.FE.5Y,0.434593053431417
Comoros,COM,1974,"Population ages 80 and above, female (% of female population)",SP.POP.80UP.FE.5Y,0.433346205002789
Comoros,COM,1973,"Population ages 80 and above, female (% of female population)",SP.POP.80UP.FE.5Y,0.433311415336195
Comoros,COM,1972,"Population ages 80 and above, female (% of female population)",SP.POP.80UP.FE.5Y,0.433641751653331
Comoros,COM,1971,"Population ages 80 and above, female (% of female population)",SP.POP.80UP.FE.5Y,0.433162717319034
Comoros,COM,1970,"Population ages 80 and above, female (% of female population)",SP.POP.80UP.FE.5Y,0.433426992486995
Comoros,COM,1969,"Population ages 80 and above, female (% of female population)",SP.POP.80UP.FE.5Y,0.434160046421728
Comoros,COM,1968,"Population ages 80 and above, female (% of female population)",SP.POP.80UP.FE.5Y,0.435505276313925
Comoros,COM,1967,"Population ages 80 and above, female (% of female population)",SP.POP.80UP.FE.5Y,0.438484160698042
Comoros,COM,1966,"Population ages 80 and above, female (% of female population)",SP.POP.80UP.FE.5Y,0.441129943502825
Comoros,COM,1965,"Population ages 80 and above, female (% of female population)",SP.POP.80UP.FE.5Y,0.441717227431513
Comoros,COM,1964,"Population ages 80 and above, female (% of female population)",SP.POP.80UP.FE.5Y,0.441973994940868
Comoros,COM,1963,"Population ages 80 and above, female (% of female population)",SP.POP.80UP.FE.5Y,0.444939876194768
Comoros,COM,1962,"Population ages 80 and above, female (% of female population)",SP.POP.80UP.FE.5Y,0.448564593301435
Comoros,COM,1961,"Population ages 80 and above, female (% of female population)",SP.POP.80UP.FE.5Y,0.448923319971936
Comoros,COM,1960,"Population ages 80 and above, female (% of female population)",SP.POP.80UP.FE.5Y,0.448309603211055
Comoros,COM,2024,"Population ages 80 and above, male (% of male population)",SP.POP.80UP.MA.5Y,0.5561999428656
Comoros,COM,2023,"Population ages 80 and above, male (% of male population)",SP.POP.80UP.MA.5Y,0.546181058085514
Comoros,COM,2022,"Population ages 80 and above, male (% of male population)",SP.POP.80UP.MA.5Y,0.53473004296193
Comoros,COM,2021,"Population ages 80 and above, male (% of male population)",SP.POP.80UP.MA.5Y,0.527550607557995
Comoros,COM,2020,"Population ages 80 and above, male (% of male population)",SP.POP.80UP.MA.5Y,0.523266331782823
Comoros,COM,2019,"Population ages 80 and above, male (% of male population)",SP.POP.80UP.MA.5Y,0.514935010778885
Comoros,COM,2018,"Population ages 80 and above, male (% of male population)",SP.POP.80UP.MA.5Y,0.506224408545903
Comoros,COM,2017,"Population ages 80 and above, male (% of male population)",SP.POP.80UP.MA.5Y,0.503305653712569
Comoros,COM,2016,"Population ages 80 and above, male (% of male population)",SP.POP.80UP.MA.5Y,0.508430908949404
Comoros,COM,2015,"Population ages 80 and above, male (% of male population)",SP.POP.80UP.MA.5Y,0.52031163813094
Comoros,COM,2014,"Population ages 80 and above, male (% of male population)",SP.POP.80UP.MA.5Y,0.533566230312459
Comoros,COM,2013,"Population ages 80 and above, male (% of male population)",SP.POP.80UP.MA.5Y,0.541823823855491
Comoros,COM,2012,"Population ages 80 and above, male (% of male population)",SP.POP.80UP.MA.5Y,0.539344814450382
Comoros,COM,2011,"Population ages 80 and above, male (% of male population)",SP.POP.80UP.MA.5Y,0.524897723791158
Comoros,COM,2010,"Population ages 80 and above, male (% of male population)",SP.POP.80UP.MA.5Y,0.503728511033724
Comoros,COM,2009,"Population ages 80 and above, male (% of male population)",SP.POP.80UP.MA.5Y,0.483569743468521
Comoros,COM,2008,"Population ages 80 and above, male (% of male population)",SP.POP.80UP.MA.5Y,0.473038408801071
Comoros,COM,2007,"Population ages 80 and above, male (% of male population)",SP.POP.80UP.MA.5Y,0.478150433859119
Comoros,COM,2006,"Population ages 80 and above, male (% of male population)",SP.POP.80UP.MA.5Y,0.494948923003134
Comoros,COM,2005,"Population ages 80 and above, male (% of male population)",SP.POP.80UP.MA.5Y,0.512016487917193
Comoros,COM,2004,"Population ages 80 and above, male (% of male population)",SP.POP.80UP.MA.5Y,0.521349813220612
Comoros,COM,2003,"Population ages 80 and above, male (% of male population)",SP.POP.80UP.MA.5Y,0.521420543544633
Comoros,COM,2002,"Population ages 80 and above, male (% of male population)",SP.POP.80UP.MA.5Y,0.518283540297493
Comoros,COM,2001,"Population ages 80 and above, male (% of male population)",SP.POP.80UP.MA.5Y,0.51647501637694
Comoros,COM,2000,"Population ages 80 and above, male (% of male population)",SP.POP.80UP.MA.5Y,0.514407578988837
Comoros,COM,1999,"Population ages 80 and above, male (% of male population)",SP.POP.80UP.MA.5Y,0.511123368266225
Comoros,COM,1998,"Population ages 80 and above, male (% of male population)",SP.POP.80UP.MA.5Y,0.505170006861794
Comoros,COM,1997,"Population ages 80 and above, male (% of male population)",SP.POP.80UP.MA.5Y,0.497342893970344
Comoros,COM,1996,"Population ages 80 and above, male (% of male population)",SP.POP.80UP.MA.5Y,0.487672662207712
Comoros,COM,1995,"Population ages 80 and above, male (% of male population)",SP.POP.80UP.MA.5Y,0.478594795954942
Comoros,COM,1994,"Population ages 80 and above, male (% of male population)",SP.POP.80UP.MA.5Y,0.471678239180262
Comoros,COM,1993,"Population ages 80 and above, male (% of male population)",SP.POP.80UP.MA.5Y,0.464568110227784
Comoros,COM,1992,"Population ages 80 and above, male (% of male population)",SP.POP.80UP.MA.5Y,0.459302845453098
Comoros,COM,1991,"Population ages 80 and above, male (% of male population)",SP.POP.80UP.MA.5Y,0.455742488812178
Comoros,COM,1990,"Population ages 80 and above, male (% of male population)",SP.POP.80UP.MA.5Y,0.452494867324317
Comoros,COM,1989,"Population ages 80 and above, male (% of male population)",SP.POP.80UP.MA.5Y,0.450065595659948
Comoros,COM,1988,"Population ages 80 and above, male (% of male population)",SP.POP.80UP.MA.5Y,0.447702202579857
Comoros,COM,1987,"Population ages 80 and above, male (% of male population)",SP.POP.80UP.MA.5Y,0.445780940344528
Comoros,COM,1986,"Population ages 80 and above, male (% of male population)",SP.POP.80UP.MA.5Y,0.444386090715361
Comoros,COM,1985,"Population ages 80 and above, male (% of male population)",SP.POP.80UP.MA.5Y,0.443019588313413
Comoros,COM,1984,"Population ages 80 and above, male (% of male population)",SP.POP.80UP.MA.5Y,0.439441544148019
Comoros,COM,1983,"Population ages 80 and above, male (% of male population)",SP.POP.80UP.MA.5Y,0.431213860171719
Comoros,COM,1982,"Population ages 80 and above, male (% of male population)",SP.POP.80UP.MA.5Y,0.41907965607342
Comoros,COM,1981,"Population ages 80 and above, male (% of male population)",SP.POP.80UP.MA.5Y,0.404986943359601
Comoros,COM,1980,"Population ages 80 and above, male (% of male population)",SP.POP.80UP.MA.5Y,0.389803940196416
Comoros,COM,1979,"Population ages 80 and above, male (% of male population)",SP.POP.80UP.MA.5Y,0.374575353859043
Comoros,COM,1978,"Population ages 80 and above, male (% of male population)",SP.POP.80UP.MA.5Y,0.361599747574347
Comoros,COM,1977,"Population ages 80 and above, male (% of male population)",SP.POP.80UP.MA.5Y,0.352129896806377
Comoros,COM,1976,"Population ages 80 and above, male (% of male population)",SP.POP.80UP.MA.5Y,0.345725483847031
Comoros,COM,1975,"Population ages 80 and above, male (% of male population)",SP.POP.80UP.MA.5Y,0.341156299868356
Comoros,COM,1974,"Population ages 80 and above, male (% of male population)",SP.POP.80UP.MA.5Y,0.338197101994459
Comoros,COM,1973,"Population ages 80 and above, male (% of male population)",SP.POP.80UP.MA.5Y,0.336788632353437
Comoros,COM,1972,"Population ages 80 and above, male (% of male population)",SP.POP.80UP.MA.5Y,0.334942141071117
Comoros,COM,1971,"Population ages 80 and above, male (% of male population)",SP.POP.80UP.MA.5Y,0.332193962805496
Comoros,COM,1970,"Population ages 80 and above, male (% of male population)",SP.POP.80UP.MA.5Y,0.328879328176064
Comoros,COM,1969,"Population ages 80 and above, male (% of male population)",SP.POP.80UP.MA.5Y,0.325856546347123
Comoros,COM,1968,"Population ages 80 and above, male (% of male population)",SP.POP.80UP.MA.5Y,0.32549109182275
Comoros,COM,1967,"Population ages 80 and above, male (% of male population)",SP.POP.80UP.MA.5Y,0.324961470145577
Comoros,COM,1966,"Population ages 80 and above, male (% of male population)",SP.POP.80UP.MA.5Y,0.323497287991262
Comoros,COM,1965,"Population ages 80 and above, male (% of male population)",SP.POP.80UP.MA.5Y,0.321602456044525
Comoros,COM,1964,"Population ages 80 and above, male (% of male population)",SP.POP.80UP.MA.5Y,0.31910363931242
Comoros,COM,1963,"Population ages 80 and above, male (% of male population)",SP.POP.80UP.MA.5Y,0.319134445114713
Comoros,COM,1962,"Population ages 80 and above, male (% of male population)",SP.POP.80UP.MA.5Y,0.321662748979339
Comoros,COM,1961,"Population ages 80 and above, male (% of male population)",SP.POP.80UP.MA.5Y,0.324804487841234
Comoros,COM,1960,"Population ages 80 and above, male (% of male population)",SP.POP.80UP.MA.5Y,0.326512619687122
Comoros,COM,2023,Sex ratio at birth (male births per female births),SP.POP.BRTH.MF,1.032
Comoros,COM,2022,Sex ratio at birth (male births per female births),SP.POP.BRTH.MF,1.032
Comoros,COM,2021,Sex ratio at birth (male births per female births),SP.POP.BRTH.MF,1.032
Comoros,COM,2020,Sex ratio at birth (male births per female births),SP.POP.BRTH.MF,1.032
Comoros,COM,2019,Sex ratio at birth (male births per female births),SP.POP.BRTH.MF,1.032
Comoros,COM,2018,Sex ratio at birth (male births per female births),SP.POP.BRTH.MF,1.032
Comoros,COM,2017,Sex ratio at birth (male births per female births),SP.POP.BRTH.MF,1.032
Comoros,COM,2016,Sex ratio at birth (male births per female births),SP.POP.BRTH.MF,1.032
Comoros,COM,2015,Sex ratio at birth (male births per female births),SP.POP.BRTH.MF,1.032
Comoros,COM,2014,Sex ratio at birth (male births per female births),SP.POP.BRTH.MF,1.032
Comoros,COM,2013,Sex ratio at birth (male births per female births),SP.POP.BRTH.MF,1.032
Comoros,COM,2012,Sex ratio at birth (male births per female births),SP.POP.BRTH.MF,1.032
Comoros,COM,2011,Sex ratio at birth (male births per female births),SP.POP.BRTH.MF,1.032
Comoros,COM,2010,Sex ratio at birth (male births per female births),SP.POP.BRTH.MF,1.032
Comoros,COM,2009,Sex ratio at birth (male births per female births),SP.POP.BRTH.MF,1.032
Comoros,COM,2008,Sex ratio at birth (male births per female births),SP.POP.BRTH.MF,1.032
Comoros,COM,2007,Sex ratio at birth (male births per female births),SP.POP.BRTH.MF,1.032
Comoros,COM,2006,Sex ratio at birth (male births per female births),SP.POP.BRTH.MF,1.032
Comoros,COM,2005,Sex ratio at birth (male births per female births),SP.POP.BRTH.MF,1.033
Comoros,COM,2004,Sex ratio at birth (male births per female births),SP.POP.BRTH.MF,1.034
Comoros,COM,2003,Sex ratio at birth (male births per female births),SP.POP.BRTH.MF,1.034
Comoros,COM,2002,Sex ratio at birth (male births per female births),SP.POP.BRTH.MF,1.035
Comoros,COM,2001,Sex ratio at birth (male births per female births),SP.POP.BRTH.MF,1.035
Comoros,COM,2000,Sex ratio at birth (male births per female births),SP.POP.BRTH.MF,1.035
Comoros,COM,1999,Sex ratio at birth (male births per female births),SP.POP.BRTH.MF,1.036
Comoros,COM,1998,Sex ratio at birth (male births per female births),SP.POP.BRTH.MF,1.036
Comoros,COM,1997,Sex ratio at birth (male births per female births),SP.POP.BRTH.MF,1.036
Comoros,COM,1996,Sex ratio at birth (male births per female births),SP.POP.BRTH.MF,1.035
Comoros,COM,1995,Sex ratio at birth (male births per female births),SP.POP.BRTH.MF,1.035
Comoros,COM,1994,Sex ratio at birth (male births per female births),SP.POP.BRTH.MF,1.034
Comoros,COM,1993,Sex ratio at birth (male births per female births),SP.POP.BRTH.MF,1.034
Comoros,COM,1992,Sex ratio at birth (male births per female births),SP.POP.BRTH.MF,1.033
Comoros,COM,1991,Sex ratio at birth (male births per female births),SP.POP.BRTH.MF,1.033
Comoros,COM,1990,Sex ratio at birth (male births per female births),SP.POP.BRTH.MF,1.032
Comoros,COM,1989,Sex ratio at birth (male births per female births),SP.POP.BRTH.MF,1.032
Comoros,COM,1988,Sex ratio at birth (male births per female births),SP.POP.BRTH.MF,1.032
Comoros,COM,1987,Sex ratio at birth (male births per female births),SP.POP.BRTH.MF,1.031
Comoros,COM,1986,Sex ratio at birth (male births per female births),SP.POP.BRTH.MF,1.031
Comoros,COM,1985,Sex ratio at birth (male births per female births),SP.POP.BRTH.MF,1.031
Comoros,COM,1984,Sex ratio at birth (male births per female births),SP.POP.BRTH.MF,1.031
Comoros,COM,1983,Sex ratio at birth (male births per female births),SP.POP.BRTH.MF,1.031
Comoros,COM,1982,Sex ratio at birth (male births per female births),SP.POP.BRTH.MF,1.031
Comoros,COM,1981,Sex ratio at birth (male births per female births),SP.POP.BRTH.MF,1.03
Comoros,COM,1980,Sex ratio at birth (male births per female births),SP.POP.BRTH.MF,1.03
Comoros,COM,1979,Sex ratio at birth (male births per female births),SP.POP.BRTH.MF,1.03
Comoros,COM,1978,Sex ratio at birth (male births per female births),SP.POP.BRTH.MF,1.029
Comoros,COM,1977,Sex ratio at birth (male births per female births),SP.POP.BRTH.MF,1.029
Comoros,COM,1976,Sex ratio at birth (male births per female births),SP.POP.BRTH.MF,1.028
Comoros,COM,1975,Sex ratio at birth (male births per female births),SP.POP.BRTH.MF,1.029
Comoros,COM,1974,Sex ratio at birth (male births per female births),SP.POP.BRTH.MF,1.029
Comoros,COM,1973,Sex ratio at birth (male births per female births),SP.POP.BRTH.MF,1.03
Comoros,COM,1972,Sex ratio at birth (male births per female births),SP.POP.BRTH.MF,1.03
Comoros,COM,1971,Sex ratio at birth (male births per female births),SP.POP.BRTH.MF,1.03
Comoros,COM,1970,Sex ratio at birth (male births per female births),SP.POP.BRTH.MF,1.031
Comoros,COM,1969,Sex ratio at birth (male births per female births),SP.POP.BRTH.MF,1.031
Comoros,COM,1968,Sex ratio at birth (male births per female births),SP.POP.BRTH.MF,1.031
Comoros,COM,1967,Sex ratio at birth (male births per female births),SP.POP.BRTH.MF,1.031
Comoros,COM,1966,Sex ratio at birth (male births per female births),SP.POP.BRTH.MF,1.031
Comoros,COM,1965,Sex ratio at birth (male births per female births),SP.POP.BRTH.MF,1.031
Comoros,COM,1964,Sex ratio at birth (male births per female births),SP.POP.BRTH.MF,1.032
Comoros,COM,1963,Sex ratio at birth (male births per female births),SP.POP.BRTH.MF,1.032
Comoros,COM,1962,Sex ratio at birth (male births per female births),SP.POP.BRTH.MF,1.032
Comoros,COM,1961,Sex ratio at birth (male births per female births),SP.POP.BRTH.MF,1.032
Comoros,COM,1960,Sex ratio at birth (male births per female births),SP.POP.BRTH.MF,1.032
Comoros,COM,2024,Age dependency ratio (% of working-age population),SP.POP.DPND,71.2139890865842
Comoros,COM,2023,Age dependency ratio (% of working-age population),SP.POP.DPND,72.0409311057792
Comoros,COM,2022,Age dependency ratio (% of working-age population),SP.POP.DPND,72.9324305834843
Comoros,COM,2021,Age dependency ratio (% of working-age population),SP.POP.DPND,73.791155104295
Comoros,COM,2020,Age dependency ratio (% of working-age population),SP.POP.DPND,74.6281198637219
Comoros,COM,2019,Age dependency ratio (% of working-age population),SP.POP.DPND,75.5037562781275
Comoros,COM,2018,Age dependency ratio (% of working-age population),SP.POP.DPND,76.4719336003165
Comoros,COM,2017,Age dependency ratio (% of working-age population),SP.POP.DPND,77.5872306569377
Comoros,COM,2016,Age dependency ratio (% of working-age population),SP.POP.DPND,78.4223591727164
Comoros,COM,2015,Age dependency ratio (% of working-age population),SP.POP.DPND,78.8106732808725
Comoros,COM,2014,Age dependency ratio (% of working-age population),SP.POP.DPND,79.1440901583209
Comoros,COM,2013,Age dependency ratio (% of working-age population),SP.POP.DPND,79.5815556369527
Comoros,COM,2012,Age dependency ratio (% of working-age population),SP.POP.DPND,80.6829387253083
Comoros,COM,2011,Age dependency ratio (% of working-age population),SP.POP.DPND,82.4950555634472
Comoros,COM,2010,Age dependency ratio (% of working-age population),SP.POP.DPND,84.5596234604436
Comoros,COM,2009,Age dependency ratio (% of working-age population),SP.POP.DPND,86.8302876318033
Comoros,COM,2008,Age dependency ratio (% of working-age population),SP.POP.DPND,89.2220124122005
Comoros,COM,2007,Age dependency ratio (% of working-age population),SP.POP.DPND,91.6285383255834
Comoros,COM,2006,Age dependency ratio (% of working-age population),SP.POP.DPND,94.0210782976949
Comoros,COM,2005,Age dependency ratio (% of working-age population),SP.POP.DPND,96.4607842162313
Comoros,COM,2004,Age dependency ratio (% of working-age population),SP.POP.DPND,99.0430097207179
Comoros,COM,2003,Age dependency ratio (% of working-age population),SP.POP.DPND,101.122449339767
Comoros,COM,2002,Age dependency ratio (% of working-age population),SP.POP.DPND,102.356565908902
Comoros,COM,2001,Age dependency ratio (% of working-age population),SP.POP.DPND,103.485384292158
Comoros,COM,2000,Age dependency ratio (% of working-age population),SP.POP.DPND,104.881637582456
Comoros,COM,1999,Age dependency ratio (% of working-age population),SP.POP.DPND,106.654458573697
Comoros,COM,1998,Age dependency ratio (% of working-age population),SP.POP.DPND,108.126923758722
Comoros,COM,1997,Age dependency ratio (% of working-age population),SP.POP.DPND,108.788167860462
Comoros,COM,1996,Age dependency ratio (% of working-age population),SP.POP.DPND,108.886442869878
Comoros,COM,1995,Age dependency ratio (% of working-age population),SP.POP.DPND,108.508440862957
Comoros,COM,1994,Age dependency ratio (% of working-age population),SP.POP.DPND,107.749980609967
Comoros,COM,1993,Age dependency ratio (% of working-age population),SP.POP.DPND,106.581013188193
Comoros,COM,1992,Age dependency ratio (% of working-age population),SP.POP.DPND,105.026095849349
Comoros,COM,1991,Age dependency ratio (% of working-age population),SP.POP.DPND,104.149712298564
Comoros,COM,1990,Age dependency ratio (% of working-age population),SP.POP.DPND,104.16368178395
Comoros,COM,1989,Age dependency ratio (% of working-age population),SP.POP.DPND,104.195622860699
Comoros,COM,1988,Age dependency ratio (% of working-age population),SP.POP.DPND,104.188981105763
Comoros,COM,1987,Age dependency ratio (% of working-age population),SP.POP.DPND,104.166521581249
Comoros,COM,1986,Age dependency ratio (% of working-age population),SP.POP.DPND,104.155014187479
Comoros,COM,1985,Age dependency ratio (% of working-age population),SP.POP.DPND,104.186229921922
Comoros,COM,1984,Age dependency ratio (% of working-age population),SP.POP.DPND,104.291541341181
Comoros,COM,1983,Age dependency ratio (% of working-age population),SP.POP.DPND,104.488075417486
Comoros,COM,1982,Age dependency ratio (% of working-age population),SP.POP.DPND,104.716975724399
Comoros,COM,1981,Age dependency ratio (% of working-age population),SP.POP.DPND,104.928206519815
Comoros,COM,1980,Age dependency ratio (% of working-age population),SP.POP.DPND,105.223531413501
Comoros,COM,1979,Age dependency ratio (% of working-age population),SP.POP.DPND,105.404084394954
Comoros,COM,1978,Age dependency ratio (% of working-age population),SP.POP.DPND,105.24268833946
Comoros,COM,1977,Age dependency ratio (% of working-age population),SP.POP.DPND,104.831448702068
Comoros,COM,1976,Age dependency ratio (% of working-age population),SP.POP.DPND,104.203670404788
Comoros,COM,1975,Age dependency ratio (% of working-age population),SP.POP.DPND,103.389207417514
Comoros,COM,1974,Age dependency ratio (% of working-age population),SP.POP.DPND,102.46092015115
Comoros,COM,1973,Age dependency ratio (% of working-age population),SP.POP.DPND,101.527839209542
Comoros,COM,1972,Age dependency ratio (% of working-age population),SP.POP.DPND,100.624064674391
Comoros,COM,1971,Age dependency ratio (% of working-age population),SP.POP.DPND,99.7660215736041
Comoros,COM,1970,Age dependency ratio (% of working-age population),SP.POP.DPND,98.9157529448183
Comoros,COM,1969,Age dependency ratio (% of working-age population),SP.POP.DPND,97.9230692143239
Comoros,COM,1968,Age dependency ratio (% of working-age population),SP.POP.DPND,96.6863430177429
Comoros,COM,1967,Age dependency ratio (% of working-age population),SP.POP.DPND,95.1742416976904
Comoros,COM,1966,Age dependency ratio (% of working-age population),SP.POP.DPND,93.5644922853577
Comoros,COM,1965,Age dependency ratio (% of working-age population),SP.POP.DPND,92.0737318953886
Comoros,COM,1964,Age dependency ratio (% of working-age population),SP.POP.DPND,90.2058937189384
Comoros,COM,1963,Age dependency ratio (% of working-age population),SP.POP.DPND,87.867165997383
Comoros,COM,1962,Age dependency ratio (% of working-age population),SP.POP.DPND,85.7078056392205
Comoros,COM,1961,Age dependency ratio (% of working-age population),SP.POP.DPND,83.9258453465944
Comoros,COM,1960,Age dependency ratio (% of working-age population),SP.POP.DPND,82.4423465574043
Comoros,COM,2024,"Age dependency ratio, old (% of working-age population)",SP.POP.DPND.OL,7.65697419423667
Comoros,COM,2023,"Age dependency ratio, old (% of working-age population)",SP.POP.DPND.OL,7.69521782582835
Comoros,COM,2022,"Age dependency ratio, old (% of working-age population)",SP.POP.DPND.OL,7.70474607050902
Comoros,COM,2021,"Age dependency ratio, old (% of working-age population)",SP.POP.DPND.OL,7.74353201070564
Comoros,COM,2020,"Age dependency ratio, old (% of working-age population)",SP.POP.DPND.OL,7.80180905835356
Comoros,COM,2019,"Age dependency ratio, old (% of working-age population)",SP.POP.DPND.OL,7.82381304065527
Comoros,COM,2018,"Age dependency ratio, old (% of working-age population)",SP.POP.DPND.OL,7.82195224034892
Comoros,COM,2017,"Age dependency ratio, old (% of working-age population)",SP.POP.DPND.OL,7.83532785865665
Comoros,COM,2016,"Age dependency ratio, old (% of working-age population)",SP.POP.DPND.OL,7.78717508334897
Comoros,COM,2015,"Age dependency ratio, old (% of working-age population)",SP.POP.DPND.OL,7.66243928365789
Comoros,COM,2014,"Age dependency ratio, old (% of working-age population)",SP.POP.DPND.OL,7.54567336744149
Comoros,COM,2013,"Age dependency ratio, old (% of working-age population)",SP.POP.DPND.OL,7.47715864360261
Comoros,COM,2012,"Age dependency ratio, old (% of working-age population)",SP.POP.DPND.OL,7.50877397601603
Comoros,COM,2011,"Age dependency ratio, old (% of working-age population)",SP.POP.DPND.OL,7.62317383655496
Comoros,COM,2010,"Age dependency ratio, old (% of working-age population)",SP.POP.DPND.OL,7.76133705363434
Comoros,COM,2009,"Age dependency ratio, old (% of working-age population)",SP.POP.DPND.OL,7.89961554020821
Comoros,COM,2008,"Age dependency ratio, old (% of working-age population)",SP.POP.DPND.OL,8.00358414317329
Comoros,COM,2007,"Age dependency ratio, old (% of working-age population)",SP.POP.DPND.OL,8.04438107840305
Comoros,COM,2006,"Age dependency ratio, old (% of working-age population)",SP.POP.DPND.OL,8.02932353743243
Comoros,COM,2005,"Age dependency ratio, old (% of working-age population)",SP.POP.DPND.OL,7.99530623812886
Comoros,COM,2004,"Age dependency ratio, old (% of working-age population)",SP.POP.DPND.OL,7.99217132593882
Comoros,COM,2003,"Age dependency ratio, old (% of working-age population)",SP.POP.DPND.OL,8.02692466529478
Comoros,COM,2002,"Age dependency ratio, old (% of working-age population)",SP.POP.DPND.OL,8.15692578392293
Comoros,COM,2001,"Age dependency ratio, old (% of working-age population)",SP.POP.DPND.OL,8.37451612543367
Comoros,COM,2000,"Age dependency ratio, old (% of working-age population)",SP.POP.DPND.OL,8.57124293914865
Comoros,COM,1999,"Age dependency ratio, old (% of working-age population)",SP.POP.DPND.OL,8.71948631698078
Comoros,COM,1998,"Age dependency ratio, old (% of working-age population)",SP.POP.DPND.OL,8.78724638615377
Comoros,COM,1997,"Age dependency ratio, old (% of working-age population)",SP.POP.DPND.OL,8.78570077548704
Comoros,COM,1996,"Age dependency ratio, old (% of working-age population)",SP.POP.DPND.OL,8.75251635368319
Comoros,COM,1995,"Age dependency ratio, old (% of working-age population)",SP.POP.DPND.OL,8.6979990139576
Comoros,COM,1994,"Age dependency ratio, old (% of working-age population)",SP.POP.DPND.OL,8.63028809279639
Comoros,COM,1993,"Age dependency ratio, old (% of working-age population)",SP.POP.DPND.OL,8.54746702951643
Comoros,COM,1992,"Age dependency ratio, old (% of working-age population)",SP.POP.DPND.OL,8.45029445992171
Comoros,COM,1991,"Age dependency ratio, old (% of working-age population)",SP.POP.DPND.OL,8.34065284026745
Comoros,COM,1990,"Age dependency ratio, old (% of working-age population)",SP.POP.DPND.OL,8.28787127348873
Comoros,COM,1989,"Age dependency ratio, old (% of working-age population)",SP.POP.DPND.OL,8.31581031767734
Comoros,COM,1988,"Age dependency ratio, old (% of working-age population)",SP.POP.DPND.OL,8.35568812403761
Comoros,COM,1987,"Age dependency ratio, old (% of working-age population)",SP.POP.DPND.OL,8.39770980595033
Comoros,COM,1986,"Age dependency ratio, old (% of working-age population)",SP.POP.DPND.OL,8.45215879751527
Comoros,COM,1985,"Age dependency ratio, old (% of working-age population)",SP.POP.DPND.OL,8.51862562107311
Comoros,COM,1984,"Age dependency ratio, old (% of working-age population)",SP.POP.DPND.OL,8.59011533551165
Comoros,COM,1983,"Age dependency ratio, old (% of working-age population)",SP.POP.DPND.OL,8.66655158780981
Comoros,COM,1982,"Age dependency ratio, old (% of working-age population)",SP.POP.DPND.OL,8.73921641684102
Comoros,COM,1981,"Age dependency ratio, old (% of working-age population)",SP.POP.DPND.OL,8.801632903477
Comoros,COM,1980,"Age dependency ratio, old (% of working-age population)",SP.POP.DPND.OL,8.94976392020078
Comoros,COM,1979,"Age dependency ratio, old (% of working-age population)",SP.POP.DPND.OL,9.12753864760031
Comoros,COM,1978,"Age dependency ratio, old (% of working-age population)",SP.POP.DPND.OL,9.19844689799531
Comoros,COM,1977,"Age dependency ratio, old (% of working-age population)",SP.POP.DPND.OL,9.17875361276488
Comoros,COM,1976,"Age dependency ratio, old (% of working-age population)",SP.POP.DPND.OL,9.08198701494791
Comoros,COM,1975,"Age dependency ratio, old (% of working-age population)",SP.POP.DPND.OL,8.91487391215208
Comoros,COM,1974,"Age dependency ratio, old (% of working-age population)",SP.POP.DPND.OL,8.69476581214005
Comoros,COM,1973,"Age dependency ratio, old (% of working-age population)",SP.POP.DPND.OL,8.46758776829022
Comoros,COM,1972,"Age dependency ratio, old (% of working-age population)",SP.POP.DPND.OL,8.25323603375658
Comoros,COM,1971,"Age dependency ratio, old (% of working-age population)",SP.POP.DPND.OL,8.06075507614213
Comoros,COM,1970,"Age dependency ratio, old (% of working-age population)",SP.POP.DPND.OL,7.90009612408153
Comoros,COM,1969,"Age dependency ratio, old (% of working-age population)",SP.POP.DPND.OL,7.76740379476216
Comoros,COM,1968,"Age dependency ratio, old (% of working-age population)",SP.POP.DPND.OL,7.65754606572642
Comoros,COM,1967,"Age dependency ratio, old (% of working-age population)",SP.POP.DPND.OL,7.56514991673714
Comoros,COM,1966,"Age dependency ratio, old (% of working-age population)",SP.POP.DPND.OL,7.46235626333354
Comoros,COM,1965,"Age dependency ratio, old (% of working-age population)",SP.POP.DPND.OL,7.30528328523307
Comoros,COM,1964,"Age dependency ratio, old (% of working-age population)",SP.POP.DPND.OL,7.10877047928032
Comoros,COM,1963,"Age dependency ratio, old (% of working-age population)",SP.POP.DPND.OL,6.92144565266435
Comoros,COM,1962,"Age dependency ratio, old (% of working-age population)",SP.POP.DPND.OL,6.75690387197445
Comoros,COM,1961,"Age dependency ratio, old (% of working-age population)",SP.POP.DPND.OL,6.61833938186173
Comoros,COM,1960,"Age dependency ratio, old (% of working-age population)",SP.POP.DPND.OL,6.50037374380554
Comoros,COM,2024,"Age dependency ratio, young (% of working-age population)",SP.POP.DPND.YG,63.5570148923476
Comoros,COM,2023,"Age dependency ratio, young (% of working-age population)",SP.POP.DPND.YG,64.3457132799508
Comoros,COM,2022,"Age dependency ratio, young (% of working-age population)",SP.POP.DPND.YG,65.2276845129753
Comoros,COM,2021,"Age dependency ratio, young (% of working-age population)",SP.POP.DPND.YG,66.0476230935894
Comoros,COM,2020,"Age dependency ratio, young (% of working-age population)",SP.POP.DPND.YG,66.8263108053684
Comoros,COM,2019,"Age dependency ratio, young (% of working-age population)",SP.POP.DPND.YG,67.6799432374722
Comoros,COM,2018,"Age dependency ratio, young (% of working-age population)",SP.POP.DPND.YG,68.6499813599676
Comoros,COM,2017,"Age dependency ratio, young (% of working-age population)",SP.POP.DPND.YG,69.7519027982811
Comoros,COM,2016,"Age dependency ratio, young (% of working-age population)",SP.POP.DPND.YG,70.6351840893674
Comoros,COM,2015,"Age dependency ratio, young (% of working-age population)",SP.POP.DPND.YG,71.1482339972145
Comoros,COM,2014,"Age dependency ratio, young (% of working-age population)",SP.POP.DPND.YG,71.5984167908794
Comoros,COM,2013,"Age dependency ratio, young (% of working-age population)",SP.POP.DPND.YG,72.1043969933501
Comoros,COM,2012,"Age dependency ratio, young (% of working-age population)",SP.POP.DPND.YG,73.1741647492922
Comoros,COM,2011,"Age dependency ratio, young (% of working-age population)",SP.POP.DPND.YG,74.8718817268923
Comoros,COM,2010,"Age dependency ratio, young (% of working-age population)",SP.POP.DPND.YG,76.7982864068093
Comoros,COM,2009,"Age dependency ratio, young (% of working-age population)",SP.POP.DPND.YG,78.9306720915951
Comoros,COM,2008,"Age dependency ratio, young (% of working-age population)",SP.POP.DPND.YG,81.2184282690272
Comoros,COM,2007,"Age dependency ratio, young (% of working-age population)",SP.POP.DPND.YG,83.5841572471804
Comoros,COM,2006,"Age dependency ratio, young (% of working-age population)",SP.POP.DPND.YG,85.9917547602624
Comoros,COM,2005,"Age dependency ratio, young (% of working-age population)",SP.POP.DPND.YG,88.4654779781024
Comoros,COM,2004,"Age dependency ratio, young (% of working-age population)",SP.POP.DPND.YG,91.050838394779
Comoros,COM,2003,"Age dependency ratio, young (% of working-age population)",SP.POP.DPND.YG,93.095524674472
Comoros,COM,2002,"Age dependency ratio, young (% of working-age population)",SP.POP.DPND.YG,94.1996401249787
Comoros,COM,2001,"Age dependency ratio, young (% of working-age population)",SP.POP.DPND.YG,95.1108681667243
Comoros,COM,2000,"Age dependency ratio, young (% of working-age population)",SP.POP.DPND.YG,96.3103946433076
Comoros,COM,1999,"Age dependency ratio, young (% of working-age population)",SP.POP.DPND.YG,97.9349722567158
Comoros,COM,1998,"Age dependency ratio, young (% of working-age population)",SP.POP.DPND.YG,99.3396773725686
Comoros,COM,1997,"Age dependency ratio, young (% of working-age population)",SP.POP.DPND.YG,100.002467084975
Comoros,COM,1996,"Age dependency ratio, young (% of working-age population)",SP.POP.DPND.YG,100.133926516195
Comoros,COM,1995,"Age dependency ratio, young (% of working-age population)",SP.POP.DPND.YG,99.8104418489995
Comoros,COM,1994,"Age dependency ratio, young (% of working-age population)",SP.POP.DPND.YG,99.119692517171
Comoros,COM,1993,"Age dependency ratio, young (% of working-age population)",SP.POP.DPND.YG,98.033546158677
Comoros,COM,1992,"Age dependency ratio, young (% of working-age population)",SP.POP.DPND.YG,96.5758013894277
Comoros,COM,1991,"Age dependency ratio, young (% of working-age population)",SP.POP.DPND.YG,95.8090594582967
Comoros,COM,1990,"Age dependency ratio, young (% of working-age population)",SP.POP.DPND.YG,95.8758105104609
Comoros,COM,1989,"Age dependency ratio, young (% of working-age population)",SP.POP.DPND.YG,95.8798125430218
Comoros,COM,1988,"Age dependency ratio, young (% of working-age population)",SP.POP.DPND.YG,95.8332929817256
Comoros,COM,1987,"Age dependency ratio, young (% of working-age population)",SP.POP.DPND.YG,95.7688117752983
Comoros,COM,1986,"Age dependency ratio, young (% of working-age population)",SP.POP.DPND.YG,95.702855389964
Comoros,COM,1985,"Age dependency ratio, young (% of working-age population)",SP.POP.DPND.YG,95.6676043008491
Comoros,COM,1984,"Age dependency ratio, young (% of working-age population)",SP.POP.DPND.YG,95.7014260056694
Comoros,COM,1983,"Age dependency ratio, young (% of working-age population)",SP.POP.DPND.YG,95.8215238296759
Comoros,COM,1982,"Age dependency ratio, young (% of working-age population)",SP.POP.DPND.YG,95.9777593075578
Comoros,COM,1981,"Age dependency ratio, young (% of working-age population)",SP.POP.DPND.YG,96.1265736163385
Comoros,COM,1980,"Age dependency ratio, young (% of working-age population)",SP.POP.DPND.YG,96.2737674933004
Comoros,COM,1979,"Age dependency ratio, young (% of working-age population)",SP.POP.DPND.YG,96.276545747354
Comoros,COM,1978,"Age dependency ratio, young (% of working-age population)",SP.POP.DPND.YG,96.0442414414647
Comoros,COM,1977,"Age dependency ratio, young (% of working-age population)",SP.POP.DPND.YG,95.6526950893035
Comoros,COM,1976,"Age dependency ratio, young (% of working-age population)",SP.POP.DPND.YG,95.1216833898398
Comoros,COM,1975,"Age dependency ratio, young (% of working-age population)",SP.POP.DPND.YG,94.4743335053624
Comoros,COM,1974,"Age dependency ratio, young (% of working-age population)",SP.POP.DPND.YG,93.76615433901
Comoros,COM,1973,"Age dependency ratio, young (% of working-age population)",SP.POP.DPND.YG,93.0602514412517
Comoros,COM,1972,"Age dependency ratio, young (% of working-age population)",SP.POP.DPND.YG,92.3708286406344
Comoros,COM,1971,"Age dependency ratio, young (% of working-age population)",SP.POP.DPND.YG,91.7052664974619
Comoros,COM,1970,"Age dependency ratio, young (% of working-age population)",SP.POP.DPND.YG,91.0156568207367
Comoros,COM,1969,"Age dependency ratio, young (% of working-age population)",SP.POP.DPND.YG,90.1556654195617
Comoros,COM,1968,"Age dependency ratio, young (% of working-age population)",SP.POP.DPND.YG,89.0287969520165
Comoros,COM,1967,"Age dependency ratio, young (% of working-age population)",SP.POP.DPND.YG,87.6090917809533
Comoros,COM,1966,"Age dependency ratio, young (% of working-age population)",SP.POP.DPND.YG,86.1021360220241
Comoros,COM,1965,"Age dependency ratio, young (% of working-age population)",SP.POP.DPND.YG,84.7684486101556
Comoros,COM,1964,"Age dependency ratio, young (% of working-age population)",SP.POP.DPND.YG,83.0971232396581
Comoros,COM,1963,"Age dependency ratio, young (% of working-age population)",SP.POP.DPND.YG,80.9457203447187
Comoros,COM,1962,"Age dependency ratio, young (% of working-age population)",SP.POP.DPND.YG,78.9509017672461
Comoros,COM,1961,"Age dependency ratio, young (% of working-age population)",SP.POP.DPND.YG,77.3075059647327
Comoros,COM,1960,"Age dependency ratio, young (% of working-age population)",SP.POP.DPND.YG,75.9419728135987
Comoros,COM,2024,Population growth (annual %),SP.POP.GROW,1.89182789744612
Comoros,COM,2023,Population growth (annual %),SP.POP.GROW,1.92327433672711
Comoros,COM,2022,Population growth (annual %),SP.POP.GROW,1.93837687010445
Comoros,COM,2021,Population growth (annual %),SP.POP.GROW,1.97631988078353
Comoros,COM,2020,Population growth (annual %),SP.POP.GROW,1.96199379762606
Comoros,COM,2019,Population growth (annual %),SP.POP.GROW,1.92385702700328
Comoros,COM,2018,Population growth (annual %),SP.POP.GROW,1.95274153616222
Comoros,COM,2017,Population growth (annual %),SP.POP.GROW,1.99257798738542
Comoros,COM,2016,Population growth (annual %),SP.POP.GROW,2.05111578193354
Comoros,COM,2015,Population growth (annual %),SP.POP.GROW,2.11093338446849
Comoros,COM,2014,Population growth (annual %),SP.POP.GROW,2.17541496047092
Comoros,COM,2013,Population growth (annual %),SP.POP.GROW,2.11384957294193
Comoros,COM,2012,Population growth (annual %),SP.POP.GROW,2.01149862727803
Comoros,COM,2011,Population growth (annual %),SP.POP.GROW,1.99871797531046
Comoros,COM,2010,Population growth (annual %),SP.POP.GROW,1.98790768401212
Comoros,COM,2009,Population growth (annual %),SP.POP.GROW,1.98865318234701
Comoros,COM,2008,Population growth (annual %),SP.POP.GROW,1.98685114604965
Comoros,COM,2007,Population growth (annual %),SP.POP.GROW,1.99305922756432
Comoros,COM,2006,Population growth (annual %),SP.POP.GROW,2.0170547631074
Comoros,COM,2005,Population growth (annual %),SP.POP.GROW,2.04084019817184
Comoros,COM,2004,Population growth (annual %),SP.POP.GROW,1.89592485384757
Comoros,COM,2003,Population growth (annual %),SP.POP.GROW,1.92701943618421
Comoros,COM,2002,Population growth (annual %),SP.POP.GROW,2.11608023442771
Comoros,COM,2001,Population growth (annual %),SP.POP.GROW,2.05675116831034
Comoros,COM,2000,Population growth (annual %),SP.POP.GROW,1.91989444545768
Comoros,COM,1999,Population growth (annual %),SP.POP.GROW,1.78213857663893
Comoros,COM,1998,Population growth (annual %),SP.POP.GROW,1.72206986217565
Comoros,COM,1997,Population growth (annual %),SP.POP.GROW,1.72218731995402
Comoros,COM,1996,Population growth (annual %),SP.POP.GROW,1.72199066913724
Comoros,COM,1995,Population growth (annual %),SP.POP.GROW,1.73619184593212
Comoros,COM,1994,Population growth (annual %),SP.POP.GROW,1.77024659975985
Comoros,COM,1993,Population growth (annual %),SP.POP.GROW,1.82558236566461
Comoros,COM,1992,Population growth (annual %),SP.POP.GROW,2.07617358522542
Comoros,COM,1991,Population growth (annual %),SP.POP.GROW,2.43526463269378
Comoros,COM,1990,Population growth (annual %),SP.POP.GROW,2.61904296351893
Comoros,COM,1989,Population growth (annual %),SP.POP.GROW,2.671224232856
Comoros,COM,1988,Population growth (annual %),SP.POP.GROW,2.70360140934392
Comoros,COM,1987,Population growth (annual %),SP.POP.GROW,2.74692266401265
Comoros,COM,1986,Population growth (annual %),SP.POP.GROW,2.78459470952494
Comoros,COM,1985,Population growth (annual %),SP.POP.GROW,2.79787280869172
Comoros,COM,1984,Population growth (annual %),SP.POP.GROW,2.79368927696612
Comoros,COM,1983,Population growth (annual %),SP.POP.GROW,2.78714622467208
Comoros,COM,1982,Population growth (annual %),SP.POP.GROW,2.77000227495207
Comoros,COM,1981,Population growth (annual %),SP.POP.GROW,2.8204928163414
Comoros,COM,1980,Population growth (annual %),SP.POP.GROW,2.98439006626216
Comoros,COM,1979,Population growth (annual %),SP.POP.GROW,3.13064410875227
Comoros,COM,1978,Population growth (annual %),SP.POP.GROW,3.23378042597702
Comoros,COM,1977,Population growth (annual %),SP.POP.GROW,3.31900168986091
Comoros,COM,1976,Population growth (annual %),SP.POP.GROW,3.36514844934476
Comoros,COM,1975,Population growth (annual %),SP.POP.GROW,3.39996019496593
Comoros,COM,1974,Population growth (annual %),SP.POP.GROW,3.38488508350908
Comoros,COM,1973,Population growth (annual %),SP.POP.GROW,3.30642696262146
Comoros,COM,1972,Population growth (annual %),SP.POP.GROW,3.20845113372453
Comoros,COM,1971,Population growth (annual %),SP.POP.GROW,3.09670949509594
Comoros,COM,1970,Population growth (annual %),SP.POP.GROW,2.98617741930706
Comoros,COM,1969,Population growth (annual %),SP.POP.GROW,2.89247443715498
Comoros,COM,1968,Population growth (annual %),SP.POP.GROW,2.81232267904562
Comoros,COM,1967,Population growth (annual %),SP.POP.GROW,2.34846575307993
Comoros,COM,1966,Population growth (annual %),SP.POP.GROW,1.70472038676829
Comoros,COM,1965,Population growth (annual %),SP.POP.GROW,1.55789100987962
Comoros,COM,1964,Population growth (annual %),SP.POP.GROW,1.64785104003151
Comoros,COM,1963,Population growth (annual %),SP.POP.GROW,1.68718444606979
Comoros,COM,1962,Population growth (annual %),SP.POP.GROW,1.72508546230556
Comoros,COM,1961,Population growth (annual %),SP.POP.GROW,1.75536782155881
Comoros,COM,2024,"Population, total",SP.POP.TOTL,866628
Comoros,COM,2023,"Population, total",SP.POP.TOTL,850387
Comoros,COM,2022,"Population, total",SP.POP.TOTL,834188
Comoros,COM,2021,"Population, total",SP.POP.TOTL,818174
Comoros,COM,2020,"Population, total",SP.POP.TOTL,802163
Comoros,COM,2019,"Population, total",SP.POP.TOTL,786578
Comoros,COM,2018,"Population, total",SP.POP.TOTL,771590
Comoros,COM,2017,"Population, total",SP.POP.TOTL,756669
Comoros,COM,2016,"Population, total",SP.POP.TOTL,741741
Comoros,COM,2015,"Population, total",SP.POP.TOTL,726682
Comoros,COM,2014,"Population, total",SP.POP.TOTL,711503
Comoros,COM,2013,"Population, total",SP.POP.TOTL,696192
Comoros,COM,2012,"Population, total",SP.POP.TOTL,681630
Comoros,COM,2011,"Population, total",SP.POP.TOTL,668056
Comoros,COM,2010,"Population, total",SP.POP.TOTL,654836
Comoros,COM,2009,"Population, total",SP.POP.TOTL,641947
Comoros,COM,2008,"Population, total",SP.POP.TOTL,629307
Comoros,COM,2007,"Population, total",SP.POP.TOTL,616927
Comoros,COM,2006,"Population, total",SP.POP.TOTL,604753
Comoros,COM,2005,"Population, total",SP.POP.TOTL,592677
Comoros,COM,2004,"Population, total",SP.POP.TOTL,580704
Comoros,COM,2003,"Population, total",SP.POP.TOTL,569798
Comoros,COM,2002,"Population, total",SP.POP.TOTL,558923
Comoros,COM,2001,"Population, total",SP.POP.TOTL,547220
Comoros,COM,2000,"Population, total",SP.POP.TOTL,536080
Comoros,COM,1999,"Population, total",SP.POP.TOTL,525886
Comoros,COM,1998,"Population, total",SP.POP.TOTL,516597
Comoros,COM,1997,"Population, total",SP.POP.TOTL,507777
Comoros,COM,1996,"Population, total",SP.POP.TOTL,499107
Comoros,COM,1995,"Population, total",SP.POP.TOTL,490586
Comoros,COM,1994,"Population, total",SP.POP.TOTL,482142
Comoros,COM,1993,"Population, total",SP.POP.TOTL,473682
Comoros,COM,1992,"Population, total",SP.POP.TOTL,465113
Comoros,COM,1991,"Population, total",SP.POP.TOTL,455556
Comoros,COM,1990,"Population, total",SP.POP.TOTL,444596
Comoros,COM,1989,"Population, total",SP.POP.TOTL,433103
Comoros,COM,1988,"Population, total",SP.POP.TOTL,421687
Comoros,COM,1987,"Population, total",SP.POP.TOTL,410439
Comoros,COM,1986,"Population, total",SP.POP.TOTL,399318
Comoros,COM,1985,"Population, total",SP.POP.TOTL,388352
Comoros,COM,1984,"Population, total",SP.POP.TOTL,377637
Comoros,COM,1983,"Population, total",SP.POP.TOTL,367233
Comoros,COM,1982,"Population, total",SP.POP.TOTL,357139
Comoros,COM,1981,"Population, total",SP.POP.TOTL,347382
Comoros,COM,1980,"Population, total",SP.POP.TOTL,337721
Comoros,COM,1979,"Population, total",SP.POP.TOTL,327791
Comoros,COM,1978,"Population, total",SP.POP.TOTL,317688
Comoros,COM,1977,"Population, total",SP.POP.TOTL,307579
Comoros,COM,1976,"Population, total",SP.POP.TOTL,297538
Comoros,COM,1975,"Population, total",SP.POP.TOTL,287692
Comoros,COM,1974,"Population, total",SP.POP.TOTL,278075
Comoros,COM,1973,"Population, total",SP.POP.TOTL,268820
Comoros,COM,1972,"Population, total",SP.POP.TOTL,260077
Comoros,COM,1971,"Population, total",SP.POP.TOTL,251865
Comoros,COM,1970,"Population, total",SP.POP.TOTL,244185
Comoros,COM,1969,"Population, total",SP.POP.TOTL,237001
Comoros,COM,1968,"Population, total",SP.POP.TOTL,230244
Comoros,COM,1967,"Population, total",SP.POP.TOTL,223859
Comoros,COM,1966,"Population, total",SP.POP.TOTL,218663
Comoros,COM,1965,"Population, total",SP.POP.TOTL,214967
Comoros,COM,1964,"Population, total",SP.POP.TOTL,211644
Comoros,COM,1963,"Population, total",SP.POP.TOTL,208185
Comoros,COM,1962,"Population, total",SP.POP.TOTL,204702
Comoros,COM,1961,"Population, total",SP.POP.TOTL,201201
Comoros,COM,1960,"Population, total",SP.POP.TOTL,197700
Comoros,COM,2024,"Population, female",SP.POP.TOTL.FE.IN,430813
Comoros,COM,2023,"Population, female",SP.POP.TOTL.FE.IN,422690
Comoros,COM,2022,"Population, female",SP.POP.TOTL.FE.IN,414630
Comoros,COM,2021,"Population, female",SP.POP.TOTL.FE.IN,406650
Comoros,COM,2020,"Population, female",SP.POP.TOTL.FE.IN,398640
Comoros,COM,2019,"Population, female",SP.POP.TOTL.FE.IN,390897
Comoros,COM,2018,"Population, female",SP.POP.TOTL.FE.IN,383521
Comoros,COM,2017,"Population, female",SP.POP.TOTL.FE.IN,376185
Comoros,COM,2016,"Population, female",SP.POP.TOTL.FE.IN,369124
Comoros,COM,2015,"Population, female",SP.POP.TOTL.FE.IN,362285
Comoros,COM,2014,"Population, female",SP.POP.TOTL.FE.IN,355408
Comoros,COM,2013,"Population, female",SP.POP.TOTL.FE.IN,348478
Comoros,COM,2012,"Population, female",SP.POP.TOTL.FE.IN,341680
Comoros,COM,2011,"Population, female",SP.POP.TOTL.FE.IN,335134
Comoros,COM,2010,"Population, female",SP.POP.TOTL.FE.IN,328768
Comoros,COM,2009,"Population, female",SP.POP.TOTL.FE.IN,322551
Comoros,COM,2008,"Population, female",SP.POP.TOTL.FE.IN,316436
Comoros,COM,2007,"Population, female",SP.POP.TOTL.FE.IN,310434
Comoros,COM,2006,"Population, female",SP.POP.TOTL.FE.IN,304520
Comoros,COM,2005,"Population, female",SP.POP.TOTL.FE.IN,298643
Comoros,COM,2004,"Population, female",SP.POP.TOTL.FE.IN,292798
Comoros,COM,2003,"Population, female",SP.POP.TOTL.FE.IN,287300
Comoros,COM,2002,"Population, female",SP.POP.TOTL.FE.IN,282144
Comoros,COM,2001,"Population, female",SP.POP.TOTL.FE.IN,277023
Comoros,COM,2000,"Population, female",SP.POP.TOTL.FE.IN,272087
Comoros,COM,1999,"Population, female",SP.POP.TOTL.FE.IN,267533
Comoros,COM,1998,"Population, female",SP.POP.TOTL.FE.IN,263019
Comoros,COM,1997,"Population, female",SP.POP.TOTL.FE.IN,258352
Comoros,COM,1996,"Population, female",SP.POP.TOTL.FE.IN,253758
Comoros,COM,1995,"Population, female",SP.POP.TOTL.FE.IN,249254
Comoros,COM,1994,"Population, female",SP.POP.TOTL.FE.IN,244798
Comoros,COM,1993,"Population, female",SP.POP.TOTL.FE.IN,240347
Comoros,COM,1992,"Population, female",SP.POP.TOTL.FE.IN,235852
Comoros,COM,1991,"Population, female",SP.POP.TOTL.FE.IN,230758
Comoros,COM,1990,"Population, female",SP.POP.TOTL.FE.IN,224925
Comoros,COM,1989,"Population, female",SP.POP.TOTL.FE.IN,218912
Comoros,COM,1988,"Population, female",SP.POP.TOTL.FE.IN,212955
Comoros,COM,1987,"Population, female",SP.POP.TOTL.FE.IN,207088
Comoros,COM,1986,"Population, female",SP.POP.TOTL.FE.IN,201292
Comoros,COM,1985,"Population, female",SP.POP.TOTL.FE.IN,195584
Comoros,COM,1984,"Population, female",SP.POP.TOTL.FE.IN,190012
Comoros,COM,1983,"Population, female",SP.POP.TOTL.FE.IN,184609
Comoros,COM,1982,"Population, female",SP.POP.TOTL.FE.IN,179369
Comoros,COM,1981,"Population, female",SP.POP.TOTL.FE.IN,174290
Comoros,COM,1980,"Population, female",SP.POP.TOTL.FE.IN,169303
Comoros,COM,1979,"Population, female",SP.POP.TOTL.FE.IN,164273
Comoros,COM,1978,"Population, female",SP.POP.TOTL.FE.IN,159225
Comoros,COM,1977,"Population, female",SP.POP.TOTL.FE.IN,154227
Comoros,COM,1976,"Population, female",SP.POP.TOTL.FE.IN,149299
Comoros,COM,1975,"Population, female",SP.POP.TOTL.FE.IN,144502
Comoros,COM,1974,"Population, female",SP.POP.TOTL.FE.IN,139842
Comoros,COM,1973,"Population, female",SP.POP.TOTL.FE.IN,135354
Comoros,COM,1972,"Population, female",SP.POP.TOTL.FE.IN,131100
Comoros,COM,1971,"Population, female",SP.POP.TOTL.FE.IN,127089
Comoros,COM,1970,"Population, female",SP.POP.TOTL.FE.IN,123320
Comoros,COM,1969,"Population, female",SP.POP.TOTL.FE.IN,119771
Comoros,COM,1968,"Population, female",SP.POP.TOTL.FE.IN,116416
Comoros,COM,1967,"Population, female",SP.POP.TOTL.FE.IN,113230
Comoros,COM,1966,"Population, female",SP.POP.TOTL.FE.IN,110625
Comoros,COM,1965,"Population, female",SP.POP.TOTL.FE.IN,108780
Comoros,COM,1964,"Population, female",SP.POP.TOTL.FE.IN,107133
Comoros,COM,1963,"Population, female",SP.POP.TOTL.FE.IN,105407
Comoros,COM,1962,"Population, female",SP.POP.TOTL.FE.IN,103665
Comoros,COM,1961,"Population, female",SP.POP.TOTL.FE.IN,101911
Comoros,COM,1960,"Population, female",SP.POP.TOTL.FE.IN,100154
Comoros,COM,2024,"Population, female (% of total population)",SP.POP.TOTL.FE.ZS,49.7114102013782
Comoros,COM,2023,"Population, female (% of total population)",SP.POP.TOTL.FE.ZS,49.7056046247179
Comoros,COM,2022,"Population, female (% of total population)",SP.POP.TOTL.FE.ZS,49.7046229387141
Comoros,COM,2021,"Population, female (% of total population)",SP.POP.TOTL.FE.ZS,49.7021415982419
Comoros,COM,2020,"Population, female (% of total population)",SP.POP.TOTL.FE.ZS,49.6956354257177
Comoros,COM,2019,"Population, female (% of total population)",SP.POP.TOTL.FE.ZS,49.6958979274783
Comoros,COM,2018,"Population, female (% of total population)",SP.POP.TOTL.FE.ZS,49.7052838942962
Comoros,COM,2017,"Population, female (% of total population)",SP.POP.TOTL.FE.ZS,49.7158602825538
Comoros,COM,2016,"Population, female (% of total population)",SP.POP.TOTL.FE.ZS,49.7645404527996
Comoros,COM,2015,"Population, female (% of total population)",SP.POP.TOTL.FE.ZS,49.8546819654264
Comoros,COM,2014,"Population, female (% of total population)",SP.POP.TOTL.FE.ZS,49.9517921242667
Comoros,COM,2013,"Population, female (% of total population)",SP.POP.TOTL.FE.ZS,50.0548699209414
Comoros,COM,2012,"Population, female (% of total population)",SP.POP.TOTL.FE.ZS,50.1269016915335
Comoros,COM,2011,"Population, female (% of total population)",SP.POP.TOTL.FE.ZS,50.1655549834146
Comoros,COM,2010,"Population, female (% of total population)",SP.POP.TOTL.FE.ZS,50.2060824482503
Comoros,COM,2009,"Population, female (% of total population)",SP.POP.TOTL.FE.ZS,50.2458143027161
Comoros,COM,2008,"Population, female (% of total population)",SP.POP.TOTL.FE.ZS,50.2832480808254
Comoros,COM,2007,"Population, female (% of total population)",SP.POP.TOTL.FE.ZS,50.3193251702797
Comoros,COM,2006,"Population, female (% of total population)",SP.POP.TOTL.FE.ZS,50.3544422268265
Comoros,COM,2005,"Population, female (% of total population)",SP.POP.TOTL.FE.ZS,50.3889126979574
Comoros,COM,2004,"Population, female (% of total population)",SP.POP.TOTL.FE.ZS,50.4212128726511
Comoros,COM,2003,"Population, female (% of total population)",SP.POP.TOTL.FE.ZS,50.4213774004121
Comoros,COM,2002,"Population, female (% of total population)",SP.POP.TOTL.FE.ZS,50.4799408863117
Comoros,COM,2001,"Population, female (% of total population)",SP.POP.TOTL.FE.ZS,50.6236979642557
Comoros,COM,2000,"Population, female (% of total population)",SP.POP.TOTL.FE.ZS,50.7549246381137
Comoros,COM,1999,"Population, female (% of total population)",SP.POP.TOTL.FE.ZS,50.8729061566458
Comoros,COM,1998,"Population, female (% of total population)",SP.POP.TOTL.FE.ZS,50.9137683726386
Comoros,COM,1997,"Population, female (% of total population)",SP.POP.TOTL.FE.ZS,50.8790276046375
Comoros,COM,1996,"Population, female (% of total population)",SP.POP.TOTL.FE.ZS,50.8424045344986
Comoros,COM,1995,"Population, female (% of total population)",SP.POP.TOTL.FE.ZS,50.8075020332785
Comoros,COM,1994,"Population, female (% of total population)",SP.POP.TOTL.FE.ZS,50.7730087816452
Comoros,COM,1993,"Population, female (% of total population)",SP.POP.TOTL.FE.ZS,50.7401590096309
Comoros,COM,1992,"Population, female (% of total population)",SP.POP.TOTL.FE.ZS,50.7085374951893
Comoros,COM,1991,"Population, female (% of total population)",SP.POP.TOTL.FE.ZS,50.6541457032725
Comoros,COM,1990,"Population, female (% of total population)",SP.POP.TOTL.FE.ZS,50.5908735121324
Comoros,COM,1989,"Population, female (% of total population)",SP.POP.TOTL.FE.ZS,50.5450204685721
Comoros,COM,1988,"Population, female (% of total population)",SP.POP.TOTL.FE.ZS,50.5006094582225
Comoros,COM,1987,"Population, female (% of total population)",SP.POP.TOTL.FE.ZS,50.4552442628503
Comoros,COM,1986,"Population, female (% of total population)",SP.POP.TOTL.FE.ZS,50.4089472550699
Comoros,COM,1985,"Population, female (% of total population)",SP.POP.TOTL.FE.ZS,50.3625576796309
Comoros,COM,1984,"Population, female (% of total population)",SP.POP.TOTL.FE.ZS,50.3160442435461
Comoros,COM,1983,"Population, female (% of total population)",SP.POP.TOTL.FE.ZS,50.2702643825582
Comoros,COM,1982,"Population, female (% of total population)",SP.POP.TOTL.FE.ZS,50.2238624177141
Comoros,COM,1981,"Population, female (% of total population)",SP.POP.TOTL.FE.ZS,50.1725760903671
Comoros,COM,1980,"Population, female (% of total population)",SP.POP.TOTL.FE.ZS,50.1310253137945
Comoros,COM,1979,"Population, female (% of total population)",SP.POP.TOTL.FE.ZS,50.1151648458927
Comoros,COM,1978,"Population, female (% of total population)",SP.POP.TOTL.FE.ZS,50.1200859960527
Comoros,COM,1977,"Population, female (% of total population)",SP.POP.TOTL.FE.ZS,50.142077781896
Comoros,COM,1976,"Population, female (% of total population)",SP.POP.TOTL.FE.ZS,50.1781285079553
Comoros,COM,1975,"Population, female (% of total population)",SP.POP.TOTL.FE.ZS,50.2281946380343
Comoros,COM,1974,"Population, female (% of total population)",SP.POP.TOTL.FE.ZS,50.2893104378315
Comoros,COM,1973,"Population, female (% of total population)",SP.POP.TOTL.FE.ZS,50.3509796554559
Comoros,COM,1972,"Population, female (% of total population)",SP.POP.TOTL.FE.ZS,50.4079576739107
Comoros,COM,1971,"Population, female (% of total population)",SP.POP.TOTL.FE.ZS,50.4589778610679
Comoros,COM,1970,"Population, female (% of total population)",SP.POP.TOTL.FE.ZS,50.5026926305875
Comoros,COM,1969,"Population, female (% of total population)",SP.POP.TOTL.FE.ZS,50.5362823942414
Comoros,COM,1968,"Population, female (% of total population)",SP.POP.TOTL.FE.ZS,50.5620124737235
Comoros,COM,1967,"Population, female (% of total population)",SP.POP.TOTL.FE.ZS,50.581166800679
Comoros,COM,1966,"Population, female (% of total population)",SP.POP.TOTL.FE.ZS,50.5915495534224
Comoros,COM,1965,"Population, female (% of total population)",SP.POP.TOTL.FE.ZS,50.6031158270804
Comoros,COM,1964,"Population, female (% of total population)",SP.POP.TOTL.FE.ZS,50.6194364120882
Comoros,COM,1963,"Population, female (% of total population)",SP.POP.TOTL.FE.ZS,50.6314095636093
Comoros,COM,1962,"Population, female (% of total population)",SP.POP.TOTL.FE.ZS,50.6416676029917
Comoros,COM,1961,"Population, female (% of total population)",SP.POP.TOTL.FE.ZS,50.6510934393638
Comoros,COM,1960,"Population, female (% of total population)",SP.POP.TOTL.FE.ZS,50.6595852301467
Comoros,COM,2024,"Population, male",SP.POP.TOTL.MA.IN,435815
Comoros,COM,2023,"Population, male",SP.POP.TOTL.MA.IN,427697
Comoros,COM,2022,"Population, male",SP.POP.TOTL.MA.IN,419558
Comoros,COM,2021,"Population, male",SP.POP.TOTL.MA.IN,411524
Comoros,COM,2020,"Population, male",SP.POP.TOTL.MA.IN,403523
Comoros,COM,2019,"Population, male",SP.POP.TOTL.MA.IN,395681
Comoros,COM,2018,"Population, male",SP.POP.TOTL.MA.IN,388069
Comoros,COM,2017,"Population, male",SP.POP.TOTL.MA.IN,380484
Comoros,COM,2016,"Population, male",SP.POP.TOTL.MA.IN,372617
Comoros,COM,2015,"Population, male",SP.POP.TOTL.MA.IN,364397
Comoros,COM,2014,"Population, male",SP.POP.TOTL.MA.IN,356095
Comoros,COM,2013,"Population, male",SP.POP.TOTL.MA.IN,347714
Comoros,COM,2012,"Population, male",SP.POP.TOTL.MA.IN,339950
Comoros,COM,2011,"Population, male",SP.POP.TOTL.MA.IN,332922
Comoros,COM,2010,"Population, male",SP.POP.TOTL.MA.IN,326068
Comoros,COM,2009,"Population, male",SP.POP.TOTL.MA.IN,319396
Comoros,COM,2008,"Population, male",SP.POP.TOTL.MA.IN,312871
Comoros,COM,2007,"Population, male",SP.POP.TOTL.MA.IN,306493
Comoros,COM,2006,"Population, male",SP.POP.TOTL.MA.IN,300233
Comoros,COM,2005,"Population, male",SP.POP.TOTL.MA.IN,294034
Comoros,COM,2004,"Population, male",SP.POP.TOTL.MA.IN,287906
Comoros,COM,2003,"Population, male",SP.POP.TOTL.MA.IN,282498
Comoros,COM,2002,"Population, male",SP.POP.TOTL.MA.IN,276779
Comoros,COM,2001,"Population, male",SP.POP.TOTL.MA.IN,270197
Comoros,COM,2000,"Population, male",SP.POP.TOTL.MA.IN,263993
Comoros,COM,1999,"Population, male",SP.POP.TOTL.MA.IN,258353
Comoros,COM,1998,"Population, male",SP.POP.TOTL.MA.IN,253578
Comoros,COM,1997,"Population, male",SP.POP.TOTL.MA.IN,249425
Comoros,COM,1996,"Population, male",SP.POP.TOTL.MA.IN,245349
Comoros,COM,1995,"Population, male",SP.POP.TOTL.MA.IN,241332
Comoros,COM,1994,"Population, male",SP.POP.TOTL.MA.IN,237344
Comoros,COM,1993,"Population, male",SP.POP.TOTL.MA.IN,233335
Comoros,COM,1992,"Population, male",SP.POP.TOTL.MA.IN,229261
Comoros,COM,1991,"Population, male",SP.POP.TOTL.MA.IN,224798
Comoros,COM,1990,"Population, male",SP.POP.TOTL.MA.IN,219671
Comoros,COM,1989,"Population, male",SP.POP.TOTL.MA.IN,214191
Comoros,COM,1988,"Population, male",SP.POP.TOTL.MA.IN,208732
Comoros,COM,1987,"Population, male",SP.POP.TOTL.MA.IN,203351
Comoros,COM,1986,"Population, male",SP.POP.TOTL.MA.IN,198026
Comoros,COM,1985,"Population, male",SP.POP.TOTL.MA.IN,192768
Comoros,COM,1984,"Population, male",SP.POP.TOTL.MA.IN,187625
Comoros,COM,1983,"Population, male",SP.POP.TOTL.MA.IN,182624
Comoros,COM,1982,"Population, male",SP.POP.TOTL.MA.IN,177770
Comoros,COM,1981,"Population, male",SP.POP.TOTL.MA.IN,173092
Comoros,COM,1980,"Population, male",SP.POP.TOTL.MA.IN,168418
Comoros,COM,1979,"Population, male",SP.POP.TOTL.MA.IN,163518
Comoros,COM,1978,"Population, male",SP.POP.TOTL.MA.IN,158463
Comoros,COM,1977,"Population, male",SP.POP.TOTL.MA.IN,153352
Comoros,COM,1976,"Population, male",SP.POP.TOTL.MA.IN,148239
Comoros,COM,1975,"Population, male",SP.POP.TOTL.MA.IN,143190
Comoros,COM,1974,"Population, male",SP.POP.TOTL.MA.IN,138233
Comoros,COM,1973,"Population, male",SP.POP.TOTL.MA.IN,133466
Comoros,COM,1972,"Population, male",SP.POP.TOTL.MA.IN,128977
Comoros,COM,1971,"Population, male",SP.POP.TOTL.MA.IN,124776
Comoros,COM,1970,"Population, male",SP.POP.TOTL.MA.IN,120865
Comoros,COM,1969,"Population, male",SP.POP.TOTL.MA.IN,117230
Comoros,COM,1968,"Population, male",SP.POP.TOTL.MA.IN,113828
Comoros,COM,1967,"Population, male",SP.POP.TOTL.MA.IN,110629
Comoros,COM,1966,"Population, male",SP.POP.TOTL.MA.IN,108038
Comoros,COM,1965,"Population, male",SP.POP.TOTL.MA.IN,106187
Comoros,COM,1964,"Population, male",SP.POP.TOTL.MA.IN,104511
Comoros,COM,1963,"Population, male",SP.POP.TOTL.MA.IN,102778
Comoros,COM,1962,"Population, male",SP.POP.TOTL.MA.IN,101037
Comoros,COM,1961,"Population, male",SP.POP.TOTL.MA.IN,99290
Comoros,COM,1960,"Population, male",SP.POP.TOTL.MA.IN,97546
Comoros,COM,2024,"Population, male (% of total population)",SP.POP.TOTL.MA.ZS,50.2885897986218
Comoros,COM,2023,"Population, male (% of total population)",SP.POP.TOTL.MA.ZS,50.2943953752821
Comoros,COM,2022,"Population, male (% of total population)",SP.POP.TOTL.MA.ZS,50.2953770612859
Comoros,COM,2021,"Population, male (% of total population)",SP.POP.TOTL.MA.ZS,50.2978584017581
Comoros,COM,2020,"Population, male (% of total population)",SP.POP.TOTL.MA.ZS,50.3043645742823
Comoros,COM,2019,"Population, male (% of total population)",SP.POP.TOTL.MA.ZS,50.3041020725217
Comoros,COM,2018,"Population, male (% of total population)",SP.POP.TOTL.MA.ZS,50.2947161057038
Comoros,COM,2017,"Population, male (% of total population)",SP.POP.TOTL.MA.ZS,50.2841397174462
Comoros,COM,2016,"Population, male (% of total population)",SP.POP.TOTL.MA.ZS,50.2354595472004
Comoros,COM,2015,"Population, male (% of total population)",SP.POP.TOTL.MA.ZS,50.1453180345736
Comoros,COM,2014,"Population, male (% of total population)",SP.POP.TOTL.MA.ZS,50.0482078757333
Comoros,COM,2013,"Population, male (% of total population)",SP.POP.TOTL.MA.ZS,49.9451300790587
Comoros,COM,2012,"Population, male (% of total population)",SP.POP.TOTL.MA.ZS,49.8730983084665
Comoros,COM,2011,"Population, male (% of total population)",SP.POP.TOTL.MA.ZS,49.8344450165854
Comoros,COM,2010,"Population, male (% of total population)",SP.POP.TOTL.MA.ZS,49.7939175517497
Comoros,COM,2009,"Population, male (% of total population)",SP.POP.TOTL.MA.ZS,49.7541856972839
Comoros,COM,2008,"Population, male (% of total population)",SP.POP.TOTL.MA.ZS,49.7167519191746
Comoros,COM,2007,"Population, male (% of total population)",SP.POP.TOTL.MA.ZS,49.6806748297203
Comoros,COM,2006,"Population, male (% of total population)",SP.POP.TOTL.MA.ZS,49.6455577731735
Comoros,COM,2005,"Population, male (% of total population)",SP.POP.TOTL.MA.ZS,49.6110873020426
Comoros,COM,2004,"Population, male (% of total population)",SP.POP.TOTL.MA.ZS,49.5787871273489
Comoros,COM,2003,"Population, male (% of total population)",SP.POP.TOTL.MA.ZS,49.5786225995879
Comoros,COM,2002,"Population, male (% of total population)",SP.POP.TOTL.MA.ZS,49.5200591136883
Comoros,COM,2001,"Population, male (% of total population)",SP.POP.TOTL.MA.ZS,49.3763020357443
Comoros,COM,2000,"Population, male (% of total population)",SP.POP.TOTL.MA.ZS,49.2450753618863
Comoros,COM,1999,"Population, male (% of total population)",SP.POP.TOTL.MA.ZS,49.1270938433542
Comoros,COM,1998,"Population, male (% of total population)",SP.POP.TOTL.MA.ZS,49.0862316273614
Comoros,COM,1997,"Population, male (% of total population)",SP.POP.TOTL.MA.ZS,49.1209723953625
Comoros,COM,1996,"Population, male (% of total population)",SP.POP.TOTL.MA.ZS,49.1575954655014
Comoros,COM,1995,"Population, male (% of total population)",SP.POP.TOTL.MA.ZS,49.1924979667215
Comoros,COM,1994,"Population, male (% of total population)",SP.POP.TOTL.MA.ZS,49.2269912183548
Comoros,COM,1993,"Population, male (% of total population)",SP.POP.TOTL.MA.ZS,49.2598409903691
Comoros,COM,1992,"Population, male (% of total population)",SP.POP.TOTL.MA.ZS,49.2914625048107
Comoros,COM,1991,"Population, male (% of total population)",SP.POP.TOTL.MA.ZS,49.3458542967275
Comoros,COM,1990,"Population, male (% of total population)",SP.POP.TOTL.MA.ZS,49.4091264878676
Comoros,COM,1989,"Population, male (% of total population)",SP.POP.TOTL.MA.ZS,49.4549795314279
Comoros,COM,1988,"Population, male (% of total population)",SP.POP.TOTL.MA.ZS,49.4993905417775
Comoros,COM,1987,"Population, male (% of total population)",SP.POP.TOTL.MA.ZS,49.5447557371497
Comoros,COM,1986,"Population, male (% of total population)",SP.POP.TOTL.MA.ZS,49.5910527449301
Comoros,COM,1985,"Population, male (% of total population)",SP.POP.TOTL.MA.ZS,49.6374423203692
Comoros,COM,1984,"Population, male (% of total population)",SP.POP.TOTL.MA.ZS,49.683955756454
Comoros,COM,1983,"Population, male (% of total population)",SP.POP.TOTL.MA.ZS,49.7297356174418
Comoros,COM,1982,"Population, male (% of total population)",SP.POP.TOTL.MA.ZS,49.7761375822859
Comoros,COM,1981,"Population, male (% of total population)",SP.POP.TOTL.MA.ZS,49.8274239096329
Comoros,COM,1980,"Population, male (% of total population)",SP.POP.TOTL.MA.ZS,49.8689746862055
Comoros,COM,1979,"Population, male (% of total population)",SP.POP.TOTL.MA.ZS,49.8848351541073
Comoros,COM,1978,"Population, male (% of total population)",SP.POP.TOTL.MA.ZS,49.8799140039473
Comoros,COM,1977,"Population, male (% of total population)",SP.POP.TOTL.MA.ZS,49.857922218104
Comoros,COM,1976,"Population, male (% of total population)",SP.POP.TOTL.MA.ZS,49.8218714920447
Comoros,COM,1975,"Population, male (% of total population)",SP.POP.TOTL.MA.ZS,49.7718053619657
Comoros,COM,1974,"Population, male (% of total population)",SP.POP.TOTL.MA.ZS,49.7106895621685
Comoros,COM,1973,"Population, male (% of total population)",SP.POP.TOTL.MA.ZS,49.6490203445441
Comoros,COM,1972,"Population, male (% of total population)",SP.POP.TOTL.MA.ZS,49.5920423260893
Comoros,COM,1971,"Population, male (% of total population)",SP.POP.TOTL.MA.ZS,49.5410221389321
Comoros,COM,1970,"Population, male (% of total population)",SP.POP.TOTL.MA.ZS,49.4973073694125
Comoros,COM,1969,"Population, male (% of total population)",SP.POP.TOTL.MA.ZS,49.4637176057586
Comoros,COM,1968,"Population, male (% of total population)",SP.POP.TOTL.MA.ZS,49.4379875262765
Comoros,COM,1967,"Population, male (% of total population)",SP.POP.TOTL.MA.ZS,49.418833199321
Comoros,COM,1966,"Population, male (% of total population)",SP.POP.TOTL.MA.ZS,49.4084504465776
Comoros,COM,1965,"Population, male (% of total population)",SP.POP.TOTL.MA.ZS,49.3968841729196
Comoros,COM,1964,"Population, male (% of total population)",SP.POP.TOTL.MA.ZS,49.3805635879118
Comoros,COM,1963,"Population, male (% of total population)",SP.POP.TOTL.MA.ZS,49.3685904363907
Comoros,COM,1962,"Population, male (% of total population)",SP.POP.TOTL.MA.ZS,49.3583323970083
Comoros,COM,1961,"Population, male (% of total population)",SP.POP.TOTL.MA.ZS,49.3489065606362
Comoros,COM,1960,"Population, male (% of total population)",SP.POP.TOTL.MA.ZS,49.3404147698533
Comoros,COM,2012,"Completeness of birth registration, female (%)",SP.REG.BRTH.FE.ZS,87.2
Comoros,COM,2012,"Completeness of birth registration, male (%)",SP.REG.BRTH.MA.ZS,87.4
Comoros,COM,2012,"Completeness of birth registration, rural (%)",SP.REG.BRTH.RU.ZS,86.5
Comoros,COM,2000,"Completeness of birth registration, rural (%)",SP.REG.BRTH.RU.ZS,87
Comoros,COM,2012,"Completeness of birth registration, urban (%)",SP.REG.BRTH.UR.ZS,89.5
Comoros,COM,2000,"Completeness of birth registration, urban (%)",SP.REG.BRTH.UR.ZS,90
Comoros,COM,2012,Completeness of birth registration (%),SP.REG.BRTH.ZS,87.3
Comoros,COM,2000,Completeness of birth registration (%),SP.REG.BRTH.ZS,87.6
Comoros,COM,2022,Unmet need for contraception (% of married women ages 15-49),SP.UWT.TFRT,36.8520509872985
Comoros,COM,2012,Unmet need for contraception (% of married women ages 15-49),SP.UWT.TFRT,32.3
Comoros,COM,1996,Unmet need for contraception (% of married women ages 15-49),SP.UWT.TFRT,35.6
Comoros,COM,2012,Problems in accessing health care (not wanting to go alone) (% of women): Q1 (lowest),SH.ACS.ALON.Q1.ZS,47.5
Comoros,COM,2012,Problems in accessing health care (not wanting to go alone) (% of women): Q2,SH.ACS.ALON.Q2.ZS,42.3
Comoros,COM,2012,Problems in accessing health care (not wanting to go alone) (% of women): Q3,SH.ACS.ALON.Q3.ZS,42.5
Comoros,COM,2012,Problems in accessing health care (not wanting to go alone) (% of women): Q4,SH.ACS.ALON.Q4.ZS,43.6
Comoros,COM,2012,Problems in accessing health care (not wanting to go alone) (% of women): Q5 (highest),SH.ACS.ALON.Q5.ZS,42.3
Comoros,COM,2012,Problems in accessing health care (distance to health facility) (% of women): Q1 (lowest),SH.ACS.DIST.Q1.ZS,48.1
Comoros,COM,2012,Problems in accessing health care (distance to health facility) (% of women): Q2,SH.ACS.DIST.Q2.ZS,45.2
Comoros,COM,2012,Problems in accessing health care (distance to health facility) (% of women): Q3,SH.ACS.DIST.Q3.ZS,44.6
Comoros,COM,2012,Problems in accessing health care (distance to health facility) (% of women): Q4,SH.ACS.DIST.Q4.ZS,45.1
Comoros,COM,2012,Problems in accessing health care (distance to health facility) (% of women): Q5 (highest),SH.ACS.DIST.Q5.ZS,40.8
Comoros,COM,2012,Problems in accessing health care (getting money for treatment) (% of women): Q1 (lowest),SH.ACS.MONY.Q1.ZS,68.2
Comoros,COM,2012,Problems in accessing health care (getting money for treatment) (% of women): Q2,SH.ACS.MONY.Q2.ZS,67.8
Comoros,COM,2012,Problems in accessing health care (getting money for treatment) (% of women): Q3,SH.ACS.MONY.Q3.ZS,68.8
Comoros,COM,2012,Problems in accessing health care (getting money for treatment) (% of women): Q4,SH.ACS.MONY.Q4.ZS,67.1
Comoros,COM,2012,Problems in accessing health care (getting money for treatment) (% of women): Q5 (highest),SH.ACS.MONY.Q5.ZS,63.5
Comoros,COM,2012,Problems in accessing health care (getting permission to go for treatment) (% of women): Q1 (lowest),SH.ACS.PERM.Q1.ZS,53.1
Comoros,COM,2012,Problems in accessing health care (getting permission to go for treatment) (% of women): Q2,SH.ACS.PERM.Q2.ZS,49
Comoros,COM,2012,Problems in accessing health care (getting permission to go for treatment) (% of women): Q3,SH.ACS.PERM.Q3.ZS,49.6
Comoros,COM,2012,Problems in accessing health care (getting permission to go for treatment) (% of women): Q4,SH.ACS.PERM.Q4.ZS,47.4
Comoros,COM,2012,Problems in accessing health care (getting permission to go for treatment) (% of women): Q5 (highest),SH.ACS.PERM.Q5.ZS,43
Comoros,COM,2012,Problems in accessing health care (any of the specified problems) (% of women): Q1 (lowest),SH.ACS.PROB.Q1.ZS,78.2
Comoros,COM,2012,Problems in accessing health care (any of the specified problems) (% of women): Q2,SH.ACS.PROB.Q2.ZS,78.7
Comoros,COM,2012,Problems in accessing health care (any of the specified problems) (% of women): Q3,SH.ACS.PROB.Q3.ZS,80.8
Comoros,COM,2012,Problems in accessing health care (any of the specified problems) (% of women): Q4,SH.ACS.PROB.Q4.ZS,78.6
Comoros,COM,2012,Problems in accessing health care (any of the specified problems) (% of women): Q5 (highest),SH.ACS.PROB.Q5.ZS,75
Comoros,COM,2012,"Under-5 mortality rate (per 1,000 live births): Q1 (lowest)",SH.DYN.MORT.Q1,52
Comoros,COM,1996,"Under-5 mortality rate (per 1,000 live births): Q1 (lowest)",SH.DYN.MORT.Q1,129
Comoros,COM,2012,"Under-5 mortality rate (per 1,000 live births): Q2",SH.DYN.MORT.Q2,54
Comoros,COM,1996,"Under-5 mortality rate (per 1,000 live births): Q2",SH.DYN.MORT.Q2,136
Comoros,COM,2012,"Under-5 mortality rate (per 1,000 live births): Q3",SH.DYN.MORT.Q3,50
Comoros,COM,1996,"Under-5 mortality rate (per 1,000 live births): Q3",SH.DYN.MORT.Q3,112
Comoros,COM,2012,"Under-5 mortality rate (per 1,000 live births): Q4",SH.DYN.MORT.Q4,49
Comoros,COM,1996,"Under-5 mortality rate (per 1,000 live births): Q4",SH.DYN.MORT.Q4,81
Comoros,COM,2012,"Under-5 mortality rate (per 1,000 live births): Q5 (highest)",SH.DYN.MORT.Q5,40
Comoros,COM,1996,"Under-5 mortality rate (per 1,000 live births): Q5 (highest)",SH.DYN.MORT.Q5,87
Comoros,COM,1996,Acceptability of media messages on family planning (% of women): Q1 (lowest),SH.FPL.ACPT.Q1.ZS,78.9
Comoros,COM,1996,Acceptability of media messages on family planning (% of women): Q2,SH.FPL.ACPT.Q2.ZS,80.5
Comoros,COM,1996,Acceptability of media messages on family planning (% of women): Q3,SH.FPL.ACPT.Q3.ZS,77.1
Comoros,COM,1996,Acceptability of media messages on family planning (% of women): Q4,SH.FPL.ACPT.Q4.ZS,79.8
Comoros,COM,1996,Acceptability of media messages on family planning (% of women): Q5 (highest),SH.FPL.ACPT.Q5.ZS,87.7
Comoros,COM,2012,Median age at first birth (women ages 25-49): Q1 (lowest),SH.FPL.FBRT.Q1.ZS,20.6
Comoros,COM,1996,Median age at first birth (women ages 25-49): Q1 (lowest),SH.FPL.FBRT.Q1.ZS,20.5
Comoros,COM,2012,Median age at first birth (women ages 25-49): Q2,SH.FPL.FBRT.Q2.ZS,20.9
Comoros,COM,1996,Median age at first birth (women ages 25-49): Q2,SH.FPL.FBRT.Q2.ZS,20.2
Comoros,COM,2012,Median age at first birth (women ages 25-49): Q3,SH.FPL.FBRT.Q3.ZS,22.6
Comoros,COM,1996,Median age at first birth (women ages 25-49): Q3,SH.FPL.FBRT.Q3.ZS,20.3
Comoros,COM,2012,Median age at first birth (women ages 25-49): Q4,SH.FPL.FBRT.Q4.ZS,23.9
Comoros,COM,1996,Median age at first birth (women ages 25-49): Q4,SH.FPL.FBRT.Q4.ZS,21.4
Comoros,COM,1996,Median age at first birth (women ages 25-49): Q5 (highest),SH.FPL.FBRT.Q5.ZS,22.8
Comoros,COM,2012,Median age at first marriage (women ages 25-49): Q1 (lowest),SH.FPL.FMAR.Q1.ZS,19.1
Comoros,COM,1996,Median age at first marriage (women ages 25-49): Q1 (lowest),SH.FPL.FMAR.Q1.ZS,17.9
Comoros,COM,2012,Median age at first marriage (women ages 25-49): Q2,SH.FPL.FMAR.Q2.ZS,19.5
Comoros,COM,1996,Median age at first marriage (women ages 25-49): Q2,SH.FPL.FMAR.Q2.ZS,17.6
Comoros,COM,2012,Median age at first marriage (women ages 25-49): Q3,SH.FPL.FMAR.Q3.ZS,20.3
Comoros,COM,1996,Median age at first marriage (women ages 25-49): Q3,SH.FPL.FMAR.Q3.ZS,18.1
Comoros,COM,2012,Median age at first marriage (women ages 25-49): Q4,SH.FPL.FMAR.Q4.ZS,21.3
Comoros,COM,1996,Median age at first marriage (women ages 25-49): Q4,SH.FPL.FMAR.Q4.ZS,18.8
Comoros,COM,2012,Median age at first marriage (women ages 25-49): Q5 (highest),SH.FPL.FMAR.Q5.ZS,24.2
Comoros,COM,1996,Median age at first marriage (women ages 25-49): Q5 (highest),SH.FPL.FMAR.Q5.ZS,20.5
Comoros,COM,2012,Median age at first sexual intercourse (women ages 25-49): Q1 (lowest),SH.FPL.FSEX.Q1.ZS,19.9
Comoros,COM,1996,Median age at first sexual intercourse (women ages 25-49): Q1 (lowest),SH.FPL.FSEX.Q1.ZS,17.9
Comoros,COM,2012,Median age at first sexual intercourse (women ages 25-49): Q2,SH.FPL.FSEX.Q2.ZS,19.9
Comoros,COM,1996,Median age at first sexual intercourse (women ages 25-49): Q2,SH.FPL.FSEX.Q2.ZS,17.3
Comoros,COM,2012,Median age at first sexual intercourse (women ages 25-49): Q3,SH.FPL.FSEX.Q3.ZS,20.4
Comoros,COM,1996,Median age at first sexual intercourse (women ages 25-49): Q3,SH.FPL.FSEX.Q3.ZS,18
Comoros,COM,2012,Median age at first sexual intercourse (women ages 25-49): Q4,SH.FPL.FSEX.Q4.ZS,21.1
Comoros,COM,1996,Median age at first sexual intercourse (women ages 25-49): Q4,SH.FPL.FSEX.Q4.ZS,18.7
Comoros,COM,2012,Median age at first sexual intercourse (women ages 25-49): Q5 (highest),SH.FPL.FSEX.Q5.ZS,24.8
Comoros,COM,1996,Median age at first sexual intercourse (women ages 25-49): Q5 (highest),SH.FPL.FSEX.Q5.ZS,20
Comoros,COM,2012,Heard family planning on radio and television (% of women): Q1 (lowest),SH.FPL.HEAR.Q1.ZS,19.8
Comoros,COM,1996,Heard family planning on radio and television (% of women): Q1 (lowest),SH.FPL.HEAR.Q1.ZS,19.6
Comoros,COM,2012,Heard family planning on radio and television (% of women): Q2,SH.FPL.HEAR.Q2.ZS,23.4
Comoros,COM,1996,Heard family planning on radio and television (% of women): Q2,SH.FPL.HEAR.Q2.ZS,26.4
Comoros,COM,2012,Heard family planning on radio and television (% of women): Q3,SH.FPL.HEAR.Q3.ZS,29.8
Comoros,COM,1996,Heard family planning on radio and television (% of women): Q3,SH.FPL.HEAR.Q3.ZS,19.3
Comoros,COM,2012,Heard family planning on radio and television (% of women): Q4,SH.FPL.HEAR.Q4.ZS,31.4
Comoros,COM,1996,Heard family planning on radio and television (% of women): Q4,SH.FPL.HEAR.Q4.ZS,24
Comoros,COM,2012,Heard family planning on radio and television (% of women): Q5 (highest),SH.FPL.HEAR.Q5.ZS,39.4
Comoros,COM,1996,Heard family planning on radio and television (% of women): Q5 (highest),SH.FPL.HEAR.Q5.ZS,32.3
Comoros,COM,2012,Mean ideal number of children (per woman): Q1 (lowest),SH.FPL.IDLC.Q1,5.7
Comoros,COM,1996,Mean ideal number of children (per woman): Q1 (lowest),SH.FPL.IDLC.Q1,5.7
Comoros,COM,2012,Mean ideal number of children (per woman): Q2,SH.FPL.IDLC.Q2,5.6
Comoros,COM,1996,Mean ideal number of children (per woman): Q2,SH.FPL.IDLC.Q2,5.7
Comoros,COM,2012,Mean ideal number of children (per woman): Q3,SH.FPL.IDLC.Q3,5.4
Comoros,COM,1996,Mean ideal number of children (per woman): Q3,SH.FPL.IDLC.Q3,5.5
Comoros,COM,2012,Mean ideal number of children (per woman): Q4,SH.FPL.IDLC.Q4,5.2
Comoros,COM,1996,Mean ideal number of children (per woman): Q4,SH.FPL.IDLC.Q4,5.2
Comoros,COM,2012,Mean ideal number of children (per woman): Q5 (highest),SH.FPL.IDLC.Q5,4.8
Comoros,COM,1996,Mean ideal number of children (per woman): Q5 (highest),SH.FPL.IDLC.Q5,4.6
Comoros,COM,2012,Knowledge of contraception (any method) (% of married women): Q1 (lowest),SH.FPL.KNOW.Q1.ZS,97.4
Comoros,COM,1996,Knowledge of contraception (any method) (% of married women): Q1 (lowest),SH.FPL.KNOW.Q1.ZS,96.6
Comoros,COM,2012,Knowledge of contraception (any method) (% of married women): Q2,SH.FPL.KNOW.Q2.ZS,97.4
Comoros,COM,1996,Knowledge of contraception (any method) (% of married women): Q2,SH.FPL.KNOW.Q2.ZS,96.9
Comoros,COM,2012,Knowledge of contraception (any method) (% of married women): Q3,SH.FPL.KNOW.Q3.ZS,99
Comoros,COM,1996,Knowledge of contraception (any method) (% of married women): Q3,SH.FPL.KNOW.Q3.ZS,99.7
Comoros,COM,2012,Knowledge of contraception (any method) (% of married women): Q4,SH.FPL.KNOW.Q4.ZS,99.1
Comoros,COM,1996,Knowledge of contraception (any method) (% of married women): Q4,SH.FPL.KNOW.Q4.ZS,99.7
Comoros,COM,2012,Knowledge of contraception (any method) (% of married women): Q5 (highest),SH.FPL.KNOW.Q5.ZS,99.6
Comoros,COM,1996,Knowledge of contraception (any method) (% of married women): Q5 (highest),SH.FPL.KNOW.Q5.ZS,99.1
Comoros,COM,2012,Knowledge of contraception (modern method) (% of married women): Q1 (lowest),SH.FPL.KWMD.Q1.ZS,97.2
Comoros,COM,1996,Knowledge of contraception (modern method) (% of married women): Q1 (lowest),SH.FPL.KWMD.Q1.ZS,95.9
Comoros,COM,2012,Knowledge of contraception (modern method) (% of married women): Q2,SH.FPL.KWMD.Q2.ZS,97.1
Comoros,COM,1996,Knowledge of contraception (modern method) (% of married women): Q2,SH.FPL.KWMD.Q2.ZS,96.6
Comoros,COM,2012,Knowledge of contraception (modern method) (% of married women): Q3,SH.FPL.KWMD.Q3.ZS,99
Comoros,COM,1996,Knowledge of contraception (modern method) (% of married women): Q3,SH.FPL.KWMD.Q3.ZS,99.4
Comoros,COM,2012,Knowledge of contraception (modern method) (% of married women): Q4,SH.FPL.KWMD.Q4.ZS,99.1
Comoros,COM,1996,Knowledge of contraception (modern method) (% of married women): Q4,SH.FPL.KWMD.Q4.ZS,99.7
Comoros,COM,2012,Knowledge of contraception (modern method) (% of married women): Q5 (highest),SH.FPL.KWMD.Q5.ZS,99.6
Comoros,COM,1996,Knowledge of contraception (modern method) (% of married women): Q5 (highest),SH.FPL.KWMD.Q5.ZS,99.1
Comoros,COM,2012,Desire to stop (limit) childbearing (% of married women): Q1 (lowest),SH.FPL.LIMT.Q1.ZS,25.6
Comoros,COM,1996,Desire to stop (limit) childbearing (% of married women): Q1 (lowest),SH.FPL.LIMT.Q1.ZS,42.2
Comoros,COM,2012,Desire to stop (limit) childbearing (% of married women): Q2,SH.FPL.LIMT.Q2.ZS,22.9
Comoros,COM,1996,Desire to stop (limit) childbearing (% of married women): Q2,SH.FPL.LIMT.Q2.ZS,33.1
Comoros,COM,2012,Desire to stop (limit) childbearing (% of married women): Q3,SH.FPL.LIMT.Q3.ZS,18.9
Comoros,COM,1996,Desire to stop (limit) childbearing (% of married women): Q3,SH.FPL.LIMT.Q3.ZS,29.9
Comoros,COM,2012,Desire to stop (limit) childbearing (% of married women): Q4,SH.FPL.LIMT.Q4.ZS,14.8
Comoros,COM,1996,Desire to stop (limit) childbearing (% of married women): Q4,SH.FPL.LIMT.Q4.ZS,27.8
Comoros,COM,2012,Desire to stop (limit) childbearing (% of married women): Q5 (highest),SH.FPL.LIMT.Q5.ZS,17.8
Comoros,COM,1996,Desire to stop (limit) childbearing (% of married women): Q5 (highest),SH.FPL.LIMT.Q5.ZS,29.3
Comoros,COM,2012,Median birth interval (months): Q1 (lowest),SH.FPL.MBRI.Q1,28.5
Comoros,COM,1996,Median birth interval (months): Q1 (lowest),SH.FPL.MBRI.Q1,27.2
Comoros,COM,2012,Median birth interval (months): Q2,SH.FPL.MBRI.Q2,31.4
Comoros,COM,1996,Median birth interval (months): Q2,SH.FPL.MBRI.Q2,27
Comoros,COM,2012,Median birth interval (months): Q3,SH.FPL.MBRI.Q3,32.6
Comoros,COM,1996,Median birth interval (months): Q3,SH.FPL.MBRI.Q3,29.5
Comoros,COM,2012,Median birth interval (months): Q4,SH.FPL.MBRI.Q4,34.5
Comoros,COM,1996,Median birth interval (months): Q4,SH.FPL.MBRI.Q4,31.2
Comoros,COM,2012,Median birth interval (months): Q5 (highest),SH.FPL.MBRI.Q5,29.9
Comoros,COM,1996,Median birth interval (months): Q5 (highest),SH.FPL.MBRI.Q5,31.9
Comoros,COM,2012,Fertility planning status (wanted later) (% of births): Q1 (lowest),SH.FPL.MSTM.Q1.ZS,24
Comoros,COM,1996,Fertility planning status (wanted later) (% of births): Q1 (lowest),SH.FPL.MSTM.Q1.ZS,43.6
Comoros,COM,2012,Fertility planning status (wanted later) (% of births): Q2,SH.FPL.MSTM.Q2.ZS,28.2
Comoros,COM,1996,Fertility planning status (wanted later) (% of births): Q2,SH.FPL.MSTM.Q2.ZS,46.2
Comoros,COM,2012,Fertility planning status (wanted later) (% of births): Q3,SH.FPL.MSTM.Q3.ZS,23
Comoros,COM,1996,Fertility planning status (wanted later) (% of births): Q3,SH.FPL.MSTM.Q3.ZS,38.8
Comoros,COM,2012,Fertility planning status (wanted later) (% of births): Q4,SH.FPL.MSTM.Q4.ZS,21.1
Comoros,COM,1996,Fertility planning status (wanted later) (% of births): Q4,SH.FPL.MSTM.Q4.ZS,39.8
Comoros,COM,2012,Fertility planning status (wanted later) (% of births): Q5 (highest),SH.FPL.MSTM.Q5.ZS,20.5
Comoros,COM,1996,Fertility planning status (wanted later) (% of births): Q5 (highest),SH.FPL.MSTM.Q5.ZS,35.3
Comoros,COM,2012,Family planning messages in print (% of women): Q1 (lowest),SH.FPL.READ.Q1.ZS,1.6
Comoros,COM,1996,Family planning messages in print (% of women): Q1 (lowest),SH.FPL.READ.Q1.ZS,1.8
Comoros,COM,2012,Family planning messages in print (% of women): Q2,SH.FPL.READ.Q2.ZS,3.6
Comoros,COM,1996,Family planning messages in print (% of women): Q2,SH.FPL.READ.Q2.ZS,1.9
Comoros,COM,2012,Family planning messages in print (% of women): Q3,SH.FPL.READ.Q3.ZS,4.9
Comoros,COM,1996,Family planning messages in print (% of women): Q3,SH.FPL.READ.Q3.ZS,3.1
Comoros,COM,2012,Family planning messages in print (% of women): Q4,SH.FPL.READ.Q4.ZS,7.9
Comoros,COM,1996,Family planning messages in print (% of women): Q4,SH.FPL.READ.Q4.ZS,4.1
Comoros,COM,2012,Family planning messages in print (% of women): Q5 (highest),SH.FPL.READ.Q5.ZS,11
Comoros,COM,1996,Family planning messages in print (% of women): Q5 (highest),SH.FPL.READ.Q5.ZS,10.1
Comoros,COM,2012,Fertility planning status (wanted no more) (% of births): Q1 (lowest),SH.FPL.UWTD.Q1.ZS,8.9
Comoros,COM,1996,Fertility planning status (wanted no more) (% of births): Q1 (lowest),SH.FPL.UWTD.Q1.ZS,20.8
Comoros,COM,2012,Fertility planning status (wanted no more) (% of births): Q2,SH.FPL.UWTD.Q2.ZS,6.4
Comoros,COM,1996,Fertility planning status (wanted no more) (% of births): Q2,SH.FPL.UWTD.Q2.ZS,16.5
Comoros,COM,2012,Fertility planning status (wanted no more) (% of births): Q3,SH.FPL.UWTD.Q3.ZS,6.7
Comoros,COM,1996,Fertility planning status (wanted no more) (% of births): Q3,SH.FPL.UWTD.Q3.ZS,10.8
Comoros,COM,2012,Fertility planning status (wanted no more) (% of births): Q4,SH.FPL.UWTD.Q4.ZS,5.2
Comoros,COM,1996,Fertility planning status (wanted no more) (% of births): Q4,SH.FPL.UWTD.Q4.ZS,12.3
Comoros,COM,2012,Fertility planning status (wanted no more) (% of births): Q5 (highest),SH.FPL.UWTD.Q5.ZS,4.2
Comoros,COM,1996,Fertility planning status (wanted no more) (% of births): Q5 (highest),SH.FPL.UWTD.Q5.ZS,9
Comoros,COM,2012,Fertility planning status (wanted then) (% of births): Q1 (lowest),SH.FPL.WNTD.Q1.ZS,64.7
Comoros,COM,1996,Fertility planning status (wanted then) (% of births): Q1 (lowest),SH.FPL.WNTD.Q1.ZS,34.3
Comoros,COM,2012,Fertility planning status (wanted then) (% of births): Q2,SH.FPL.WNTD.Q2.ZS,63.7
Comoros,COM,1996,Fertility planning status (wanted then) (% of births): Q2,SH.FPL.WNTD.Q2.ZS,36
Comoros,COM,2012,Fertility planning status (wanted then) (% of births): Q3,SH.FPL.WNTD.Q3.ZS,68.4
Comoros,COM,1996,Fertility planning status (wanted then) (% of births): Q3,SH.FPL.WNTD.Q3.ZS,48.1
Comoros,COM,2012,Fertility planning status (wanted then) (% of births): Q4,SH.FPL.WNTD.Q4.ZS,73.5
Comoros,COM,1996,Fertility planning status (wanted then) (% of births): Q4,SH.FPL.WNTD.Q4.ZS,44.8
Comoros,COM,2012,Fertility planning status (wanted then) (% of births): Q5 (highest),SH.FPL.WNTD.Q5.ZS,74.6
Comoros,COM,1996,Fertility planning status (wanted then) (% of births): Q5 (highest),SH.FPL.WNTD.Q5.ZS,54.7
Comoros,COM,2017,People using at least basic drinking water services (% of  population): Q1 (lowest),SH.H2O.BASW.Q1.ZS,74.44159
Comoros,COM,2016,People using at least basic drinking water services (% of  population): Q1 (lowest),SH.H2O.BASW.Q1.ZS,74.44159
Comoros,COM,2015,People using at least basic drinking water services (% of  population): Q1 (lowest),SH.H2O.BASW.Q1.ZS,74.44159
Comoros,COM,2014,People using at least basic drinking water services (% of  population): Q1 (lowest),SH.H2O.BASW.Q1.ZS,74.44159
Comoros,COM,2013,People using at least basic drinking water services (% of  population): Q1 (lowest),SH.H2O.BASW.Q1.ZS,74.49395
Comoros,COM,2012,People using at least basic drinking water services (% of  population): Q1 (lowest),SH.H2O.BASW.Q1.ZS,74.54632
Comoros,COM,2011,People using at least basic drinking water services (% of  population): Q1 (lowest),SH.H2O.BASW.Q1.ZS,74.59868
Comoros,COM,2010,People using at least basic drinking water services (% of  population): Q1 (lowest),SH.H2O.BASW.Q1.ZS,74.65105
Comoros,COM,2009,People using at least basic drinking water services (% of  population): Q1 (lowest),SH.H2O.BASW.Q1.ZS,74.70341
Comoros,COM,2008,People using at least basic drinking water services (% of  population): Q1 (lowest),SH.H2O.BASW.Q1.ZS,74.75578
Comoros,COM,2007,People using at least basic drinking water services (% of  population): Q1 (lowest),SH.H2O.BASW.Q1.ZS,74.80814
Comoros,COM,2006,People using at least basic drinking water services (% of  population): Q1 (lowest),SH.H2O.BASW.Q1.ZS,74.8605
Comoros,COM,2005,People using at least basic drinking water services (% of  population): Q1 (lowest),SH.H2O.BASW.Q1.ZS,74.91286
Comoros,COM,2004,People using at least basic drinking water services (% of  population): Q1 (lowest),SH.H2O.BASW.Q1.ZS,74.96523
Comoros,COM,2003,People using at least basic drinking water services (% of  population): Q1 (lowest),SH.H2O.BASW.Q1.ZS,75.01759
Comoros,COM,2002,People using at least basic drinking water services (% of  population): Q1 (lowest),SH.H2O.BASW.Q1.ZS,75.06995
Comoros,COM,2001,People using at least basic drinking water services (% of  population): Q1 (lowest),SH.H2O.BASW.Q1.ZS,75.12232
Comoros,COM,2000,People using at least basic drinking water services (% of  population): Q1 (lowest),SH.H2O.BASW.Q1.ZS,75.17468
Comoros,COM,2017,"People using at least basic drinking water services, rural (% of rural population): Q2",SH.H2O.BASW.RU.Q2.ZS,79.24938
Comoros,COM,2016,"People using at least basic drinking water services, rural (% of rural population): Q2",SH.H2O.BASW.RU.Q2.ZS,79.24938
Comoros,COM,2015,"People using at least basic drinking water services, rural (% of rural population): Q2",SH.H2O.BASW.RU.Q2.ZS,79.24938
Comoros,COM,2014,"People using at least basic drinking water services, rural (% of rural population): Q2",SH.H2O.BASW.RU.Q2.ZS,79.24938
Comoros,COM,2013,"People using at least basic drinking water services, rural (% of rural population): Q2",SH.H2O.BASW.RU.Q2.ZS,79.45006
Comoros,COM,2012,"People using at least basic drinking water services, rural (% of rural population): Q2",SH.H2O.BASW.RU.Q2.ZS,79.65073
Comoros,COM,2011,"People using at least basic drinking water services, rural (% of rural population): Q2",SH.H2O.BASW.RU.Q2.ZS,79.8514
Comoros,COM,2010,"People using at least basic drinking water services, rural (% of rural population): Q2",SH.H2O.BASW.RU.Q2.ZS,80.05207
Comoros,COM,2009,"People using at least basic drinking water services, rural (% of rural population): Q2",SH.H2O.BASW.RU.Q2.ZS,80.25274
Comoros,COM,2008,"People using at least basic drinking water services, rural (% of rural population): Q2",SH.H2O.BASW.RU.Q2.ZS,80.45341
Comoros,COM,2007,"People using at least basic drinking water services, rural (% of rural population): Q2",SH.H2O.BASW.RU.Q2.ZS,80.65408
Comoros,COM,2006,"People using at least basic drinking water services, rural (% of rural population): Q2",SH.H2O.BASW.RU.Q2.ZS,80.85476
Comoros,COM,2005,"People using at least basic drinking water services, rural (% of rural population): Q2",SH.H2O.BASW.RU.Q2.ZS,81.05543
Comoros,COM,2004,"People using at least basic drinking water services, rural (% of rural population): Q2",SH.H2O.BASW.RU.Q2.ZS,81.2561
Comoros,COM,2003,"People using at least basic drinking water services, rural (% of rural population): Q2",SH.H2O.BASW.RU.Q2.ZS,81.45677
Comoros,COM,2002,"People using at least basic drinking water services, rural (% of rural population): Q2",SH.H2O.BASW.RU.Q2.ZS,81.65745
Comoros,COM,2001,"People using at least basic drinking water services, rural (% of rural population): Q2",SH.H2O.BASW.RU.Q2.ZS,81.85812
Comoros,COM,2000,"People using at least basic drinking water services, rural (% of rural population): Q2",SH.H2O.BASW.RU.Q2.ZS,82.05879
Comoros,COM,2012,Vaccinations (all vaccinations) (% of children ages 12-23 months): Q1 (lowest),SH.IMM.ALLV.Q1.ZS,40.2
Comoros,COM,2000,Vaccinations (all vaccinations) (% of children ages 12-23 months): Q1 (lowest),SH.IMM.ALLV.Q1.ZS,55.3
Comoros,COM,1996,Vaccinations (all vaccinations) (% of children ages 12-23 months): Q1 (lowest),SH.IMM.ALLV.Q1.ZS,39.8
Comoros,COM,2012,Vaccinations (all vaccinations) (% of children ages 12-23 months): Q2,SH.IMM.ALLV.Q2.ZS,56.4
Comoros,COM,2000,Vaccinations (all vaccinations) (% of children ages 12-23 months): Q2,SH.IMM.ALLV.Q2.ZS,58.1
Comoros,COM,1996,Vaccinations (all vaccinations) (% of children ages 12-23 months): Q2,SH.IMM.ALLV.Q2.ZS,49.5
Comoros,COM,2012,Vaccinations (all vaccinations) (% of children ages 12-23 months): Q3,SH.IMM.ALLV.Q3.ZS,76
Comoros,COM,2000,Vaccinations (all vaccinations) (% of children ages 12-23 months): Q3,SH.IMM.ALLV.Q3.ZS,67.9
Comoros,COM,1996,Vaccinations (all vaccinations) (% of children ages 12-23 months): Q3,SH.IMM.ALLV.Q3.ZS,52.7
Comoros,COM,2012,Vaccinations (all vaccinations) (% of children ages 12-23 months): Q4,SH.IMM.ALLV.Q4.ZS,69.3
Comoros,COM,2000,Vaccinations (all vaccinations) (% of children ages 12-23 months): Q4,SH.IMM.ALLV.Q4.ZS,68.5
Comoros,COM,1996,Vaccinations (all vaccinations) (% of children ages 12-23 months): Q4,SH.IMM.ALLV.Q4.ZS,60.5
Comoros,COM,2012,Vaccinations (all vaccinations) (% of children ages 12-23 months): Q5 (highest),SH.IMM.ALLV.Q5.ZS,71.7
Comoros,COM,2000,Vaccinations (all vaccinations) (% of children ages 12-23 months): Q5 (highest),SH.IMM.ALLV.Q5.ZS,77.8
Comoros,COM,1996,Vaccinations (all vaccinations) (% of children ages 12-23 months): Q5 (highest),SH.IMM.ALLV.Q5.ZS,82
Comoros,COM,2012,Vaccinations (BCG) (% of children ages 12-23 months): Q1 (lowest),SH.IMM.IBCG.Q1.ZS,75.4
Comoros,COM,2000,Vaccinations (BCG) (% of children ages 12-23 months): Q1 (lowest),SH.IMM.IBCG.Q1.ZS,70.5
Comoros,COM,1996,Vaccinations (BCG) (% of children ages 12-23 months): Q1 (lowest),SH.IMM.IBCG.Q1.ZS,85.2
Comoros,COM,2012,Vaccinations (BCG) (% of children ages 12-23 months): Q2,SH.IMM.IBCG.Q2.ZS,82.3
Comoros,COM,2000,Vaccinations (BCG) (% of children ages 12-23 months): Q2,SH.IMM.IBCG.Q2.ZS,74.3
Comoros,COM,1996,Vaccinations (BCG) (% of children ages 12-23 months): Q2,SH.IMM.IBCG.Q2.ZS,83.2
Comoros,COM,2012,Vaccinations (BCG) (% of children ages 12-23 months): Q3,SH.IMM.IBCG.Q3.ZS,92.1
Comoros,COM,2000,Vaccinations (BCG) (% of children ages 12-23 months): Q3,SH.IMM.IBCG.Q3.ZS,81.2
Comoros,COM,1996,Vaccinations (BCG) (% of children ages 12-23 months): Q3,SH.IMM.IBCG.Q3.ZS,94.5
Comoros,COM,2012,Vaccinations (BCG) (% of children ages 12-23 months): Q4,SH.IMM.IBCG.Q4.ZS,90.9
Comoros,COM,2000,Vaccinations (BCG) (% of children ages 12-23 months): Q4,SH.IMM.IBCG.Q4.ZS,80.8
Comoros,COM,1996,Vaccinations (BCG) (% of children ages 12-23 months): Q4,SH.IMM.IBCG.Q4.ZS,98.8
Comoros,COM,2012,Vaccinations (BCG) (% of children ages 12-23 months): Q5 (highest),SH.IMM.IBCG.Q5.ZS,88.1
Comoros,COM,2000,Vaccinations (BCG) (% of children ages 12-23 months): Q5 (highest),SH.IMM.IBCG.Q5.ZS,86.9
Comoros,COM,1996,Vaccinations (BCG) (% of children ages 12-23 months): Q5 (highest),SH.IMM.IBCG.Q5.ZS,98
Comoros,COM,2012,Vaccinations (DPT 3) (% of children ages 12-23 months): Q1 (lowest),SH.IMM.IDPT.Q1.ZS,57.5
Comoros,COM,2000,Vaccinations (DPT 3) (% of children ages 12-23 months): Q1 (lowest),SH.IMM.IDPT.Q1.ZS,59.2
Comoros,COM,1996,Vaccinations (DPT 3) (% of children ages 12-23 months): Q1 (lowest),SH.IMM.IDPT.Q1.ZS,58
Comoros,COM,2012,Vaccinations (DPT 3) (% of children ages 12-23 months): Q2,SH.IMM.IDPT.Q2.ZS,65.9
Comoros,COM,2000,Vaccinations (DPT 3) (% of children ages 12-23 months): Q2,SH.IMM.IDPT.Q2.ZS,61.9
Comoros,COM,1996,Vaccinations (DPT 3) (% of children ages 12-23 months): Q2,SH.IMM.IDPT.Q2.ZS,60
Comoros,COM,2012,Vaccinations (DPT 3) (% of children ages 12-23 months): Q3,SH.IMM.IDPT.Q3.ZS,80.5
Comoros,COM,2000,Vaccinations (DPT 3) (% of children ages 12-23 months): Q3,SH.IMM.IDPT.Q3.ZS,71.4
Comoros,COM,1996,Vaccinations (DPT 3) (% of children ages 12-23 months): Q3,SH.IMM.IDPT.Q3.ZS,67.3
Comoros,COM,2012,Vaccinations (DPT 3) (% of children ages 12-23 months): Q4,SH.IMM.IDPT.Q4.ZS,82.5
Comoros,COM,2000,Vaccinations (DPT 3) (% of children ages 12-23 months): Q4,SH.IMM.IDPT.Q4.ZS,72.4
Comoros,COM,1996,Vaccinations (DPT 3) (% of children ages 12-23 months): Q4,SH.IMM.IDPT.Q4.ZS,75.3
Comoros,COM,2012,Vaccinations (DPT 3) (% of children ages 12-23 months): Q5 (highest),SH.IMM.IDPT.Q5.ZS,81.7
Comoros,COM,2000,Vaccinations (DPT 3) (% of children ages 12-23 months): Q5 (highest),SH.IMM.IDPT.Q5.ZS,80.3
Comoros,COM,1996,Vaccinations (DPT 3) (% of children ages 12-23 months): Q5 (highest),SH.IMM.IDPT.Q5.ZS,92
Comoros,COM,2012,Vaccinations (Measles) (% of children ages 12-23 months): Q1 (lowest),SH.IMM.MEAS.Q1.ZS,62.5
Comoros,COM,2000,Vaccinations (Measles) (% of children ages 12-23 months): Q1 (lowest),SH.IMM.MEAS.Q1.ZS,61.7
Comoros,COM,1996,Vaccinations (Measles) (% of children ages 12-23 months): Q1 (lowest),SH.IMM.MEAS.Q1.ZS,51.1
Comoros,COM,2012,Vaccinations (Measles) (% of children ages 12-23 months): Q2,SH.IMM.MEAS.Q2.ZS,70.1
Comoros,COM,2000,Vaccinations (Measles) (% of children ages 12-23 months): Q2,SH.IMM.MEAS.Q2.ZS,66.1
Comoros,COM,1996,Vaccinations (Measles) (% of children ages 12-23 months): Q2,SH.IMM.MEAS.Q2.ZS,55.8
Comoros,COM,2012,Vaccinations (Measles) (% of children ages 12-23 months): Q3,SH.IMM.MEAS.Q3.ZS,83.2
Comoros,COM,2000,Vaccinations (Measles) (% of children ages 12-23 months): Q3,SH.IMM.MEAS.Q3.ZS,75.5
Comoros,COM,1996,Vaccinations (Measles) (% of children ages 12-23 months): Q3,SH.IMM.MEAS.Q3.ZS,65.5
Comoros,COM,2012,Vaccinations (Measles) (% of children ages 12-23 months): Q4,SH.IMM.MEAS.Q4.ZS,83.6
Comoros,COM,2000,Vaccinations (Measles) (% of children ages 12-23 months): Q4,SH.IMM.MEAS.Q4.ZS,76
Comoros,COM,1996,Vaccinations (Measles) (% of children ages 12-23 months): Q4,SH.IMM.MEAS.Q4.ZS,70.4
Comoros,COM,2012,Vaccinations (Measles) (% of children ages 12-23 months): Q5 (highest),SH.IMM.MEAS.Q5.ZS,79.8
Comoros,COM,2000,Vaccinations (Measles) (% of children ages 12-23 months): Q5 (highest),SH.IMM.MEAS.Q5.ZS,82.7
Comoros,COM,1996,Vaccinations (Measles) (% of children ages 12-23 months): Q5 (highest),SH.IMM.MEAS.Q5.ZS,86
Comoros,COM,2012,Vaccinations (no vaccinations) (% of children ages 12-23 months): Q1 (lowest),SH.IMM.NONE.Q1.ZS,14.3
Comoros,COM,2000,Vaccinations (no vaccinations) (% of children ages 12-23 months): Q1 (lowest),SH.IMM.NONE.Q1.ZS,28.2
Comoros,COM,1996,Vaccinations (no vaccinations) (% of children ages 12-23 months): Q1 (lowest),SH.IMM.NONE.Q1.ZS,13.6
Comoros,COM,2012,Vaccinations (no vaccinations) (% of children ages 12-23 months): Q2,SH.IMM.NONE.Q2.ZS,13.9
Comoros,COM,2000,Vaccinations (no vaccinations) (% of children ages 12-23 months): Q2,SH.IMM.NONE.Q2.ZS,25.7
Comoros,COM,1996,Vaccinations (no vaccinations) (% of children ages 12-23 months): Q2,SH.IMM.NONE.Q2.ZS,14.7
Comoros,COM,2012,Vaccinations (no vaccinations) (% of children ages 12-23 months): Q3,SH.IMM.NONE.Q3.ZS,5.9
Comoros,COM,2000,Vaccinations (no vaccinations) (% of children ages 12-23 months): Q3,SH.IMM.NONE.Q3.ZS,17.2
Comoros,COM,1996,Vaccinations (no vaccinations) (% of children ages 12-23 months): Q3,SH.IMM.NONE.Q3.ZS,5.5
Comoros,COM,2012,Vaccinations (no vaccinations) (% of children ages 12-23 months): Q4,SH.IMM.NONE.Q4.ZS,6.6
Comoros,COM,2000,Vaccinations (no vaccinations) (% of children ages 12-23 months): Q4,SH.IMM.NONE.Q4.ZS,18.6
Comoros,COM,1996,Vaccinations (no vaccinations) (% of children ages 12-23 months): Q4,SH.IMM.NONE.Q4.ZS,0
Comoros,COM,2012,Vaccinations (no vaccinations) (% of children ages 12-23 months): Q5 (highest),SH.IMM.NONE.Q5.ZS,11.4
Comoros,COM,2000,Vaccinations (no vaccinations) (% of children ages 12-23 months): Q5 (highest),SH.IMM.NONE.Q5.ZS,12.5
Comoros,COM,1996,Vaccinations (no vaccinations) (% of children ages 12-23 months): Q5 (highest),SH.IMM.NONE.Q5.ZS,2
Comoros,COM,2012,Mosquito net use by children (any mosquito net) (% of children under 5): Q1 (lowest),SH.MLR.NETA.Q1.ZS,52.2
Comoros,COM,2000,Mosquito net use by children (any mosquito net) (% of children under 5): Q1 (lowest),SH.MLR.NETA.Q1.ZS,23.4
Comoros,COM,2012,Mosquito net use by children (any mosquito net) (% of children under 5): Q2,SH.MLR.NETA.Q2.ZS,59.2
Comoros,COM,2000,Mosquito net use by children (any mosquito net) (% of children under 5): Q2,SH.MLR.NETA.Q2.ZS,25.6
Comoros,COM,2012,Mosquito net use by children (any mosquito net) (% of children under 5): Q3,SH.MLR.NETA.Q3.ZS,66.8
Comoros,COM,2000,Mosquito net use by children (any mosquito net) (% of children under 5): Q3,SH.MLR.NETA.Q3.ZS,32.8
Comoros,COM,2012,Mosquito net use by children (any mosquito net) (% of children under 5): Q4,SH.MLR.NETA.Q4.ZS,63.8
Comoros,COM,2000,Mosquito net use by children (any mosquito net) (% of children under 5): Q4,SH.MLR.NETA.Q4.ZS,40.9
Comoros,COM,2012,Mosquito net use by children (any mosquito net) (% of children under 5): Q5 (highest),SH.MLR.NETA.Q5.ZS,62.3
Comoros,COM,2000,Mosquito net use by children (any mosquito net) (% of children under 5): Q5 (highest),SH.MLR.NETA.Q5.ZS,60.6
Comoros,COM,2012,Household posession of mosquito nets (any type of mosquito net) (% of households): Q1 (lowest),SH.MLR.NETH.Q1.ZS,72.2
Comoros,COM,2012,Household posession of mosquito nets (any type of mosquito net) (% of households): Q2,SH.MLR.NETH.Q2.ZS,78.5
Comoros,COM,2012,Household posession of mosquito nets (any type of mosquito net) (% of households): Q3,SH.MLR.NETH.Q3.ZS,79.7
Comoros,COM,2012,Household posession of mosquito nets (any type of mosquito net) (% of households): Q4,SH.MLR.NETH.Q4.ZS,81.4
Comoros,COM,2012,Household posession of mosquito nets (any type of mosquito net) (% of households): Q5 (highest),SH.MLR.NETH.Q5.ZS,82.7
Comoros,COM,2012,Mosquito net use by pregnant women (any mosquito net) (% of pregnant women): Q1 (lowest),SH.MLR.NETP.Q1.ZS,83.5
Comoros,COM,2012,Mosquito net use by pregnant women (any mosquito net) (% of pregnant women): Q2,SH.MLR.NETP.Q2.ZS,57.8
Comoros,COM,2012,Mosquito net use by pregnant women (any mosquito net) (% of pregnant women): Q3,SH.MLR.NETP.Q3.ZS,72.6
Comoros,COM,2012,Mosquito net use by pregnant women (any mosquito net) (% of pregnant women): Q4,SH.MLR.NETP.Q4.ZS,73.1
Comoros,COM,2012,Mosquito net use by pregnant women (any mosquito net) (% of pregnant women): Q5 (highest),SH.MLR.NETP.Q5.ZS,69.8
Comoros,COM,2012,Mosquito net use by children (insecticide-treated net) (% of children under 5): Q2,SH.MLR.NETS.Q2.ZS,38
Comoros,COM,2000,Mosquito net use by children (insecticide-treated net) (% of children under 5): Q2,SH.MLR.NETS.Q2.ZS,6
Comoros,COM,2012,Mosquito net use by children (insecticide-treated net) (% of children under 5): Q3,SH.MLR.NETS.Q3.ZS,48.1
Comoros,COM,2000,Mosquito net use by children (insecticide-treated net) (% of children under 5): Q3,SH.MLR.NETS.Q3.ZS,7
Comoros,COM,2012,Mosquito net use by children (insecticide-treated net) (% of children under 5): Q4,SH.MLR.NETS.Q4.ZS,43.5
Comoros,COM,2000,Mosquito net use by children (insecticide-treated net) (% of children under 5): Q4,SH.MLR.NETS.Q4.ZS,9.1
Comoros,COM,2012,Household posession of mosquito nets (insecticide-treated net) (% of households): Q1 (lowest),SH.MLR.NTHI.Q1.ZS,54.3
Comoros,COM,2012,Household posession of mosquito nets (insecticide-treated net) (% of households): Q2,SH.MLR.NTHI.Q2.ZS,53.7
Comoros,COM,2012,Household posession of mosquito nets (insecticide-treated net) (% of households): Q3,SH.MLR.NTHI.Q3.ZS,61.8
Comoros,COM,2012,Household posession of mosquito nets (insecticide-treated net) (% of households): Q4,SH.MLR.NTHI.Q4.ZS,63.6
Comoros,COM,2012,Household posession of mosquito nets (insecticide-treated net) (% of households): Q5 (highest),SH.MLR.NTHI.Q5.ZS,61.9
Comoros,COM,2012,Mosquito net use by pregnant women (insecticide-treated net) (% of pregnant women): Q1 (lowest),SH.MLR.NTPI.Q1.ZS,51.8
Comoros,COM,2012,Mosquito net use by pregnant women (insecticide-treated net) (% of pregnant women): Q2,SH.MLR.NTPI.Q2.ZS,39
Comoros,COM,2012,Mosquito net use by pregnant women (insecticide-treated net) (% of pregnant women): Q3,SH.MLR.NTPI.Q3.ZS,48.5
Comoros,COM,2012,Mosquito net use by pregnant women (insecticide-treated net) (% of pregnant women): Q4,SH.MLR.NTPI.Q4.ZS,36.7
Comoros,COM,2012,Mosquito net use by pregnant women (insecticide-treated net) (% of pregnant women): Q5 (highest),SH.MLR.NTPI.Q5.ZS,46.2
Comoros,COM,2012,Anti-malarial drug use by pregnant women (SP/Fansidar two or more doses) (% of women with a birth): Q1 (lowest),SH.MLR.SPFN.Q1.ZS,26.1
Comoros,COM,2012,Anti-malarial drug use by pregnant women (SP/Fansidar two or more doses) (% of women with a birth): Q2,SH.MLR.SPFN.Q2.ZS,30.3
Comoros,COM,2012,Anti-malarial drug use by pregnant women (SP/Fansidar two or more doses) (% of women with a birth): Q3,SH.MLR.SPFN.Q3.ZS,38.1
Comoros,COM,2012,Anti-malarial drug use by pregnant women (SP/Fansidar two or more doses) (% of women with a birth): Q4,SH.MLR.SPFN.Q4.ZS,27
Comoros,COM,2012,Anti-malarial drug use by pregnant women (SP/Fansidar two or more doses) (% of women with a birth): Q5 (highest),SH.MLR.SPFN.Q5.ZS,33
Comoros,COM,2012,Treatment of fever (% of children under 5 with fever): Q1 (lowest),SH.MLR.TRET.Q1.ZS,16.5
Comoros,COM,2000,Treatment of fever (% of children under 5 with fever): Q1 (lowest),SH.MLR.TRET.Q1.ZS,51.2
Comoros,COM,2012,Treatment of fever (% of children under 5 with fever): Q2,SH.MLR.TRET.Q2.ZS,27.3
Comoros,COM,2000,Treatment of fever (% of children under 5 with fever): Q2,SH.MLR.TRET.Q2.ZS,67.5
Comoros,COM,2012,Treatment of fever (% of children under 5 with fever): Q3,SH.MLR.TRET.Q3.ZS,29
Comoros,COM,2000,Treatment of fever (% of children under 5 with fever): Q3,SH.MLR.TRET.Q3.ZS,60.7
Comoros,COM,2012,Treatment of fever (% of children under 5 with fever): Q4,SH.MLR.TRET.Q4.ZS,27.2
Comoros,COM,2000,Treatment of fever (% of children under 5 with fever): Q4,SH.MLR.TRET.Q4.ZS,67.9
Comoros,COM,2012,Treatment of fever (% of children under 5 with fever): Q5 (highest),SH.MLR.TRET.Q5.ZS,33.2
Comoros,COM,2000,Treatment of fever (% of children under 5 with fever): Q5 (highest),SH.MLR.TRET.Q5.ZS,66.3
Comoros,COM,2012,Smoking (% of women): Q1 (lowest),SH.PRV.SMOK.FE.Q1.ZS,96.5
Comoros,COM,2012,Smoking (% of women): Q2,SH.PRV.SMOK.FE.Q2.ZS,94
Comoros,COM,2012,Smoking (% of women): Q3,SH.PRV.SMOK.FE.Q3.ZS,92.7
Comoros,COM,2012,Smoking (% of women): Q4,SH.PRV.SMOK.FE.Q4.ZS,96.4
Comoros,COM,2012,Smoking (% of women): Q5 (highest),SH.PRV.SMOK.FE.Q5.ZS,96.7
Comoros,COM,2012,Components of antenatal care (received iron tablets or syrup) (% of women with a birth): Q1 (lowest),SH.STA.ANCP.Q1.ZS,72.6
Comoros,COM,2012,Components of antenatal care (received iron tablets or syrup) (% of women with a birth): Q2,SH.STA.ANCP.Q2.ZS,70.2
Comoros,COM,2012,Components of antenatal care (received iron tablets or syrup) (% of women with a birth): Q3,SH.STA.ANCP.Q3.ZS,84.2
Comoros,COM,2012,Components of antenatal care (received iron tablets or syrup) (% of women with a birth): Q4,SH.STA.ANCP.Q4.ZS,85.5
Comoros,COM,2012,Components of antenatal care (received iron tablets or syrup) (% of women with a birth): Q5 (highest),SH.STA.ANCP.Q5.ZS,82.8
Comoros,COM,2012,Antenatal care (any skilled personnel) (% of women with a birth): Q1 (lowest),SH.STA.ANVC.Q1.ZS,87.3
Comoros,COM,2000,Antenatal care (any skilled personnel) (% of women with a birth): Q1 (lowest),SH.STA.ANVC.Q1.ZS,61.3
Comoros,COM,1996,Antenatal care (any skilled personnel) (% of women with a birth): Q1 (lowest),SH.STA.ANVC.Q1.ZS,67
Comoros,COM,2012,Antenatal care (any skilled personnel) (% of women with a birth): Q2,SH.STA.ANVC.Q2.ZS,89.5
Comoros,COM,2000,Antenatal care (any skilled personnel) (% of women with a birth): Q2,SH.STA.ANVC.Q2.ZS,74.3
Comoros,COM,1996,Antenatal care (any skilled personnel) (% of women with a birth): Q2,SH.STA.ANVC.Q2.ZS,81.8
Comoros,COM,2012,Antenatal care (any skilled personnel) (% of women with a birth): Q3,SH.STA.ANVC.Q3.ZS,95.3
Comoros,COM,2000,Antenatal care (any skilled personnel) (% of women with a birth): Q3,SH.STA.ANVC.Q3.ZS,74.2
Comoros,COM,1996,Antenatal care (any skilled personnel) (% of women with a birth): Q3,SH.STA.ANVC.Q3.ZS,85.8
Comoros,COM,2012,Antenatal care (any skilled personnel) (% of women with a birth): Q4,SH.STA.ANVC.Q4.ZS,96.4
Comoros,COM,2000,Antenatal care (any skilled personnel) (% of women with a birth): Q4,SH.STA.ANVC.Q4.ZS,80.2
Comoros,COM,1996,Antenatal care (any skilled personnel) (% of women with a birth): Q4,SH.STA.ANVC.Q4.ZS,95.7
Comoros,COM,2012,Antenatal care (any skilled personnel) (% of women with a birth): Q5 (highest),SH.STA.ANVC.Q5.ZS,94.3
Comoros,COM,2000,Antenatal care (any skilled personnel) (% of women with a birth): Q5 (highest),SH.STA.ANVC.Q5.ZS,82.3
Comoros,COM,1996,Antenatal care (any skilled personnel) (% of women with a birth): Q5 (highest),SH.STA.ANVC.Q5.ZS,95
Comoros,COM,2012,Antenatal care (doctor) (% of women with a birth): Q1 (lowest),SH.STA.ANVP.Q1.ZS,10.1
Comoros,COM,2000,Antenatal care (doctor) (% of women with a birth): Q1 (lowest),SH.STA.ANVP.Q1.ZS,5.2
Comoros,COM,1996,Antenatal care (doctor) (% of women with a birth): Q1 (lowest),SH.STA.ANVP.Q1.ZS,7.9
Comoros,COM,2012,Antenatal care (doctor) (% of women with a birth): Q2,SH.STA.ANVP.Q2.ZS,12.3
Comoros,COM,2000,Antenatal care (doctor) (% of women with a birth): Q2,SH.STA.ANVP.Q2.ZS,4.1
Comoros,COM,1996,Antenatal care (doctor) (% of women with a birth): Q2,SH.STA.ANVP.Q2.ZS,9.1
Comoros,COM,2012,Antenatal care (doctor) (% of women with a birth): Q3,SH.STA.ANVP.Q3.ZS,20
Comoros,COM,2000,Antenatal care (doctor) (% of women with a birth): Q3,SH.STA.ANVP.Q3.ZS,10.1
Comoros,COM,1996,Antenatal care (doctor) (% of women with a birth): Q3,SH.STA.ANVP.Q3.ZS,9.3
Comoros,COM,2012,Antenatal care (doctor) (% of women with a birth): Q4,SH.STA.ANVP.Q4.ZS,21.4
Comoros,COM,2000,Antenatal care (doctor) (% of women with a birth): Q4,SH.STA.ANVP.Q4.ZS,14
Comoros,COM,1996,Antenatal care (doctor) (% of women with a birth): Q4,SH.STA.ANVP.Q4.ZS,8
Comoros,COM,2012,Antenatal care (doctor) (% of women with a birth): Q5 (highest),SH.STA.ANVP.Q5.ZS,26.6
Comoros,COM,2000,Antenatal care (doctor) (% of women with a birth): Q5 (highest),SH.STA.ANVP.Q5.ZS,13.8
Comoros,COM,1996,Antenatal care (doctor) (% of women with a birth): Q5 (highest),SH.STA.ANVP.Q5.ZS,18.6
Comoros,COM,2012,Treatment of acute respiratory infection (ARI) (% of children under 5 taken to a health provider): Q1 (lowest),SH.STA.ARIC.Q1.ZS,39.4
Comoros,COM,2000,Treatment of acute respiratory infection (ARI) (% of children under 5 taken to a health provider): Q1 (lowest),SH.STA.ARIC.Q1.ZS,41.6
Comoros,COM,2012,Treatment of acute respiratory infection (ARI) (% of children under 5 taken to a health provider): Q2,SH.STA.ARIC.Q2.ZS,36.8
Comoros,COM,2000,Treatment of acute respiratory infection (ARI) (% of children under 5 taken to a health provider): Q2,SH.STA.ARIC.Q2.ZS,57.6
Comoros,COM,2012,Treatment of acute respiratory infection (ARI) (% of children under 5 taken to a health provider): Q3,SH.STA.ARIC.Q3.ZS,36.3
Comoros,COM,2000,Treatment of acute respiratory infection (ARI) (% of children under 5 taken to a health provider): Q3,SH.STA.ARIC.Q3.ZS,47.7
Comoros,COM,2012,Treatment of acute respiratory infection (ARI) (% of children under 5 taken to a health provider): Q4,SH.STA.ARIC.Q4.ZS,52.4
Comoros,COM,2000,Treatment of acute respiratory infection (ARI) (% of children under 5 taken to a health provider): Q4,SH.STA.ARIC.Q4.ZS,41.1
Comoros,COM,2012,Treatment of acute respiratory infection (ARI) (% of children under 5 taken to a health provider): Q5 (highest),SH.STA.ARIC.Q5.ZS,42.6
Comoros,COM,2000,Treatment of acute respiratory infection (ARI) (% of children under 5 taken to a health provider): Q5 (highest),SH.STA.ARIC.Q5.ZS,57.2
Comoros,COM,2012,Prevalence of acute respiratory infection (ARI) (% of children under 5): Q1 (lowest),SH.STA.ARIF.Q1.ZS,3.1
Comoros,COM,2000,Prevalence of acute respiratory infection (ARI) (% of children under 5): Q1 (lowest),SH.STA.ARIF.Q1.ZS,9.8
Comoros,COM,2012,Prevalence of acute respiratory infection (ARI) (% of children under 5): Q2,SH.STA.ARIF.Q2.ZS,1.7
Comoros,COM,2000,Prevalence of acute respiratory infection (ARI) (% of children under 5): Q2,SH.STA.ARIF.Q2.ZS,12.3
Comoros,COM,2012,Prevalence of acute respiratory infection (ARI) (% of children under 5): Q3,SH.STA.ARIF.Q3.ZS,3.2
Comoros,COM,2000,Prevalence of acute respiratory infection (ARI) (% of children under 5): Q3,SH.STA.ARIF.Q3.ZS,10.6
Comoros,COM,2012,Prevalence of acute respiratory infection (ARI) (% of children under 5): Q4,SH.STA.ARIF.Q4.ZS,2.9
Comoros,COM,2000,Prevalence of acute respiratory infection (ARI) (% of children under 5): Q4,SH.STA.ARIF.Q4.ZS,10.3
Comoros,COM,2012,Prevalence of acute respiratory infection (ARI) (% of children under 5): Q5 (highest),SH.STA.ARIF.Q5.ZS,3.2
Comoros,COM,2000,Prevalence of acute respiratory infection (ARI) (% of children under 5): Q5 (highest),SH.STA.ARIF.Q5.ZS,7.4
Comoros,COM,1996,Breastfeeding (% of children under 6 months): Q1 (lowest),SH.STA.BFED.Q1.ZS,88.7
Comoros,COM,1996,Breastfeeding (% of children under 6 months): Q2,SH.STA.BFED.Q2.ZS,87.5
Comoros,COM,1996,Breastfeeding (% of children under 6 months): Q3,SH.STA.BFED.Q3.ZS,78.8
Comoros,COM,1996,Breastfeeding (% of children under 6 months): Q4,SH.STA.BFED.Q4.ZS,77.1
Comoros,COM,1996,Breastfeeding (% of children under 6 months): Q5 (highest),SH.STA.BFED.Q5.ZS,58.6
Comoros,COM,2012,Assistance during delivery (any skilled personnel) (% of births): Q1 (lowest),SH.STA.BRTC.Q1.ZS,66
Comoros,COM,2000,Assistance during delivery (any skilled personnel) (% of births): Q1 (lowest),SH.STA.BRTC.Q1.ZS,48.8
Comoros,COM,1996,Assistance during delivery (any skilled personnel) (% of births): Q1 (lowest),SH.STA.BRTC.Q1.ZS,26.2
Comoros,COM,2012,Assistance during delivery (any skilled personnel) (% of births): Q2,SH.STA.BRTC.Q2.ZS,80.2
Comoros,COM,2000,Assistance during delivery (any skilled personnel) (% of births): Q2,SH.STA.BRTC.Q2.ZS,56.6
Comoros,COM,1996,Assistance during delivery (any skilled personnel) (% of births): Q2,SH.STA.BRTC.Q2.ZS,40.1
Comoros,COM,2012,Assistance during delivery (any skilled personnel) (% of births): Q3,SH.STA.BRTC.Q3.ZS,90.8
Comoros,COM,2000,Assistance during delivery (any skilled personnel) (% of births): Q3,SH.STA.BRTC.Q3.ZS,59.5
Comoros,COM,1996,Assistance during delivery (any skilled personnel) (% of births): Q3,SH.STA.BRTC.Q3.ZS,54.6
Comoros,COM,2012,Assistance during delivery (any skilled personnel) (% of births): Q4,SH.STA.BRTC.Q4.ZS,94.6
Comoros,COM,2000,Assistance during delivery (any skilled personnel) (% of births): Q4,SH.STA.BRTC.Q4.ZS,68.6
Comoros,COM,1996,Assistance during delivery (any skilled personnel) (% of births): Q4,SH.STA.BRTC.Q4.ZS,67.1
Comoros,COM,2012,Assistance during delivery (any skilled personnel) (% of births): Q5 (highest),SH.STA.BRTC.Q5.ZS,95
Comoros,COM,2000,Assistance during delivery (any skilled personnel) (% of births): Q5 (highest),SH.STA.BRTC.Q5.ZS,77.3
Comoros,COM,1996,Assistance during delivery (any skilled personnel) (% of births): Q5 (highest),SH.STA.BRTC.Q5.ZS,84.8
Comoros,COM,2012,Place of delivery (births at health facility) (% of births): Q1 (lowest),SH.STA.BRTF.Q1.ZS,57.8
Comoros,COM,1996,Place of delivery (births at health facility) (% of births): Q1 (lowest),SH.STA.BRTF.Q1.ZS,19.6
Comoros,COM,2012,Place of delivery (births at health facility) (% of births): Q2,SH.STA.BRTF.Q2.ZS,74
Comoros,COM,1996,Place of delivery (births at health facility) (% of births): Q2,SH.STA.BRTF.Q2.ZS,32.3
Comoros,COM,2012,Place of delivery (births at health facility) (% of births): Q3,SH.STA.BRTF.Q3.ZS,86.1
Comoros,COM,1996,Place of delivery (births at health facility) (% of births): Q3,SH.STA.BRTF.Q3.ZS,45
Comoros,COM,2012,Place of delivery (births at health facility) (% of births): Q4,SH.STA.BRTF.Q4.ZS,86
Comoros,COM,1996,Place of delivery (births at health facility) (% of births): Q4,SH.STA.BRTF.Q4.ZS,53.9
Comoros,COM,2012,Place of delivery (births at health facility) (% of births): Q5 (highest),SH.STA.BRTF.Q5.ZS,91.7
Comoros,COM,1996,Place of delivery (births at health facility) (% of births): Q5 (highest),SH.STA.BRTF.Q5.ZS,76.6
Comoros,COM,2012,Assistance during delivery (doctor) (% of births): Q1 (lowest),SH.STA.BRTP.Q1.ZS,3.4
Comoros,COM,2000,Assistance during delivery (doctor) (% of births): Q1 (lowest),SH.STA.BRTP.Q1.ZS,2.5
Comoros,COM,1996,Assistance during delivery (doctor) (% of births): Q1 (lowest),SH.STA.BRTP.Q1.ZS,0.7
Comoros,COM,2012,Assistance during delivery (doctor) (% of births): Q2,SH.STA.BRTP.Q2.ZS,11.5
Comoros,COM,2000,Assistance during delivery (doctor) (% of births): Q2,SH.STA.BRTP.Q2.ZS,2.6
Comoros,COM,1996,Assistance during delivery (doctor) (% of births): Q2,SH.STA.BRTP.Q2.ZS,2.3
Comoros,COM,2012,Assistance during delivery (doctor) (% of births): Q3,SH.STA.BRTP.Q3.ZS,16.4
Comoros,COM,2000,Assistance during delivery (doctor) (% of births): Q3,SH.STA.BRTP.Q3.ZS,2.3
Comoros,COM,1996,Assistance during delivery (doctor) (% of births): Q3,SH.STA.BRTP.Q3.ZS,2.8
Comoros,COM,2012,Assistance during delivery (doctor) (% of births): Q4,SH.STA.BRTP.Q4.ZS,21.7
Comoros,COM,2000,Assistance during delivery (doctor) (% of births): Q4,SH.STA.BRTP.Q4.ZS,5.5
Comoros,COM,1996,Assistance during delivery (doctor) (% of births): Q4,SH.STA.BRTP.Q4.ZS,1.8
Comoros,COM,2012,Assistance during delivery (doctor) (% of births): Q5 (highest),SH.STA.BRTP.Q5.ZS,28
Comoros,COM,2000,Assistance during delivery (doctor) (% of births): Q5 (highest),SH.STA.BRTP.Q5.ZS,8.6
Comoros,COM,1996,Assistance during delivery (doctor) (% of births): Q5 (highest),SH.STA.BRTP.Q5.ZS,10.5
Comoros,COM,2012,Prevalence of diarrhea (% of children under 5): Q1 (lowest),SH.STA.DIRH.Q1.ZS,18.9
Comoros,COM,2000,Prevalence of diarrhea (% of children under 5): Q1 (lowest),SH.STA.DIRH.Q1.ZS,20.4
Comoros,COM,1996,Prevalence of diarrhea (% of children under 5): Q1 (lowest),SH.STA.DIRH.Q1.ZS,24.9
Comoros,COM,2012,Prevalence of diarrhea (% of children under 5): Q2,SH.STA.DIRH.Q2.ZS,27.9
Comoros,COM,2000,Prevalence of diarrhea (% of children under 5): Q2,SH.STA.DIRH.Q2.ZS,21.4
Comoros,COM,1996,Prevalence of diarrhea (% of children under 5): Q2,SH.STA.DIRH.Q2.ZS,25.4
Comoros,COM,2012,Prevalence of diarrhea (% of children under 5): Q3,SH.STA.DIRH.Q3.ZS,20.8
Comoros,COM,2000,Prevalence of diarrhea (% of children under 5): Q3,SH.STA.DIRH.Q3.ZS,18.6
Comoros,COM,1996,Prevalence of diarrhea (% of children under 5): Q3,SH.STA.DIRH.Q3.ZS,21.5
Comoros,COM,2012,Prevalence of diarrhea (% of children under 5): Q4,SH.STA.DIRH.Q4.ZS,21.4
Comoros,COM,2000,Prevalence of diarrhea (% of children under 5): Q4,SH.STA.DIRH.Q4.ZS,17
Comoros,COM,1996,Prevalence of diarrhea (% of children under 5): Q4,SH.STA.DIRH.Q4.ZS,19.7
Comoros,COM,2012,Prevalence of diarrhea (% of children under 5): Q5 (highest),SH.STA.DIRH.Q5.ZS,19.3
Comoros,COM,2000,Prevalence of diarrhea (% of children under 5): Q5 (highest),SH.STA.DIRH.Q5.ZS,13.8
Comoros,COM,1996,Prevalence of diarrhea (% of children under 5): Q5 (highest),SH.STA.DIRH.Q5.ZS,23.4
Comoros,COM,2012,Prevalence of children with fever (% of children under 5): Q1 (lowest),SH.STA.FEVR.Q1.ZS,16.5
Comoros,COM,2000,Prevalence of children with fever (% of children under 5): Q1 (lowest),SH.STA.FEVR.Q1.ZS,29.8
Comoros,COM,2012,Prevalence of children with fever (% of children under 5): Q2,SH.STA.FEVR.Q2.ZS,20.5
Comoros,COM,2000,Prevalence of children with fever (% of children under 5): Q2,SH.STA.FEVR.Q2.ZS,33.9
Comoros,COM,2012,Prevalence of children with fever (% of children under 5): Q3,SH.STA.FEVR.Q3.ZS,22.7
Comoros,COM,2000,Prevalence of children with fever (% of children under 5): Q3,SH.STA.FEVR.Q3.ZS,33
Comoros,COM,2012,Prevalence of children with fever (% of children under 5): Q4,SH.STA.FEVR.Q4.ZS,22.8
Comoros,COM,2000,Prevalence of children with fever (% of children under 5): Q4,SH.STA.FEVR.Q4.ZS,29.9
Comoros,COM,2012,Prevalence of children with fever (% of children under 5): Q5 (highest),SH.STA.FEVR.Q5.ZS,26.3
Comoros,COM,2000,Prevalence of children with fever (% of children under 5): Q5 (highest),SH.STA.FEVR.Q5.ZS,28.5
Comoros,COM,2012,Malnourished women (BMI is less than 18.5) (% of women): Q1 (lowest),SH.STA.LBMI.Q1.ZS,6.7
Comoros,COM,1996,Malnourished women (BMI is less than 18.5) (% of women): Q1 (lowest),SH.STA.LBMI.Q1.ZS,7.4
Comoros,COM,2012,Malnourished women (BMI is less than 18.5) (% of women): Q2,SH.STA.LBMI.Q2.ZS,9.6
Comoros,COM,1996,Malnourished women (BMI is less than 18.5) (% of women): Q2,SH.STA.LBMI.Q2.ZS,11.3
Comoros,COM,2012,Malnourished women (BMI is less than 18.5) (% of women): Q3,SH.STA.LBMI.Q3.ZS,6.7
Comoros,COM,1996,Malnourished women (BMI is less than 18.5) (% of women): Q3,SH.STA.LBMI.Q3.ZS,11.3
Comoros,COM,2012,Malnourished women (BMI is less than 18.5) (% of women): Q4,SH.STA.LBMI.Q4.ZS,5.4
Comoros,COM,1996,Malnourished women (BMI is less than 18.5) (% of women): Q4,SH.STA.LBMI.Q4.ZS,12.8
Comoros,COM,2012,Malnourished women (BMI is less than 18.5) (% of women): Q5 (highest),SH.STA.LBMI.Q5.ZS,6.9
Comoros,COM,1996,Malnourished women (BMI is less than 18.5) (% of women): Q5 (highest),SH.STA.LBMI.Q5.ZS,8.6
Comoros,COM,2012,"Malnourished children (underweight, -2SD) (% of children under 5): Q1 (lowest)",SH.STA.MALN.Q1.ZS,19.8
Comoros,COM,1996,"Malnourished children (underweight, -2SD) (% of children under 5): Q1 (lowest)",SH.STA.MALN.Q1.ZS,28.9
Comoros,COM,2012,"Malnourished children (underweight, -2SD) (% of children under 5): Q2",SH.STA.MALN.Q2.ZS,18.8
Comoros,COM,1996,"Malnourished children (underweight, -2SD) (% of children under 5): Q2",SH.STA.MALN.Q2.ZS,27.1
Comoros,COM,2012,"Malnourished children (underweight, -2SD) (% of children under 5): Q3",SH.STA.MALN.Q3.ZS,12.5
Comoros,COM,1996,"Malnourished children (underweight, -2SD) (% of children under 5): Q3",SH.STA.MALN.Q3.ZS,16.6
Comoros,COM,2012,"Malnourished children (underweight, -2SD) (% of children under 5): Q4",SH.STA.MALN.Q4.ZS,12.9
Comoros,COM,1996,"Malnourished children (underweight, -2SD) (% of children under 5): Q4",SH.STA.MALN.Q4.ZS,16
Comoros,COM,2012,"Malnourished children (underweight, -2SD) (% of children under 5): Q5 (highest)",SH.STA.MALN.Q5.ZS,9.3
Comoros,COM,1996,"Malnourished children (underweight, -2SD) (% of children under 5): Q5 (highest)",SH.STA.MALN.Q5.ZS,15.5
Comoros,COM,2012,"Malnourished children (underweight, -3SD) (% of children under 5): Q1 (lowest)",SH.STA.MLN3.Q1.ZS,6.7
Comoros,COM,1996,"Malnourished children (underweight, -3SD) (% of children under 5): Q1 (lowest)",SH.STA.MLN3.Q1.ZS,15.2
Comoros,COM,2012,"Malnourished children (underweight, -3SD) (% of children under 5): Q2",SH.STA.MLN3.Q2.ZS,4.9
Comoros,COM,1996,"Malnourished children (underweight, -3SD) (% of children under 5): Q2",SH.STA.MLN3.Q2.ZS,9.7
Comoros,COM,2012,"Malnourished children (underweight, -3SD) (% of children under 5): Q3",SH.STA.MLN3.Q3.ZS,2.6
Comoros,COM,1996,"Malnourished children (underweight, -3SD) (% of children under 5): Q3",SH.STA.MLN3.Q3.ZS,6.1
Comoros,COM,2012,"Malnourished children (underweight, -3SD) (% of children under 5): Q4",SH.STA.MLN3.Q4.ZS,4.1
Comoros,COM,1996,"Malnourished children (underweight, -3SD) (% of children under 5): Q4",SH.STA.MLN3.Q4.ZS,4.6
Comoros,COM,2012,"Malnourished children (underweight, -3SD) (% of children under 5): Q5 (highest)",SH.STA.MLN3.Q5.ZS,2.1
Comoros,COM,1996,"Malnourished children (underweight, -3SD) (% of children under 5): Q5 (highest)",SH.STA.MLN3.Q5.ZS,3.4
Comoros,COM,2012,"Treatment of diarrhea (ORS, RHS or increased fluids) (% of children under 5): Q1 (lowest)",SH.STA.ORHF.Q1.ZS,40.3
Comoros,COM,2012,"Treatment of diarrhea (ORS, RHS or increased fluids) (% of children under 5): Q2",SH.STA.ORHF.Q2.ZS,38.5
Comoros,COM,2012,"Treatment of diarrhea (ORS, RHS or increased fluids) (% of children under 5): Q3",SH.STA.ORHF.Q3.ZS,31.5
Comoros,COM,2012,"Treatment of diarrhea (ORS, RHS or increased fluids) (% of children under 5): Q4",SH.STA.ORHF.Q4.ZS,22.3
Comoros,COM,2012,"Treatment of diarrhea (ORS, RHS or increased fluids) (% of children under 5): Q5 (highest)",SH.STA.ORHF.Q5.ZS,24.1
Comoros,COM,2012,Knowledge of diarrhea care (% of mothers): Q1 (lowest),SH.STA.ORHK.Q1.ZS,34.2
Comoros,COM,1996,Knowledge of diarrhea care (% of mothers): Q1 (lowest),SH.STA.ORHK.Q1.ZS,69.8
Comoros,COM,2012,Knowledge of diarrhea care (% of mothers): Q2,SH.STA.ORHK.Q2.ZS,43.8
Comoros,COM,1996,Knowledge of diarrhea care (% of mothers): Q2,SH.STA.ORHK.Q2.ZS,74.2
Comoros,COM,2012,Knowledge of diarrhea care (% of mothers): Q3,SH.STA.ORHK.Q3.ZS,44.6
Comoros,COM,1996,Knowledge of diarrhea care (% of mothers): Q3,SH.STA.ORHK.Q3.ZS,79.8
Comoros,COM,2012,Knowledge of diarrhea care (% of mothers): Q4,SH.STA.ORHK.Q4.ZS,48.2
Comoros,COM,1996,Knowledge of diarrhea care (% of mothers): Q4,SH.STA.ORHK.Q4.ZS,84
Comoros,COM,2012,Knowledge of diarrhea care (% of mothers): Q5 (highest),SH.STA.ORHK.Q5.ZS,40.2
Comoros,COM,1996,Knowledge of diarrhea care (% of mothers): Q5 (highest),SH.STA.ORHK.Q5.ZS,77.9
Comoros,COM,2012,Treatment of diarrhea (either ORS or RHS) (% of children under 5): Q1 (lowest),SH.STA.ORHS.Q1ZS,56.7
Comoros,COM,2012,Treatment of diarrhea (either ORS or RHS) (% of children under 5): Q2,SH.STA.ORHS.Q2ZS,57.3
Comoros,COM,2012,Treatment of diarrhea (either ORS or RHS) (% of children under 5): Q3,SH.STA.ORHS.Q3ZS,60.5
Comoros,COM,2012,Treatment of diarrhea (either ORS or RHS) (% of children under 5): Q4,SH.STA.ORHS.Q4ZS,69.2
Comoros,COM,2012,Treatment of diarrhea (either ORS or RHS) (% of children under 5): Q5 (highest),SH.STA.ORHS.Q5ZS,59
Comoros,COM,2012,"Malnourished children (stunting, -3SD) (% of children under 5): Q1 (lowest)",SH.STA.STN3.Q1.ZS,18.2
Comoros,COM,1996,"Malnourished children (stunting, -3SD) (% of children under 5): Q1 (lowest)",SH.STA.STN3.Q1.ZS,25.5
Comoros,COM,2012,"Malnourished children (stunting, -3SD) (% of children under 5): Q2",SH.STA.STN3.Q2.ZS,17.4
Comoros,COM,1996,"Malnourished children (stunting, -3SD) (% of children under 5): Q2",SH.STA.STN3.Q2.ZS,23.2
Comoros,COM,2012,"Malnourished children (stunting, -3SD) (% of children under 5): Q3",SH.STA.STN3.Q3.ZS,11.4
Comoros,COM,1996,"Malnourished children (stunting, -3SD) (% of children under 5): Q3",SH.STA.STN3.Q3.ZS,11
Comoros,COM,2012,"Malnourished children (stunting, -3SD) (% of children under 5): Q4",SH.STA.STN3.Q4.ZS,13.9
Comoros,COM,1996,"Malnourished children (stunting, -3SD) (% of children under 5): Q4",SH.STA.STN3.Q4.ZS,14.4
Comoros,COM,2012,"Malnourished children (stunting, -3SD) (% of children under 5): Q5 (highest)",SH.STA.STN3.Q5.ZS,8.8
Comoros,COM,1996,"Malnourished children (stunting, -3SD) (% of children under 5): Q5 (highest)",SH.STA.STN3.Q5.ZS,10.1
Comoros,COM,2012,"Malnourished children (stunting, -2SD) (% of children under 5): Q1 (lowest)",SH.STA.STNT.Q1.ZS,38.2
Comoros,COM,1996,"Malnourished children (stunting, -2SD) (% of children under 5): Q1 (lowest)",SH.STA.STNT.Q1.ZS,48.5
Comoros,COM,2012,"Malnourished children (stunting, -2SD) (% of children under 5): Q2",SH.STA.STNT.Q2.ZS,32.5
Comoros,COM,1996,"Malnourished children (stunting, -2SD) (% of children under 5): Q2",SH.STA.STNT.Q2.ZS,43
Comoros,COM,2012,"Malnourished children (stunting, -2SD) (% of children under 5): Q3",SH.STA.STNT.Q3.ZS,25.9
Comoros,COM,1996,"Malnourished children (stunting, -2SD) (% of children under 5): Q3",SH.STA.STNT.Q3.ZS,34.8
Comoros,COM,2012,"Malnourished children (stunting, -2SD) (% of children under 5): Q4",SH.STA.STNT.Q4.ZS,27
Comoros,COM,1996,"Malnourished children (stunting, -2SD) (% of children under 5): Q4",SH.STA.STNT.Q4.ZS,34.5
Comoros,COM,2012,"Malnourished children (stunting, -2SD) (% of children under 5): Q5 (highest)",SH.STA.STNT.Q5.ZS,21.9
Comoros,COM,1996,"Malnourished children (stunting, -2SD) (% of children under 5): Q5 (highest)",SH.STA.STNT.Q5.ZS,25.7
Comoros,COM,2012,"Malnourished children (wasting, -2SD) (% of children under 5): Q1 (lowest)",SH.STA.WAST.Q1.ZS,13.4
Comoros,COM,1996,"Malnourished children (wasting, -2SD) (% of children under 5): Q1 (lowest)",SH.STA.WAST.Q1.ZS,15.2
Comoros,COM,2012,"Malnourished children (wasting, -2SD) (% of children under 5): Q2",SH.STA.WAST.Q2.ZS,10.9
Comoros,COM,1996,"Malnourished children (wasting, -2SD) (% of children under 5): Q2",SH.STA.WAST.Q2.ZS,15
Comoros,COM,2012,"Malnourished children (wasting, -2SD) (% of children under 5): Q3",SH.STA.WAST.Q3.ZS,11.1
Comoros,COM,1996,"Malnourished children (wasting, -2SD) (% of children under 5): Q3",SH.STA.WAST.Q3.ZS,8.8
Comoros,COM,2012,"Malnourished children (wasting, -2SD) (% of children under 5): Q4",SH.STA.WAST.Q4.ZS,9.1
Comoros,COM,1996,"Malnourished children (wasting, -2SD) (% of children under 5): Q4",SH.STA.WAST.Q4.ZS,6.7
Comoros,COM,2012,"Malnourished children (wasting, -2SD) (% of children under 5): Q5 (highest)",SH.STA.WAST.Q5.ZS,9.7
Comoros,COM,1996,"Malnourished children (wasting, -2SD) (% of children under 5): Q5 (highest)",SH.STA.WAST.Q5.ZS,7.4
Comoros,COM,2012,"Malnourished children (wasting, -3SD) (% of children under 5): Q1 (lowest)",SH.STA.WST3.Q1.ZS,5.6
Comoros,COM,1996,"Malnourished children (wasting, -3SD) (% of children under 5): Q1 (lowest)",SH.STA.WST3.Q1.ZS,5.9
Comoros,COM,2012,"Malnourished children (wasting, -3SD) (% of children under 5): Q2",SH.STA.WST3.Q2.ZS,3.8
Comoros,COM,1996,"Malnourished children (wasting, -3SD) (% of children under 5): Q2",SH.STA.WST3.Q2.ZS,4.8
Comoros,COM,2012,"Malnourished children (wasting, -3SD) (% of children under 5): Q3",SH.STA.WST3.Q3.ZS,3.6
Comoros,COM,1996,"Malnourished children (wasting, -3SD) (% of children under 5): Q3",SH.STA.WST3.Q3.ZS,2.8
Comoros,COM,2012,"Malnourished children (wasting, -3SD) (% of children under 5): Q4",SH.STA.WST3.Q4.ZS,3.4
Comoros,COM,1996,"Malnourished children (wasting, -3SD) (% of children under 5): Q4",SH.STA.WST3.Q4.ZS,3.6
Comoros,COM,2012,"Malnourished children (wasting, -3SD) (% of children under 5): Q5 (highest)",SH.STA.WST3.Q5.ZS,1.8
Comoros,COM,1996,"Malnourished children (wasting, -3SD) (% of children under 5): Q5 (highest)",SH.STA.WST3.Q5.ZS,5.4
Comoros,COM,2012,Tetanus toxoid vaccination (% of live births): Q1 (lowest),SH.VAC.TTNS.Q1.ZS,38.1
Comoros,COM,1996,Tetanus toxoid vaccination (% of live births): Q1 (lowest),SH.VAC.TTNS.Q1.ZS,30.2
Comoros,COM,2012,Tetanus toxoid vaccination (% of live births): Q2,SH.VAC.TTNS.Q2.ZS,32.3
Comoros,COM,1996,Tetanus toxoid vaccination (% of live births): Q2,SH.VAC.TTNS.Q2.ZS,31.1
Comoros,COM,2012,Tetanus toxoid vaccination (% of live births): Q3,SH.VAC.TTNS.Q3.ZS,39.3
Comoros,COM,1996,Tetanus toxoid vaccination (% of live births): Q3,SH.VAC.TTNS.Q3.ZS,28.4
Comoros,COM,2012,Tetanus toxoid vaccination (% of live births): Q4,SH.VAC.TTNS.Q4.ZS,34.3
Comoros,COM,1996,Tetanus toxoid vaccination (% of live births): Q4,SH.VAC.TTNS.Q4.ZS,38
Comoros,COM,2012,Tetanus toxoid vaccination (% of live births): Q5 (highest),SH.VAC.TTNS.Q5.ZS,35.7
Comoros,COM,1996,Tetanus toxoid vaccination (% of live births): Q5 (highest),SH.VAC.TTNS.Q5.ZS,26.4
Comoros,COM,2012,Vitamin A supplements for postpartum women (% of women with a birth): Q1 (lowest),SN.ITK.VAPP.Q1.ZS,30.4
Comoros,COM,2000,Vitamin A supplements for postpartum women (% of women with a birth): Q1 (lowest),SN.ITK.VAPP.Q1.ZS,10.5
Comoros,COM,2012,Vitamin A supplements for postpartum women (% of women with a birth): Q2,SN.ITK.VAPP.Q2.ZS,28.7
Comoros,COM,2000,Vitamin A supplements for postpartum women (% of women with a birth): Q2,SN.ITK.VAPP.Q2.ZS,10.1
Comoros,COM,2012,Vitamin A supplements for postpartum women (% of women with a birth): Q3,SN.ITK.VAPP.Q3.ZS,31.3
Comoros,COM,2000,Vitamin A supplements for postpartum women (% of women with a birth): Q3,SN.ITK.VAPP.Q3.ZS,10.2
Comoros,COM,2012,Vitamin A supplements for postpartum women (% of women with a birth): Q4,SN.ITK.VAPP.Q4.ZS,35.6
Comoros,COM,2000,Vitamin A supplements for postpartum women (% of women with a birth): Q4,SN.ITK.VAPP.Q4.ZS,14.1
Comoros,COM,2012,Vitamin A supplements for postpartum women (% of women with a birth): Q5 (highest),SN.ITK.VAPP.Q5.ZS,36.1
Comoros,COM,2000,Vitamin A supplements for postpartum women (% of women with a birth): Q5 (highest),SN.ITK.VAPP.Q5.ZS,21.3
Comoros,COM,2012,Vitamin A supplements for children (% of children ages 6-59 months): Q1 (lowest),SN.ITK.VITA.Q1.ZS,42
Comoros,COM,2000,Vitamin A supplements for children (% of children ages 6-59 months): Q1 (lowest),SN.ITK.VITA.Q1.ZS,6.5
Comoros,COM,2012,Vitamin A supplements for children (% of children ages 6-59 months): Q2,SN.ITK.VITA.Q2.ZS,48.1
Comoros,COM,2000,Vitamin A supplements for children (% of children ages 6-59 months): Q2,SN.ITK.VITA.Q2.ZS,5.2
Comoros,COM,2012,Vitamin A supplements for children (% of children ages 6-59 months): Q3,SN.ITK.VITA.Q3.ZS,47.8
Comoros,COM,2000,Vitamin A supplements for children (% of children ages 6-59 months): Q3,SN.ITK.VITA.Q3.ZS,5.5
Comoros,COM,2012,Vitamin A supplements for children (% of children ages 6-59 months): Q4,SN.ITK.VITA.Q4.ZS,51
Comoros,COM,2000,Vitamin A supplements for children (% of children ages 6-59 months): Q4,SN.ITK.VITA.Q4.ZS,4.5
Comoros,COM,2012,Vitamin A supplements for children (% of children ages 6-59 months): Q5 (highest),SN.ITK.VITA.Q5.ZS,57
Comoros,COM,2000,Vitamin A supplements for children (% of children ages 6-59 months): Q5 (highest),SN.ITK.VITA.Q5.ZS,5.8
Comoros,COM,2012,Mean number of children ever born to women aged 40-49: Q1 (lowest),SP.DYN.CEBN.Q1,6.8
Comoros,COM,1996,Mean number of children ever born to women aged 40-49: Q1 (lowest),SP.DYN.CEBN.Q1,7.6
Comoros,COM,2012,Mean number of children ever born to women aged 40-49: Q2,SP.DYN.CEBN.Q2,6.2
Comoros,COM,1996,Mean number of children ever born to women aged 40-49: Q2,SP.DYN.CEBN.Q2,7.6
Comoros,COM,2012,Mean number of children ever born to women aged 40-49: Q3,SP.DYN.CEBN.Q3,5.7
Comoros,COM,1996,Mean number of children ever born to women aged 40-49: Q3,SP.DYN.CEBN.Q3,6.7
Comoros,COM,2012,Mean number of children ever born to women aged 40-49: Q4,SP.DYN.CEBN.Q4,4.8
Comoros,COM,1996,Mean number of children ever born to women aged 40-49: Q4,SP.DYN.CEBN.Q4,5.2
Comoros,COM,2012,Mean number of children ever born to women aged 40-49: Q5 (highest),SP.DYN.CEBN.Q5,3.6
Comoros,COM,1996,Mean number of children ever born to women aged 40-49: Q5 (highest),SP.DYN.CEBN.Q5,6
Comoros,COM,2012,Current use of contraception (modern method) (% of married women): Q1 (lowest),SP.DYN.CONM.Q1.ZS,10.9
Comoros,COM,2000,Current use of contraception (modern method) (% of married women): Q1 (lowest),SP.DYN.CONM.Q1.ZS,16.5
Comoros,COM,1996,Current use of contraception (modern method) (% of married women): Q1 (lowest),SP.DYN.CONM.Q1.ZS,6.6
Comoros,COM,2012,Current use of contraception (modern method) (% of married women): Q2,SP.DYN.CONM.Q2.ZS,13.2
Comoros,COM,2000,Current use of contraception (modern method) (% of married women): Q2,SP.DYN.CONM.Q2.ZS,17.9
Comoros,COM,1996,Current use of contraception (modern method) (% of married women): Q2,SP.DYN.CONM.Q2.ZS,11.6
Comoros,COM,2012,Current use of contraception (modern method) (% of married women): Q3,SP.DYN.CONM.Q3.ZS,14.1
Comoros,COM,2000,Current use of contraception (modern method) (% of married women): Q3,SP.DYN.CONM.Q3.ZS,18.5
Comoros,COM,1996,Current use of contraception (modern method) (% of married women): Q3,SP.DYN.CONM.Q3.ZS,10.2
Comoros,COM,2012,Current use of contraception (modern method) (% of married women): Q4,SP.DYN.CONM.Q4.ZS,17.8
Comoros,COM,2000,Current use of contraception (modern method) (% of married women): Q4,SP.DYN.CONM.Q4.ZS,20.8
Comoros,COM,1996,Current use of contraception (modern method) (% of married women): Q4,SP.DYN.CONM.Q4.ZS,10
Comoros,COM,2012,Current use of contraception (modern method) (% of married women): Q5 (highest),SP.DYN.CONM.Q5.ZS,14.2
Comoros,COM,2000,Current use of contraception (modern method) (% of married women): Q5 (highest),SP.DYN.CONM.Q5.ZS,22.8
Comoros,COM,1996,Current use of contraception (modern method) (% of married women): Q5 (highest),SP.DYN.CONM.Q5.ZS,18.6
Comoros,COM,2012,Current use of contraception (any method) (% of married women): Q1 (lowest),SP.DYN.CONU.Q1.ZS,12.9
Comoros,COM,2000,Current use of contraception (any method) (% of married women): Q1 (lowest),SP.DYN.CONU.Q1.ZS,20.9
Comoros,COM,1996,Current use of contraception (any method) (% of married women): Q1 (lowest),SP.DYN.CONU.Q1.ZS,14.4
Comoros,COM,2012,Current use of contraception (any method) (% of married women): Q2,SP.DYN.CONU.Q2.ZS,17.2
Comoros,COM,2000,Current use of contraception (any method) (% of married women): Q2,SP.DYN.CONU.Q2.ZS,22.3
Comoros,COM,1996,Current use of contraception (any method) (% of married women): Q2,SP.DYN.CONU.Q2.ZS,20.1
Comoros,COM,2012,Current use of contraception (any method) (% of married women): Q3,SP.DYN.CONU.Q3.ZS,19.1
Comoros,COM,2000,Current use of contraception (any method) (% of married women): Q3,SP.DYN.CONU.Q3.ZS,24.8
Comoros,COM,1996,Current use of contraception (any method) (% of married women): Q3,SP.DYN.CONU.Q3.ZS,18.6
Comoros,COM,2012,Current use of contraception (any method) (% of married women): Q4,SP.DYN.CONU.Q4.ZS,23.7
Comoros,COM,2000,Current use of contraception (any method) (% of married women): Q4,SP.DYN.CONU.Q4.ZS,27.3
Comoros,COM,1996,Current use of contraception (any method) (% of married women): Q4,SP.DYN.CONU.Q4.ZS,20.4
Comoros,COM,2012,Current use of contraception (any method) (% of married women): Q5 (highest),SP.DYN.CONU.Q5.ZS,22.7
Comoros,COM,2000,Current use of contraception (any method) (% of married women): Q5 (highest),SP.DYN.CONU.Q5.ZS,33
Comoros,COM,1996,Current use of contraception (any method) (% of married women): Q5 (highest),SP.DYN.CONU.Q5.ZS,31.9
Comoros,COM,2012,"Infant mortality rate (per 1,000 live births): Q1 (lowest)",SP.DYN.IMRT.Q1,37
Comoros,COM,1996,"Infant mortality rate (per 1,000 live births): Q1 (lowest)",SP.DYN.IMRT.Q1,87
Comoros,COM,2012,"Infant mortality rate (per 1,000 live births): Q2",SP.DYN.IMRT.Q2,43
Comoros,COM,1996,"Infant mortality rate (per 1,000 live births): Q2",SP.DYN.IMRT.Q2,109
Comoros,COM,2012,"Infant mortality rate (per 1,000 live births): Q3",SP.DYN.IMRT.Q3,42
Comoros,COM,1996,"Infant mortality rate (per 1,000 live births): Q3",SP.DYN.IMRT.Q3,84
Comoros,COM,2012,"Infant mortality rate (per 1,000 live births): Q4",SP.DYN.IMRT.Q4,35
Comoros,COM,1996,"Infant mortality rate (per 1,000 live births): Q4",SP.DYN.IMRT.Q4,63
Comoros,COM,2012,"Infant mortality rate (per 1,000 live births): Q5 (highest)",SP.DYN.IMRT.Q5,34
Comoros,COM,1996,"Infant mortality rate (per 1,000 live births): Q5 (highest)",SP.DYN.IMRT.Q5,65
Comoros,COM,2012, Total fertility rate (TFR) (births per woman): Q1 (lowest),SP.DYN.TFRT.Q1,6.7
Comoros,COM,1996, Total fertility rate (TFR) (births per woman): Q1 (lowest),SP.DYN.TFRT.Q1,6.4
Comoros,COM,2012, Total fertility rate (TFR) (births per woman): Q2,SP.DYN.TFRT.Q2,4.6
Comoros,COM,1996, Total fertility rate (TFR) (births per woman): Q2,SP.DYN.TFRT.Q2,5.5
Comoros,COM,2012, Total fertility rate (TFR) (births per woman): Q3,SP.DYN.TFRT.Q3,4.2
Comoros,COM,1996, Total fertility rate (TFR) (births per woman): Q3,SP.DYN.TFRT.Q3,4.5
Comoros,COM,2012, Total fertility rate (TFR) (births per woman): Q4,SP.DYN.TFRT.Q4,3.5
Comoros,COM,1996, Total fertility rate (TFR) (births per woman): Q4,SP.DYN.TFRT.Q4,4.1
Comoros,COM,2012, Total fertility rate (TFR) (births per woman): Q5 (highest),SP.DYN.TFRT.Q5,3.4
Comoros,COM,1996, Total fertility rate (TFR) (births per woman): Q5 (highest),SP.DYN.TFRT.Q5,3
Comoros,COM,2012,Total wanted fertility rate (births per woman): Q1 (lowest),SP.DYN.WFRT.Q1,5.5
Comoros,COM,1996,Total wanted fertility rate (births per woman): Q1 (lowest),SP.DYN.WFRT.Q1,4.5
Comoros,COM,2012,Total wanted fertility rate (births per woman): Q2,SP.DYN.WFRT.Q2,4
Comoros,COM,1996,Total wanted fertility rate (births per woman): Q2,SP.DYN.WFRT.Q2,4.7
Comoros,COM,2012,Total wanted fertility rate (births per woman): Q3,SP.DYN.WFRT.Q3,3.6
Comoros,COM,1996,Total wanted fertility rate (births per woman): Q3,SP.DYN.WFRT.Q3,3.7
Comoros,COM,2012,Total wanted fertility rate (births per woman): Q4,SP.DYN.WFRT.Q4,3.1
Comoros,COM,1996,Total wanted fertility rate (births per woman): Q4,SP.DYN.WFRT.Q4,3.4
Comoros,COM,2012,Total wanted fertility rate (births per woman): Q5 (highest),SP.DYN.WFRT.Q5,3.2
Comoros,COM,1996,Total wanted fertility rate (births per woman): Q5 (highest),SP.DYN.WFRT.Q5,2.6
Comoros,COM,2012,Teenage pregnancy and motherhood (% of women ages 15-19 who have had children or are currently pregnant): Q1 (lowest),SP.MTR.1519.Q1.ZS,17
Comoros,COM,1996,Teenage pregnancy and motherhood (% of women ages 15-19 who have had children or are currently pregnant): Q1 (lowest),SP.MTR.1519.Q1.ZS,10.5
Comoros,COM,2012,Teenage pregnancy and motherhood (% of women ages 15-19 who have had children or are currently pregnant): Q2,SP.MTR.1519.Q2.ZS,15.7
Comoros,COM,1996,Teenage pregnancy and motherhood (% of women ages 15-19 who have had children or are currently pregnant): Q2,SP.MTR.1519.Q2.ZS,14.5
Comoros,COM,2012,Teenage pregnancy and motherhood (% of women ages 15-19 who have had children or are currently pregnant): Q3,SP.MTR.1519.Q3.ZS,12.2
Comoros,COM,1996,Teenage pregnancy and motherhood (% of women ages 15-19 who have had children or are currently pregnant): Q3,SP.MTR.1519.Q3.ZS,9.2
Comoros,COM,2012,Teenage pregnancy and motherhood (% of women ages 15-19 who have had children or are currently pregnant): Q4,SP.MTR.1519.Q4.ZS,7.4
Comoros,COM,1996,Teenage pregnancy and motherhood (% of women ages 15-19 who have had children or are currently pregnant): Q4,SP.MTR.1519.Q4.ZS,9.4
Comoros,COM,2012,Teenage pregnancy and motherhood (% of women ages 15-19 who have had children or are currently pregnant): Q5 (highest),SP.MTR.1519.Q5.ZS,4.3
Comoros,COM,1996,Teenage pregnancy and motherhood (% of women ages 15-19 who have had children or are currently pregnant): Q5 (highest),SP.MTR.1519.Q5.ZS,3.1
Comoros,COM,2012,Unmet need for family planning (for limiting) (% of married women): Q1 (lowest),SP.UWT.LMTG.Q1.ZS,14.7
Comoros,COM,1996,Unmet need for family planning (for limiting) (% of married women): Q1 (lowest),SP.UWT.LMTG.Q1.ZS,22.5
Comoros,COM,2012,Unmet need for family planning (for limiting) (% of married women): Q2,SP.UWT.LMTG.Q2.ZS,10.8
Comoros,COM,1996,Unmet need for family planning (for limiting) (% of married women): Q2,SP.UWT.LMTG.Q2.ZS,14.1
Comoros,COM,2012,Unmet need for family planning (for limiting) (% of married women): Q3,SP.UWT.LMTG.Q3.ZS,8
Comoros,COM,1996,Unmet need for family planning (for limiting) (% of married women): Q3,SP.UWT.LMTG.Q3.ZS,10.8
Comoros,COM,2012,Unmet need for family planning (for limiting) (% of married women): Q4,SP.UWT.LMTG.Q4.ZS,6.7
Comoros,COM,1996,Unmet need for family planning (for limiting) (% of married women): Q4,SP.UWT.LMTG.Q4.ZS,11.7
Comoros,COM,2012,Unmet need for family planning (for limiting) (% of married women): Q5 (highest),SP.UWT.LMTG.Q5.ZS,3.8
Comoros,COM,1996,Unmet need for family planning (for limiting) (% of married women): Q5 (highest),SP.UWT.LMTG.Q5.ZS,8.5
Comoros,COM,2012,Unmet need for family planning (for spacing) (% of married women): Q1 (lowest),SP.UWT.SPCG.Q1.ZS,27.4
Comoros,COM,1996,Unmet need for family planning (for spacing) (% of married women): Q1 (lowest),SP.UWT.SPCG.Q1.ZS,25
Comoros,COM,2012,Unmet need for family planning (for spacing) (% of married women): Q2,SP.UWT.SPCG.Q2.ZS,23.3
Comoros,COM,1996,Unmet need for family planning (for spacing) (% of married women): Q2,SP.UWT.SPCG.Q2.ZS,24.6
Comoros,COM,2012,Unmet need for family planning (for spacing) (% of married women): Q3,SP.UWT.SPCG.Q3.ZS,25.5
Comoros,COM,1996,Unmet need for family planning (for spacing) (% of married women): Q3,SP.UWT.SPCG.Q3.ZS,23.4
Comoros,COM,2012,Unmet need for family planning (for spacing) (% of married women): Q4,SP.UWT.SPCG.Q4.ZS,22
Comoros,COM,1996,Unmet need for family planning (for spacing) (% of married women): Q4,SP.UWT.SPCG.Q4.ZS,21.4
Comoros,COM,2012,Unmet need for family planning (for spacing) (% of married women): Q5 (highest),SP.UWT.SPCG.Q5.ZS,21.3
Comoros,COM,1996,Unmet need for family planning (for spacing) (% of married women): Q5 (highest),SP.UWT.SPCG.Q5.ZS,15.5
Comoros,COM,2012,Unmet need for family planning (total) (% of married women): Q1 (lowest),SP.UWT.TFRT.Q1.ZS,42.1
Comoros,COM,1996,Unmet need for family planning (total) (% of married women): Q1 (lowest),SP.UWT.TFRT.Q1.ZS,47.5
Comoros,COM,2012,Unmet need for family planning (total) (% of married women): Q2,SP.UWT.TFRT.Q2.ZS,34.1
Comoros,COM,1996,Unmet need for family planning (total) (% of married women): Q2,SP.UWT.TFRT.Q2.ZS,38.7
Comoros,COM,2012,Unmet need for family planning (total) (% of married women): Q3,SP.UWT.TFRT.Q3.ZS,33.6
Comoros,COM,1996,Unmet need for family planning (total) (% of married women): Q3,SP.UWT.TFRT.Q3.ZS,34.1
Comoros,COM,2012,Unmet need for family planning (total) (% of married women): Q4,SP.UWT.TFRT.Q4.ZS,28.6
Comoros,COM,1996,Unmet need for family planning (total) (% of married women): Q4,SP.UWT.TFRT.Q4.ZS,33
Comoros,COM,2012,Unmet need for family planning (total) (% of married women): Q5 (highest),SP.UWT.TFRT.Q5.ZS,25
Comoros,COM,1996,Unmet need for family planning (total) (% of married women): Q5 (highest),SP.UWT.TFRT.Q5.ZS,24
Comoros,COM,2023,"Number of infant deaths, female",SH.DTH.IMRT.FE,397
Comoros,COM,2022,"Number of infant deaths, female",SH.DTH.IMRT.FE,407
Comoros,COM,2021,"Number of infant deaths, female",SH.DTH.IMRT.FE,418
Comoros,COM,2020,"Number of infant deaths, female",SH.DTH.IMRT.FE,426
Comoros,COM,2019,"Number of infant deaths, female",SH.DTH.IMRT.FE,434
Comoros,COM,2018,"Number of infant deaths, female",SH.DTH.IMRT.FE,441
Comoros,COM,2017,"Number of infant deaths, female",SH.DTH.IMRT.FE,448
Comoros,COM,2016,"Number of infant deaths, female",SH.DTH.IMRT.FE,457
Comoros,COM,2015,"Number of infant deaths, female",SH.DTH.IMRT.FE,464
Comoros,COM,2014,"Number of infant deaths, female",SH.DTH.IMRT.FE,468
Comoros,COM,2013,"Number of infant deaths, female",SH.DTH.IMRT.FE,473
Comoros,COM,2012,"Number of infant deaths, female",SH.DTH.IMRT.FE,478
Comoros,COM,2011,"Number of infant deaths, female",SH.DTH.IMRT.FE,480
Comoros,COM,2010,"Number of infant deaths, female",SH.DTH.IMRT.FE,480
Comoros,COM,2009,"Number of infant deaths, female",SH.DTH.IMRT.FE,480
Comoros,COM,2008,"Number of infant deaths, female",SH.DTH.IMRT.FE,483
Comoros,COM,2007,"Number of infant deaths, female",SH.DTH.IMRT.FE,488
Comoros,COM,2006,"Number of infant deaths, female",SH.DTH.IMRT.FE,496
Comoros,COM,2005,"Number of infant deaths, female",SH.DTH.IMRT.FE,502
Comoros,COM,2004,"Number of infant deaths, female",SH.DTH.IMRT.FE,509
Comoros,COM,2003,"Number of infant deaths, female",SH.DTH.IMRT.FE,519
Comoros,COM,2002,"Number of infant deaths, female",SH.DTH.IMRT.FE,531
Comoros,COM,2001,"Number of infant deaths, female",SH.DTH.IMRT.FE,543
Comoros,COM,2000,"Number of infant deaths, female",SH.DTH.IMRT.FE,556
Comoros,COM,1999,"Number of infant deaths, female",SH.DTH.IMRT.FE,573
Comoros,COM,1998,"Number of infant deaths, female",SH.DTH.IMRT.FE,597
Comoros,COM,1997,"Number of infant deaths, female",SH.DTH.IMRT.FE,622
Comoros,COM,1996,"Number of infant deaths, female",SH.DTH.IMRT.FE,647
Comoros,COM,1995,"Number of infant deaths, female",SH.DTH.IMRT.FE,674
Comoros,COM,1994,"Number of infant deaths, female",SH.DTH.IMRT.FE,705
Comoros,COM,1993,"Number of infant deaths, female",SH.DTH.IMRT.FE,742
Comoros,COM,1992,"Number of infant deaths, female",SH.DTH.IMRT.FE,775
Comoros,COM,1991,"Number of infant deaths, female",SH.DTH.IMRT.FE,800
Comoros,COM,1990,"Number of infant deaths, female",SH.DTH.IMRT.FE,823
Comoros,COM,1989,"Number of infant deaths, female",SH.DTH.IMRT.FE,841
Comoros,COM,1988,"Number of infant deaths, female",SH.DTH.IMRT.FE,857
Comoros,COM,1987,"Number of infant deaths, female",SH.DTH.IMRT.FE,871
Comoros,COM,1986,"Number of infant deaths, female",SH.DTH.IMRT.FE,881
Comoros,COM,1985,"Number of infant deaths, female",SH.DTH.IMRT.FE,889
Comoros,COM,1984,"Number of infant deaths, female",SH.DTH.IMRT.FE,895
Comoros,COM,1983,"Number of infant deaths, female",SH.DTH.IMRT.FE,901
Comoros,COM,1982,"Number of infant deaths, female",SH.DTH.IMRT.FE,905
Comoros,COM,1981,"Number of infant deaths, female",SH.DTH.IMRT.FE,905
Comoros,COM,1980,"Number of infant deaths, female",SH.DTH.IMRT.FE,902
Comoros,COM,1979,"Number of infant deaths, female",SH.DTH.IMRT.FE,897
Comoros,COM,1978,"Number of infant deaths, female",SH.DTH.IMRT.FE,887
Comoros,COM,1977,"Number of infant deaths, female",SH.DTH.IMRT.FE,878
Comoros,COM,1976,"Number of infant deaths, female",SH.DTH.IMRT.FE,868
Comoros,COM,1975,"Number of infant deaths, female",SH.DTH.IMRT.FE,857
Comoros,COM,1974,"Number of infant deaths, female",SH.DTH.IMRT.FE,846
Comoros,COM,2023,"Number of infant deaths, male",SH.DTH.IMRT.MA,464
Comoros,COM,2022,"Number of infant deaths, male",SH.DTH.IMRT.MA,477
Comoros,COM,2021,"Number of infant deaths, male",SH.DTH.IMRT.MA,487
Comoros,COM,2020,"Number of infant deaths, male",SH.DTH.IMRT.MA,497
Comoros,COM,2019,"Number of infant deaths, male",SH.DTH.IMRT.MA,504
Comoros,COM,2018,"Number of infant deaths, male",SH.DTH.IMRT.MA,510
Comoros,COM,2017,"Number of infant deaths, male",SH.DTH.IMRT.MA,519
Comoros,COM,2016,"Number of infant deaths, male",SH.DTH.IMRT.MA,529
Comoros,COM,2015,"Number of infant deaths, male",SH.DTH.IMRT.MA,538
Comoros,COM,2014,"Number of infant deaths, male",SH.DTH.IMRT.MA,545
Comoros,COM,2013,"Number of infant deaths, male",SH.DTH.IMRT.MA,551
Comoros,COM,2012,"Number of infant deaths, male",SH.DTH.IMRT.MA,556
Comoros,COM,2011,"Number of infant deaths, male",SH.DTH.IMRT.MA,559
Comoros,COM,2010,"Number of infant deaths, male",SH.DTH.IMRT.MA,560
Comoros,COM,2009,"Number of infant deaths, male",SH.DTH.IMRT.MA,562
Comoros,COM,2008,"Number of infant deaths, male",SH.DTH.IMRT.MA,565
Comoros,COM,2007,"Number of infant deaths, male",SH.DTH.IMRT.MA,573
Comoros,COM,2006,"Number of infant deaths, male",SH.DTH.IMRT.MA,583
Comoros,COM,2005,"Number of infant deaths, male",SH.DTH.IMRT.MA,590
Comoros,COM,2004,"Number of infant deaths, male",SH.DTH.IMRT.MA,598
Comoros,COM,2003,"Number of infant deaths, male",SH.DTH.IMRT.MA,612
Comoros,COM,2002,"Number of infant deaths, male",SH.DTH.IMRT.MA,626
Comoros,COM,2001,"Number of infant deaths, male",SH.DTH.IMRT.MA,640
Comoros,COM,2000,"Number of infant deaths, male",SH.DTH.IMRT.MA,654
Comoros,COM,1999,"Number of infant deaths, male",SH.DTH.IMRT.MA,674
Comoros,COM,1998,"Number of infant deaths, male",SH.DTH.IMRT.MA,701
Comoros,COM,1997,"Number of infant deaths, male",SH.DTH.IMRT.MA,731
Comoros,COM,1996,"Number of infant deaths, male",SH.DTH.IMRT.MA,759
Comoros,COM,1995,"Number of infant deaths, male",SH.DTH.IMRT.MA,790
Comoros,COM,1994,"Number of infant deaths, male",SH.DTH.IMRT.MA,828
Comoros,COM,1993,"Number of infant deaths, male",SH.DTH.IMRT.MA,870
Comoros,COM,1992,"Number of infant deaths, male",SH.DTH.IMRT.MA,906
Comoros,COM,1991,"Number of infant deaths, male",SH.DTH.IMRT.MA,933
Comoros,COM,1990,"Number of infant deaths, male",SH.DTH.IMRT.MA,956
Comoros,COM,1989,"Number of infant deaths, male",SH.DTH.IMRT.MA,975
Comoros,COM,1988,"Number of infant deaths, male",SH.DTH.IMRT.MA,991
Comoros,COM,1987,"Number of infant deaths, male",SH.DTH.IMRT.MA,1006
Comoros,COM,1986,"Number of infant deaths, male",SH.DTH.IMRT.MA,1016
Comoros,COM,1985,"Number of infant deaths, male",SH.DTH.IMRT.MA,1024
Comoros,COM,1984,"Number of infant deaths, male",SH.DTH.IMRT.MA,1030
Comoros,COM,1983,"Number of infant deaths, male",SH.DTH.IMRT.MA,1032
Comoros,COM,1982,"Number of infant deaths, male",SH.DTH.IMRT.MA,1034
Comoros,COM,1981,"Number of infant deaths, male",SH.DTH.IMRT.MA,1033
Comoros,COM,1980,"Number of infant deaths, male",SH.DTH.IMRT.MA,1028
Comoros,COM,1979,"Number of infant deaths, male",SH.DTH.IMRT.MA,1019
Comoros,COM,1978,"Number of infant deaths, male",SH.DTH.IMRT.MA,1009
Comoros,COM,1977,"Number of infant deaths, male",SH.DTH.IMRT.MA,996
Comoros,COM,1976,"Number of infant deaths, male",SH.DTH.IMRT.MA,985
Comoros,COM,1975,"Number of infant deaths, male",SH.DTH.IMRT.MA,974
Comoros,COM,1974,"Number of infant deaths, male",SH.DTH.IMRT.MA,963
Comoros,COM,2023,"Number of under-five deaths, female",SH.DTH.MORT.FE,442
Comoros,COM,2022,"Number of under-five deaths, female",SH.DTH.MORT.FE,454
Comoros,COM,2021,"Number of under-five deaths, female",SH.DTH.MORT.FE,467
Comoros,COM,2020,"Number of under-five deaths, female",SH.DTH.MORT.FE,478
Comoros,COM,2019,"Number of under-five deaths, female",SH.DTH.MORT.FE,488
Comoros,COM,2018,"Number of under-five deaths, female",SH.DTH.MORT.FE,499
Comoros,COM,2017,"Number of under-five deaths, female",SH.DTH.MORT.FE,510
Comoros,COM,2016,"Number of under-five deaths, female",SH.DTH.MORT.FE,521
Comoros,COM,2015,"Number of under-five deaths, female",SH.DTH.MORT.FE,530
Comoros,COM,2014,"Number of under-five deaths, female",SH.DTH.MORT.FE,538
Comoros,COM,2013,"Number of under-five deaths, female",SH.DTH.MORT.FE,545
Comoros,COM,2012,"Number of under-five deaths, female",SH.DTH.MORT.FE,552
Comoros,COM,2011,"Number of under-five deaths, female",SH.DTH.MORT.FE,556
Comoros,COM,2010,"Number of under-five deaths, female",SH.DTH.MORT.FE,558
Comoros,COM,2009,"Number of under-five deaths, female",SH.DTH.MORT.FE,563
Comoros,COM,2008,"Number of under-five deaths, female",SH.DTH.MORT.FE,570
Comoros,COM,2007,"Number of under-five deaths, female",SH.DTH.MORT.FE,579
Comoros,COM,2006,"Number of under-five deaths, female",SH.DTH.MORT.FE,591
Comoros,COM,2005,"Number of under-five deaths, female",SH.DTH.MORT.FE,602
Comoros,COM,2004,"Number of under-five deaths, female",SH.DTH.MORT.FE,613
Comoros,COM,2003,"Number of under-five deaths, female",SH.DTH.MORT.FE,629
Comoros,COM,2002,"Number of under-five deaths, female",SH.DTH.MORT.FE,648
Comoros,COM,2001,"Number of under-five deaths, female",SH.DTH.MORT.FE,668
Comoros,COM,2000,"Number of under-five deaths, female",SH.DTH.MORT.FE,689
Comoros,COM,1999,"Number of under-five deaths, female",SH.DTH.MORT.FE,715
Comoros,COM,1998,"Number of under-five deaths, female",SH.DTH.MORT.FE,749
Comoros,COM,1997,"Number of under-five deaths, female",SH.DTH.MORT.FE,786
Comoros,COM,1996,"Number of under-five deaths, female",SH.DTH.MORT.FE,823
Comoros,COM,1995,"Number of under-five deaths, female",SH.DTH.MORT.FE,862
Comoros,COM,1994,"Number of under-five deaths, female",SH.DTH.MORT.FE,907
Comoros,COM,1993,"Number of under-five deaths, female",SH.DTH.MORT.FE,958
Comoros,COM,1992,"Number of under-five deaths, female",SH.DTH.MORT.FE,1003
Comoros,COM,1991,"Number of under-five deaths, female",SH.DTH.MORT.FE,1038
Comoros,COM,1990,"Number of under-five deaths, female",SH.DTH.MORT.FE,1072
Comoros,COM,1989,"Number of under-five deaths, female",SH.DTH.MORT.FE,1100
Comoros,COM,1988,"Number of under-five deaths, female",SH.DTH.MORT.FE,1124
Comoros,COM,1987,"Number of under-five deaths, female",SH.DTH.MORT.FE,1148
Comoros,COM,1986,"Number of under-five deaths, female",SH.DTH.MORT.FE,1167
Comoros,COM,1985,"Number of under-five deaths, female",SH.DTH.MORT.FE,1183
Comoros,COM,1984,"Number of under-five deaths, female",SH.DTH.MORT.FE,1198
Comoros,COM,1983,"Number of under-five deaths, female",SH.DTH.MORT.FE,1211
Comoros,COM,1982,"Number of under-five deaths, female",SH.DTH.MORT.FE,1221
Comoros,COM,1981,"Number of under-five deaths, female",SH.DTH.MORT.FE,1228
Comoros,COM,1980,"Number of under-five deaths, female",SH.DTH.MORT.FE,1232
Comoros,COM,1979,"Number of under-five deaths, female",SH.DTH.MORT.FE,1232
Comoros,COM,1978,"Number of under-five deaths, female",SH.DTH.MORT.FE,1228
Comoros,COM,2023,"Number of under-five deaths, male",SH.DTH.MORT.MA,519
Comoros,COM,2022,"Number of under-five deaths, male",SH.DTH.MORT.MA,534
Comoros,COM,2021,"Number of under-five deaths, male",SH.DTH.MORT.MA,547
Comoros,COM,2020,"Number of under-five deaths, male",SH.DTH.MORT.MA,559
Comoros,COM,2019,"Number of under-five deaths, male",SH.DTH.MORT.MA,570
Comoros,COM,2018,"Number of under-five deaths, male",SH.DTH.MORT.MA,579
Comoros,COM,2017,"Number of under-five deaths, male",SH.DTH.MORT.MA,591
Comoros,COM,2016,"Number of under-five deaths, male",SH.DTH.MORT.MA,604
Comoros,COM,2015,"Number of under-five deaths, male",SH.DTH.MORT.MA,617
Comoros,COM,2014,"Number of under-five deaths, male",SH.DTH.MORT.MA,625
Comoros,COM,2013,"Number of under-five deaths, male",SH.DTH.MORT.MA,633
Comoros,COM,2012,"Number of under-five deaths, male",SH.DTH.MORT.MA,641
Comoros,COM,2011,"Number of under-five deaths, male",SH.DTH.MORT.MA,647
Comoros,COM,2010,"Number of under-five deaths, male",SH.DTH.MORT.MA,651
Comoros,COM,2009,"Number of under-five deaths, male",SH.DTH.MORT.MA,655
Comoros,COM,2008,"Number of under-five deaths, male",SH.DTH.MORT.MA,662
Comoros,COM,2007,"Number of under-five deaths, male",SH.DTH.MORT.MA,674
Comoros,COM,2006,"Number of under-five deaths, male",SH.DTH.MORT.MA,688
Comoros,COM,2005,"Number of under-five deaths, male",SH.DTH.MORT.MA,700
Comoros,COM,2004,"Number of under-five deaths, male",SH.DTH.MORT.MA,714
Comoros,COM,2003,"Number of under-five deaths, male",SH.DTH.MORT.MA,733
Comoros,COM,2002,"Number of under-five deaths, male",SH.DTH.MORT.MA,754
Comoros,COM,2001,"Number of under-five deaths, male",SH.DTH.MORT.MA,775
Comoros,COM,2000,"Number of under-five deaths, male",SH.DTH.MORT.MA,798
Comoros,COM,1999,"Number of under-five deaths, male",SH.DTH.MORT.MA,828
Comoros,COM,1998,"Number of under-five deaths, male",SH.DTH.MORT.MA,865
Comoros,COM,1997,"Number of under-five deaths, male",SH.DTH.MORT.MA,906
Comoros,COM,1996,"Number of under-five deaths, male",SH.DTH.MORT.MA,947
Comoros,COM,1995,"Number of under-five deaths, male",SH.DTH.MORT.MA,991
Comoros,COM,1994,"Number of under-five deaths, male",SH.DTH.MORT.MA,1041
Comoros,COM,1993,"Number of under-five deaths, male",SH.DTH.MORT.MA,1095
Comoros,COM,1992,"Number of under-five deaths, male",SH.DTH.MORT.MA,1143
Comoros,COM,1991,"Number of under-five deaths, male",SH.DTH.MORT.MA,1182
Comoros,COM,1990,"Number of under-five deaths, male",SH.DTH.MORT.MA,1215
Comoros,COM,1989,"Number of under-five deaths, male",SH.DTH.MORT.MA,1244
Comoros,COM,1988,"Number of under-five deaths, male",SH.DTH.MORT.MA,1270
Comoros,COM,1987,"Number of under-five deaths, male",SH.DTH.MORT.MA,1293
Comoros,COM,1986,"Number of under-five deaths, male",SH.DTH.MORT.MA,1312
Comoros,COM,1985,"Number of under-five deaths, male",SH.DTH.MORT.MA,1328
Comoros,COM,1984,"Number of under-five deaths, male",SH.DTH.MORT.MA,1341
Comoros,COM,1983,"Number of under-five deaths, male",SH.DTH.MORT.MA,1351
Comoros,COM,1982,"Number of under-five deaths, male",SH.DTH.MORT.MA,1361
Comoros,COM,1981,"Number of under-five deaths, male",SH.DTH.MORT.MA,1367
Comoros,COM,1980,"Number of under-five deaths, male",SH.DTH.MORT.MA,1367
Comoros,COM,1979,"Number of under-five deaths, male",SH.DTH.MORT.MA,1364
Comoros,COM,1978,"Number of under-five deaths, male",SH.DTH.MORT.MA,1360
Comoros,COM,2023,Number of stillbirths,SH.DTH.STLB,522
Comoros,COM,2022,Number of stillbirths,SH.DTH.STLB,525
Comoros,COM,2021,Number of stillbirths,SH.DTH.STLB,528
Comoros,COM,2020,Number of stillbirths,SH.DTH.STLB,532
Comoros,COM,2019,Number of stillbirths,SH.DTH.STLB,535
Comoros,COM,2018,Number of stillbirths,SH.DTH.STLB,536
Comoros,COM,2017,Number of stillbirths,SH.DTH.STLB,538
Comoros,COM,2016,Number of stillbirths,SH.DTH.STLB,547
Comoros,COM,2015,Number of stillbirths,SH.DTH.STLB,553
Comoros,COM,2014,Number of stillbirths,SH.DTH.STLB,557
Comoros,COM,2013,Number of stillbirths,SH.DTH.STLB,560
Comoros,COM,2012,Number of stillbirths,SH.DTH.STLB,565
Comoros,COM,2011,Number of stillbirths,SH.DTH.STLB,567
Comoros,COM,2010,Number of stillbirths,SH.DTH.STLB,563
Comoros,COM,2009,Number of stillbirths,SH.DTH.STLB,560
Comoros,COM,2008,Number of stillbirths,SH.DTH.STLB,551
Comoros,COM,2007,Number of stillbirths,SH.DTH.STLB,547
Comoros,COM,2006,Number of stillbirths,SH.DTH.STLB,544
Comoros,COM,2005,Number of stillbirths,SH.DTH.STLB,541
Comoros,COM,2004,Number of stillbirths,SH.DTH.STLB,537
Comoros,COM,2003,Number of stillbirths,SH.DTH.STLB,543
Comoros,COM,2002,Number of stillbirths,SH.DTH.STLB,562
Comoros,COM,2001,Number of stillbirths,SH.DTH.STLB,587
Comoros,COM,2000,Number of stillbirths,SH.DTH.STLB,614
Comoros,COM,2023,"Stillbirth rate (per 1,000 total births)",SH.DYN.STLB,21
Comoros,COM,2022,"Stillbirth rate (per 1,000 total births)",SH.DYN.STLB,21.2
Comoros,COM,2021,"Stillbirth rate (per 1,000 total births)",SH.DYN.STLB,21.4
Comoros,COM,2020,"Stillbirth rate (per 1,000 total births)",SH.DYN.STLB,21.7
Comoros,COM,2019,"Stillbirth rate (per 1,000 total births)",SH.DYN.STLB,21.8
Comoros,COM,2018,"Stillbirth rate (per 1,000 total births)",SH.DYN.STLB,22
Comoros,COM,2017,"Stillbirth rate (per 1,000 total births)",SH.DYN.STLB,22.2
Comoros,COM,2016,"Stillbirth rate (per 1,000 total births)",SH.DYN.STLB,22.5
Comoros,COM,2015,"Stillbirth rate (per 1,000 total births)",SH.DYN.STLB,22.7
Comoros,COM,2014,"Stillbirth rate (per 1,000 total births)",SH.DYN.STLB,22.9
Comoros,COM,2013,"Stillbirth rate (per 1,000 total births)",SH.DYN.STLB,23.2
Comoros,COM,2012,"Stillbirth rate (per 1,000 total births)",SH.DYN.STLB,23.7
Comoros,COM,2011,"Stillbirth rate (per 1,000 total births)",SH.DYN.STLB,24
Comoros,COM,2010,"Stillbirth rate (per 1,000 total births)",SH.DYN.STLB,24.4
Comoros,COM,2009,"Stillbirth rate (per 1,000 total births)",SH.DYN.STLB,24.8
Comoros,COM,2008,"Stillbirth rate (per 1,000 total births)",SH.DYN.STLB,25
Comoros,COM,2007,"Stillbirth rate (per 1,000 total births)",SH.DYN.STLB,25.3
Comoros,COM,2006,"Stillbirth rate (per 1,000 total births)",SH.DYN.STLB,25.6
Comoros,COM,2005,"Stillbirth rate (per 1,000 total births)",SH.DYN.STLB,25.8
Comoros,COM,2004,"Stillbirth rate (per 1,000 total births)",SH.DYN.STLB,26.2
Comoros,COM,2003,"Stillbirth rate (per 1,000 total births)",SH.DYN.STLB,26.9
Comoros,COM,2002,"Stillbirth rate (per 1,000 total births)",SH.DYN.STLB,28.1
Comoros,COM,2001,"Stillbirth rate (per 1,000 total births)",SH.DYN.STLB,29.7
Comoros,COM,2000,"Stillbirth rate (per 1,000 total births)",SH.DYN.STLB,31.4
Comoros,COM,2022,"Incidence of HIV, ages 50+ (per 1,000 uninfected population ages 50+)",SH.HIV.INCD.50.P3,0.01
Comoros,COM,2021,"Incidence of HIV, ages 50+ (per 1,000 uninfected population ages 50+)",SH.HIV.INCD.50.P3,0.01
Comoros,COM,2020,"Incidence of HIV, ages 50+ (per 1,000 uninfected population ages 50+)",SH.HIV.INCD.50.P3,0.01
Comoros,COM,2019,"Incidence of HIV, ages 50+ (per 1,000 uninfected population ages 50+)",SH.HIV.INCD.50.P3,0.01
Comoros,COM,2018,"Incidence of HIV, ages 50+ (per 1,000 uninfected population ages 50+)",SH.HIV.INCD.50.P3,0.01
Comoros,COM,2017,"Incidence of HIV, ages 50+ (per 1,000 uninfected population ages 50+)",SH.HIV.INCD.50.P3,0.01
Comoros,COM,2016,"Incidence of HIV, ages 50+ (per 1,000 uninfected population ages 50+)",SH.HIV.INCD.50.P3,0.01
Comoros,COM,2015,"Incidence of HIV, ages 50+ (per 1,000 uninfected population ages 50+)",SH.HIV.INCD.50.P3,0.01
Comoros,COM,2014,"Incidence of HIV, ages 50+ (per 1,000 uninfected population ages 50+)",SH.HIV.INCD.50.P3,0.01
Comoros,COM,2013,"Incidence of HIV, ages 50+ (per 1,000 uninfected population ages 50+)",SH.HIV.INCD.50.P3,0.01
Comoros,COM,2012,"Incidence of HIV, ages 50+ (per 1,000 uninfected population ages 50+)",SH.HIV.INCD.50.P3,0.01
Comoros,COM,2011,"Incidence of HIV, ages 50+ (per 1,000 uninfected population ages 50+)",SH.HIV.INCD.50.P3,0.01
Comoros,COM,2010,"Incidence of HIV, ages 50+ (per 1,000 uninfected population ages 50+)",SH.HIV.INCD.50.P3,0.01
Comoros,COM,2009,"Incidence of HIV, ages 50+ (per 1,000 uninfected population ages 50+)",SH.HIV.INCD.50.P3,0.01
Comoros,COM,2008,"Incidence of HIV, ages 50+ (per 1,000 uninfected population ages 50+)",SH.HIV.INCD.50.P3,0.01
Comoros,COM,2007,"Incidence of HIV, ages 50+ (per 1,000 uninfected population ages 50+)",SH.HIV.INCD.50.P3,0.01
Comoros,COM,2006,"Incidence of HIV, ages 50+ (per 1,000 uninfected population ages 50+)",SH.HIV.INCD.50.P3,0.01
Comoros,COM,2005,"Incidence of HIV, ages 50+ (per 1,000 uninfected population ages 50+)",SH.HIV.INCD.50.P3,0.01
Comoros,COM,2004,"Incidence of HIV, ages 50+ (per 1,000 uninfected population ages 50+)",SH.HIV.INCD.50.P3,0.01
Comoros,COM,2003,"Incidence of HIV, ages 50+ (per 1,000 uninfected population ages 50+)",SH.HIV.INCD.50.P3,0.01
Comoros,COM,2002,"Incidence of HIV, ages 50+ (per 1,000 uninfected population ages 50+)",SH.HIV.INCD.50.P3,0.01
Comoros,COM,2001,"Incidence of HIV, ages 50+ (per 1,000 uninfected population ages 50+)",SH.HIV.INCD.50.P3,0.01
Comoros,COM,2000,"Incidence of HIV, ages 50+ (per 1,000 uninfected population ages 50+)",SH.HIV.INCD.50.P3,0.01
Comoros,COM,1999,"Incidence of HIV, ages 50+ (per 1,000 uninfected population ages 50+)",SH.HIV.INCD.50.P3,0.01
Comoros,COM,1998,"Incidence of HIV, ages 50+ (per 1,000 uninfected population ages 50+)",SH.HIV.INCD.50.P3,0.01
Comoros,COM,1997,"Incidence of HIV, ages 50+ (per 1,000 uninfected population ages 50+)",SH.HIV.INCD.50.P3,0.01
Comoros,COM,1996,"Incidence of HIV, ages 50+ (per 1,000 uninfected population ages 50+)",SH.HIV.INCD.50.P3,0.01
Comoros,COM,1995,"Incidence of HIV, ages 50+ (per 1,000 uninfected population ages 50+)",SH.HIV.INCD.50.P3,0.01
Comoros,COM,1994,"Incidence of HIV, ages 50+ (per 1,000 uninfected population ages 50+)",SH.HIV.INCD.50.P3,0.01
Comoros,COM,1993,"Incidence of HIV, ages 50+ (per 1,000 uninfected population ages 50+)",SH.HIV.INCD.50.P3,0.01
Comoros,COM,1992,"Incidence of HIV, ages 50+ (per 1,000 uninfected population ages 50+)",SH.HIV.INCD.50.P3,0.01
Comoros,COM,1991,"Incidence of HIV, ages 50+ (per 1,000 uninfected population ages 50+)",SH.HIV.INCD.50.P3,0.01
Comoros,COM,1990,"Incidence of HIV, ages 50+ (per 1,000 uninfected population ages 50+)",SH.HIV.INCD.50.P3,0.01
Comoros,COM,2023,"Immunization, measles second dose (% of children by the nationally recommended age)",SH.IMM.MEA2,79
Comoros,COM,2022,"Immunization, measles second dose (% of children by the nationally recommended age)",SH.IMM.MEA2,79
Comoros,COM,2021,"Immunization, measles second dose (% of children by the nationally recommended age)",SH.IMM.MEA2,19
Comoros,COM,2012,Intermittent preventive treatment (IPT) of malaria in pregnancy (% of pregnant women),SH.MLR.IPTP.ZS,11
Comoros,COM,2024,"Population ages 80 and above, female",SP.POP.80UP.FE,3184
Comoros,COM,2023,"Population ages 80 and above, female",SP.POP.80UP.FE,3022
Comoros,COM,2022,"Population ages 80 and above, female",SP.POP.80UP.FE,2867
Comoros,COM,2021,"Population ages 80 and above, female",SP.POP.80UP.FE,2757
Comoros,COM,2020,"Population ages 80 and above, female",SP.POP.80UP.FE,2658
Comoros,COM,2019,"Population ages 80 and above, female",SP.POP.80UP.FE,2540
Comoros,COM,2018,"Population ages 80 and above, female",SP.POP.80UP.FE,2431
Comoros,COM,2017,"Population ages 80 and above, female",SP.POP.80UP.FE,2353
Comoros,COM,2016,"Population ages 80 and above, female",SP.POP.80UP.FE,2315
Comoros,COM,2015,"Population ages 80 and above, female",SP.POP.80UP.FE,2307
Comoros,COM,2014,"Population ages 80 and above, female",SP.POP.80UP.FE,2299
Comoros,COM,2013,"Population ages 80 and above, female",SP.POP.80UP.FE,2266
Comoros,COM,2012,"Population ages 80 and above, female",SP.POP.80UP.FE,2184
Comoros,COM,2011,"Population ages 80 and above, female",SP.POP.80UP.FE,2056
Comoros,COM,2010,"Population ages 80 and above, female",SP.POP.80UP.FE,1909
Comoros,COM,2009,"Population ages 80 and above, female",SP.POP.80UP.FE,1772
Comoros,COM,2008,"Population ages 80 and above, female",SP.POP.80UP.FE,1682
Comoros,COM,2007,"Population ages 80 and above, female",SP.POP.80UP.FE,1665
Comoros,COM,2006,"Population ages 80 and above, female",SP.POP.80UP.FE,1698
Comoros,COM,2005,"Population ages 80 and above, female",SP.POP.80UP.FE,1735
Comoros,COM,2004,"Population ages 80 and above, female",SP.POP.80UP.FE,1747
Comoros,COM,2003,"Population ages 80 and above, female",SP.POP.80UP.FE,1734
Comoros,COM,2002,"Population ages 80 and above, female",SP.POP.80UP.FE,1710
Comoros,COM,2001,"Population ages 80 and above, female",SP.POP.80UP.FE,1681
Comoros,COM,2000,"Population ages 80 and above, female",SP.POP.80UP.FE,1649
Comoros,COM,1999,"Population ages 80 and above, female",SP.POP.80UP.FE,1612
Comoros,COM,1998,"Population ages 80 and above, female",SP.POP.80UP.FE,1569
Comoros,COM,1997,"Population ages 80 and above, female",SP.POP.80UP.FE,1519
Comoros,COM,1996,"Population ages 80 and above, female",SP.POP.80UP.FE,1460
Comoros,COM,1995,"Population ages 80 and above, female",SP.POP.80UP.FE,1398
Comoros,COM,1994,"Population ages 80 and above, female",SP.POP.80UP.FE,1347
Comoros,COM,1993,"Population ages 80 and above, female",SP.POP.80UP.FE,1300
Comoros,COM,1992,"Population ages 80 and above, female",SP.POP.80UP.FE,1255
Comoros,COM,1991,"Population ages 80 and above, female",SP.POP.80UP.FE,1214
Comoros,COM,1990,"Population ages 80 and above, female",SP.POP.80UP.FE,1175
Comoros,COM,1989,"Population ages 80 and above, female",SP.POP.80UP.FE,1140
Comoros,COM,1988,"Population ages 80 and above, female",SP.POP.80UP.FE,1105
Comoros,COM,1987,"Population ages 80 and above, female",SP.POP.80UP.FE,1073
Comoros,COM,1986,"Population ages 80 and above, female",SP.POP.80UP.FE,1043
Comoros,COM,1985,"Population ages 80 and above, female",SP.POP.80UP.FE,1014
Comoros,COM,1984,"Population ages 80 and above, female",SP.POP.80UP.FE,983
Comoros,COM,1983,"Population ages 80 and above, female",SP.POP.80UP.FE,944
Comoros,COM,1982,"Population ages 80 and above, female",SP.POP.80UP.FE,902
Comoros,COM,1981,"Population ages 80 and above, female",SP.POP.80UP.FE,854
Comoros,COM,1980,"Population ages 80 and above, female",SP.POP.80UP.FE,805
Comoros,COM,1979,"Population ages 80 and above, female",SP.POP.80UP.FE,759
Comoros,COM,1978,"Population ages 80 and above, female",SP.POP.80UP.FE,718
Comoros,COM,1977,"Population ages 80 and above, female",SP.POP.80UP.FE,683
Comoros,COM,1976,"Population ages 80 and above, female",SP.POP.80UP.FE,652
Comoros,COM,1975,"Population ages 80 and above, female",SP.POP.80UP.FE,628
Comoros,COM,1974,"Population ages 80 and above, female",SP.POP.80UP.FE,606
Comoros,COM,1973,"Population ages 80 and above, female",SP.POP.80UP.FE,587
Comoros,COM,1972,"Population ages 80 and above, female",SP.POP.80UP.FE,569
Comoros,COM,1971,"Population ages 80 and above, female",SP.POP.80UP.FE,551
Comoros,COM,1970,"Population ages 80 and above, female",SP.POP.80UP.FE,535
Comoros,COM,1969,"Population ages 80 and above, female",SP.POP.80UP.FE,520
Comoros,COM,1968,"Population ages 80 and above, female",SP.POP.80UP.FE,507
Comoros,COM,1967,"Population ages 80 and above, female",SP.POP.80UP.FE,496
Comoros,COM,1966,"Population ages 80 and above, female",SP.POP.80UP.FE,488
Comoros,COM,1965,"Population ages 80 and above, female",SP.POP.80UP.FE,480
Comoros,COM,1964,"Population ages 80 and above, female",SP.POP.80UP.FE,474
Comoros,COM,1963,"Population ages 80 and above, female",SP.POP.80UP.FE,469
Comoros,COM,1962,"Population ages 80 and above, female",SP.POP.80UP.FE,465
Comoros,COM,1961,"Population ages 80 and above, female",SP.POP.80UP.FE,458
Comoros,COM,1960,"Population ages 80 and above, female",SP.POP.80UP.FE,449
Comoros,COM,1996,"Mortality rate, female child (per 1,000 female children age one)",SH.DYN.CHLD.FE,30.6
Comoros,COM,1996,"Mortality rate, male child (per 1,000 male children age one)",SH.DYN.CHLD.MA,32.4
Comoros,COM,2011,"Health expenditure, private (% of total health expenditure)",SH.XPD.PRIV,42.17
Comoros,COM,2010,"Health expenditure, private (% of total health expenditure)",SH.XPD.PRIV,42.83
Comoros,COM,2009,"Health expenditure, private (% of total health expenditure)",SH.XPD.PRIV,57.44
Comoros,COM,2008,"Health expenditure, private (% of total health expenditure)",SH.XPD.PRIV,42.61
Comoros,COM,2007,"Health expenditure, private (% of total health expenditure)",SH.XPD.PRIV,44.95
Comoros,COM,2006,"Health expenditure, private (% of total health expenditure)",SH.XPD.PRIV,46.63
Comoros,COM,2005,"Health expenditure, private (% of total health expenditure)",SH.XPD.PRIV,49.51
Comoros,COM,2004,"Health expenditure, private (% of total health expenditure)",SH.XPD.PRIV,50.11
Comoros,COM,2003,"Health expenditure, private (% of total health expenditure)",SH.XPD.PRIV,52.47
Comoros,COM,2002,"Health expenditure, private (% of total health expenditure)",SH.XPD.PRIV,53.37
Comoros,COM,2001,"Health expenditure, private (% of total health expenditure)",SH.XPD.PRIV,62.91
Comoros,COM,2000,"Health expenditure, private (% of total health expenditure)",SH.XPD.PRIV,57.89
Comoros,COM,1999,"Health expenditure, private (% of total health expenditure)",SH.XPD.PRIV,49.95
Comoros,COM,1998,"Health expenditure, private (% of total health expenditure)",SH.XPD.PRIV,46.7
Comoros,COM,1997,"Health expenditure, private (% of total health expenditure)",SH.XPD.PRIV,43.18
Comoros,COM,1996,"Health expenditure, private (% of total health expenditure)",SH.XPD.PRIV,40.13
Comoros,COM,1995,"Health expenditure, private (% of total health expenditure)",SH.XPD.PRIV,38.27
Comoros,COM,2008,Depth of hunger (kilocalories per person per day),SN.ITK.DPTH,300
Comoros,COM,2002,Depth of hunger (kilocalories per person per day),SN.ITK.DPTH,320
Comoros,COM,1997,Depth of hunger (kilocalories per person per day),SN.ITK.DPTH,300
Comoros,COM,1992,Depth of hunger (kilocalories per person per day),SN.ITK.DPTH,270
Comoros,COM,2022,"Incidence of HIV, ages 15-24, male (per 1,000 uninfected male population ages 15-24)",SH.HIV.INCD.YG.MA.P3,0.01
Comoros,COM,2021,"Incidence of HIV, ages 15-24, male (per 1,000 uninfected male population ages 15-24)",SH.HIV.INCD.YG.MA.P3,0.01
Comoros,COM,2020,"Incidence of HIV, ages 15-24, male (per 1,000 uninfected male population ages 15-24)",SH.HIV.INCD.YG.MA.P3,0.01
Comoros,COM,2019,"Incidence of HIV, ages 15-24, male (per 1,000 uninfected male population ages 15-24)",SH.HIV.INCD.YG.MA.P3,0.01
Comoros,COM,2018,"Incidence of HIV, ages 15-24, male (per 1,000 uninfected male population ages 15-24)",SH.HIV.INCD.YG.MA.P3,0.01
Comoros,COM,2017,"Incidence of HIV, ages 15-24, male (per 1,000 uninfected male population ages 15-24)",SH.HIV.INCD.YG.MA.P3,0.01
Comoros,COM,2016,"Incidence of HIV, ages 15-24, male (per 1,000 uninfected male population ages 15-24)",SH.HIV.INCD.YG.MA.P3,0.01
Comoros,COM,2015,"Incidence of HIV, ages 15-24, male (per 1,000 uninfected male population ages 15-24)",SH.HIV.INCD.YG.MA.P3,0.01
Comoros,COM,2014,"Incidence of HIV, ages 15-24, male (per 1,000 uninfected male population ages 15-24)",SH.HIV.INCD.YG.MA.P3,0.01
Comoros,COM,2013,"Incidence of HIV, ages 15-24, male (per 1,000 uninfected male population ages 15-24)",SH.HIV.INCD.YG.MA.P3,0.01
Comoros,COM,2012,"Incidence of HIV, ages 15-24, male (per 1,000 uninfected male population ages 15-24)",SH.HIV.INCD.YG.MA.P3,0.02
Comoros,COM,2011,"Incidence of HIV, ages 15-24, male (per 1,000 uninfected male population ages 15-24)",SH.HIV.INCD.YG.MA.P3,0.02
Comoros,COM,2010,"Incidence of HIV, ages 15-24, male (per 1,000 uninfected male population ages 15-24)",SH.HIV.INCD.YG.MA.P3,0.02
Comoros,COM,2009,"Incidence of HIV, ages 15-24, male (per 1,000 uninfected male population ages 15-24)",SH.HIV.INCD.YG.MA.P3,0.02
Comoros,COM,2008,"Incidence of HIV, ages 15-24, male (per 1,000 uninfected male population ages 15-24)",SH.HIV.INCD.YG.MA.P3,0.03
Comoros,COM,2007,"Incidence of HIV, ages 15-24, male (per 1,000 uninfected male population ages 15-24)",SH.HIV.INCD.YG.MA.P3,0.03
Comoros,COM,2006,"Incidence of HIV, ages 15-24, male (per 1,000 uninfected male population ages 15-24)",SH.HIV.INCD.YG.MA.P3,0.03
Comoros,COM,2005,"Incidence of HIV, ages 15-24, male (per 1,000 uninfected male population ages 15-24)",SH.HIV.INCD.YG.MA.P3,0.03
Comoros,COM,2004,"Incidence of HIV, ages 15-24, male (per 1,000 uninfected male population ages 15-24)",SH.HIV.INCD.YG.MA.P3,0.03
Comoros,COM,2003,"Incidence of HIV, ages 15-24, male (per 1,000 uninfected male population ages 15-24)",SH.HIV.INCD.YG.MA.P3,0.03
Comoros,COM,2002,"Incidence of HIV, ages 15-24, male (per 1,000 uninfected male population ages 15-24)",SH.HIV.INCD.YG.MA.P3,0.03
Comoros,COM,2001,"Incidence of HIV, ages 15-24, male (per 1,000 uninfected male population ages 15-24)",SH.HIV.INCD.YG.MA.P3,0.03
Comoros,COM,2000,"Incidence of HIV, ages 15-24, male (per 1,000 uninfected male population ages 15-24)",SH.HIV.INCD.YG.MA.P3,0.03
Comoros,COM,1999,"Incidence of HIV, ages 15-24, male (per 1,000 uninfected male population ages 15-24)",SH.HIV.INCD.YG.MA.P3,0.02
Comoros,COM,1998,"Incidence of HIV, ages 15-24, male (per 1,000 uninfected male population ages 15-24)",SH.HIV.INCD.YG.MA.P3,0.02
Comoros,COM,1997,"Incidence of HIV, ages 15-24, male (per 1,000 uninfected male population ages 15-24)",SH.HIV.INCD.YG.MA.P3,0.02
Comoros,COM,1996,"Incidence of HIV, ages 15-24, male (per 1,000 uninfected male population ages 15-24)",SH.HIV.INCD.YG.MA.P3,0.02
Comoros,COM,1995,"Incidence of HIV, ages 15-24, male (per 1,000 uninfected male population ages 15-24)",SH.HIV.INCD.YG.MA.P3,0.02
Comoros,COM,1994,"Incidence of HIV, ages 15-24, male (per 1,000 uninfected male population ages 15-24)",SH.HIV.INCD.YG.MA.P3,0.02
Comoros,COM,1993,"Incidence of HIV, ages 15-24, male (per 1,000 uninfected male population ages 15-24)",SH.HIV.INCD.YG.MA.P3,0.02
Comoros,COM,1992,"Incidence of HIV, ages 15-24, male (per 1,000 uninfected male population ages 15-24)",SH.HIV.INCD.YG.MA.P3,0.02
Comoros,COM,1991,"Incidence of HIV, ages 15-24, male (per 1,000 uninfected male population ages 15-24)",SH.HIV.INCD.YG.MA.P3,0.02
Comoros,COM,1990,"Incidence of HIV, ages 15-24, male (per 1,000 uninfected male population ages 15-24)",SH.HIV.INCD.YG.MA.P3,0.02
